project_name,class_name,wmc,cbo,dit,lcom,rfc,noc,numberOfLinesOfCode,numberOfMethods,numberOfVersionsUntil,numberOfAuthorsUntil,linesAddedUntil,maxLinesAddedUntil,avgLinesAddedUntil,linesRemovedUntil,maxLinesRemovedUntil,avgLinesRemovedUntil,codeChurnUntil,maxCodeChurnUntil,avgCodeChurnUntil,ageWithRespectTo,weightedAgeWithRespectTo,defective
eclipse,org::eclipse::jdt::internal::core::search::indexing::IndexBinaryFolder,20.0,9,2,15,34.0,0,122.0,6.0,65,8,608.0,158.0,9.35385,566.0,158.0,8.70769,42.0,15.0,0.646154,350.571,63.0609,0
eclipse,org::eclipse::jdt::internal::compiler::codegen::CachedIndexEntry,1.0,1,1,0,1.0,0,4.0,1.0,2,2,10.0,10.0,5.0,0.0,0.0,0.0,10.0,10.0,5.0,117.714,0.0,0
eclipse,org::eclipse::jdt::internal::compiler::ast::ASTNode,176.0,114,1,190,156.0,6,484.0,20.0,120,12,1361.0,99.0,11.3417,768.0,77.0,6.4,593.0,66.0,4.94167,238.429,104.204,1
eclipse,org::eclipse::jdt::internal::compiler::lookup::MemberTypeBinding,12.0,5,6,10,18.0,0,33.0,5.0,28,5,138.0,39.0,4.92857,123.0,39.0,4.39286,15.0,23.0,0.535714,367.0,112.678,0
eclipse,org::eclipse::jdt::internal::eval::CodeSnippetParser,115.0,23,2,820,174.0,0,673.0,41.0,93,8,1870.0,684.0,20.1075,1881.0,692.0,20.2258,-11.0,18.0,-0.11828,367.0,54.9702,0
eclipse,org::eclipse::jdt::internal::formatter::Location,2.0,2,1,1,4.0,0,16.0,2.0,16,5,37.0,6.0,2.3125,17.0,6.0,1.0625,20.0,4.0,1.25,264.857,48.8224,0
eclipse,org::eclipse::jdt::core::dom::SingleMemberAnnotation,23.0,6,4,78,46.0,0,87.0,13.0,30,5,535.0,142.0,17.8333,74.0,13.0,2.46667,461.0,142.0,15.3667,226.0,3.2259,0
eclipse,org::eclipse::jdt::internal::compiler::parser::NLSTag,2.0,2,1,1,2.0,0,9.0,2.0,7,2,14.0,7.0,2.0,29.0,27.0,4.14286,-15.0,4.0,-2.14286,150.714,12.1531,0
eclipse,org::eclipse::jdt::internal::compiler::parser::RecoveredBlock,64.0,11,3,105,50.0,0,250.0,15.0,52,7,1075.0,343.0,20.6731,889.0,343.0,17.0962,186.0,68.0,3.57692,367.0,81.1875,0
eclipse,org::eclipse::jdt::internal::core::CompilationUnitElementInfo,3.0,4,3,6,5.0,1,9.0,4.0,23,6,122.0,42.0,5.30435,138.0,42.0,6.0,-16.0,16.0,-0.695652,367.0,84.4309,0
eclipse,org::eclipse::jdt::core::dom::MemberRef,25.0,6,2,105,51.0,0,95.0,15.0,25,5,228.0,82.0,9.12,61.0,8.0,2.44,167.0,74.0,6.68,229.714,10.4781,0
eclipse,org::eclipse::jdt::internal::core::util::Annotation,10.0,8,2,15,14.0,0,42.0,6.0,11,3,193.0,81.0,17.5455,12.0,4.0,1.09091,181.0,81.0,16.4545,222.857,13.1984,0
eclipse,org::eclipse::jdt::internal::codeassist::select::SelectionOnQualifiedNameReference,14.0,5,7,3,22.0,0,42.0,3.0,32,5,219.0,89.0,6.84375,207.0,89.0,6.46875,12.0,11.0,0.375,367.0,53.9478,0
eclipse,org::eclipse::jdt::internal::compiler::flow::LoopingFlowContext,93.0,12,3,78,125.0,0,387.0,13.0,52,5,991.0,226.0,19.0577,633.0,148.0,12.1731,358.0,161.0,6.88462,367.0,136.59,0
eclipse,org::eclipse::jdt::internal::core::util::KeyKind,19.0,1,2,136,18.0,0,53.0,17.0,13,4,91.0,31.0,7.0,49.0,14.0,3.76923,42.0,17.0,3.23077,175.0,35.4835,0
eclipse,org::eclipse::jdt::core::dom::ChildListPropertyDescriptor,4.0,4,2,3,4.0,0,14.0,3.0,9,4,11.0,5.0,1.22222,10.0,5.0,1.11111,1.0,1.0,0.111111,224.857,86.3117,0
eclipse,org::eclipse::jdt::internal::compiler::ast::TypeDeclaration,148.0,63,3,351,172.0,2,624.0,27.0,193,12,6571.0,1071.0,34.0466,6072.0,1123.0,31.4611,499.0,174.0,2.58549,367.0,111.711,1
eclipse,org::eclipse::jdt::core::dom::ASTRequestor,6.0,1,1,6,5.0,1,20.0,4.0,12,5,228.0,53.0,19.0,162.0,35.0,13.5,66.0,40.0,5.5,193.571,4.72807,0
eclipse,org::eclipse::jdt::internal::core::search::AbstractJavaSearchScope,0.0,1,2,1,2.0,2,0.0,2.0,1,1,0.0,0.0,0.0,0.0,0.0,0.0,0.0,0.0,0.0,7.85714,0.0,0
eclipse,org::eclipse::jdt::core::search::SearchPattern,276.0,36,2,190,244.0,2,1126.0,20.0,91,9,6880.0,1627.0,75.6044,5271.0,1359.0,57.9231,1609.0,583.0,17.6813,236.0,96.0161,1
eclipse,org::eclipse::jdt::core::jdom::DOMFactory,17.0,4,1,45,34.0,0,52.0,10.0,35,7,405.0,155.0,11.5714,409.0,155.0,11.6857,-4.0,12.0,-0.114286,367.0,46.4272,0
eclipse,org::eclipse::jdt::internal::core::util::SignatureAttribute,4.0,6,3,3,8.0,0,16.0,3.0,6,3,104.0,49.0,17.3333,6.0,4.0,1.0,98.0,49.0,16.3333,228.857,14.8173,0
eclipse,org::eclipse::jdt::internal::core::BinaryMember,29.0,18,6,91,61.0,3,127.0,14.0,43,6,409.0,105.0,9.51163,317.0,110.0,7.37209,92.0,79.0,2.13953,367.0,133.861,1
eclipse,org::eclipse::jdt::internal::compiler::ast::MessageSend,166.0,22,4,136,191.0,5,494.0,17.0,168,10,2126.0,307.0,12.6548,1719.0,307.0,10.2321,407.0,63.0,2.42262,367.0,129.876,1
eclipse,org::eclipse::jdt::internal::core::XMLWriter,1.0,2,2,0,2.0,0,3.0,1.0,20,7,115.0,14.0,5.75,175.0,94.0,8.75,-60.0,5.0,-3.0,244.571,99.8596,0
eclipse,org::eclipse::jdt::internal::compiler::parser::JavadocParser,212.0,27,2,210,171.0,4,795.0,21.0,92,9,2972.0,319.0,32.3043,3264.0,892.0,35.4783,-292.0,168.0,-3.17391,239.143,49.4217,1
eclipse,org::eclipse::jdt::internal::eval::CodeSnippetSingleNameReference,156.0,21,7,55,220.0,0,591.0,11.0,76,7,1763.0,600.0,23.1974,1852.0,600.0,24.3684,-89.0,43.0,-1.17105,367.0,81.0014,1
eclipse,org::eclipse::jdt::internal::compiler::parser::RecoveredInitializer,39.0,9,3,45,40.0,0,166.0,10.0,54,7,740.0,243.0,13.7037,669.0,243.0,12.3889,71.0,85.0,1.31481,367.0,94.1838,0
eclipse,org::eclipse::jdt::internal::core::util::WeakHashSetOfCharArray,37.0,3,1,45,40.0,0,144.0,10.0,4,4,18.0,17.0,4.5,7.0,6.0,1.75,11.0,11.0,2.75,141.714,23.2937,0
eclipse,org::eclipse::jdt::internal::compiler::ast::Expression,234.0,108,3,528,281.0,15,760.0,33.0,149,11,5262.0,483.0,35.3154,4660.0,483.0,31.2752,602.0,226.0,4.04027,367.0,148.462,0
eclipse,org::eclipse::jdt::internal::compiler::classfmt::MethodInfoWithAnnotations,13.0,5,3,10,12.0,1,35.0,5.0,2,2,1.0,1.0,0.5,1.0,1.0,0.5,0.0,0.0,0.0,127.0,69.2857,0
eclipse,org::eclipse::jdt::internal::core::util::ConstantPool,15.0,3,2,10,55.0,0,72.0,5.0,10,3,60.0,32.0,6.0,61.0,33.0,6.1,-1.0,0.0,-0.1,322.714,97.4809,0
eclipse,org::eclipse::jdt::internal::compiler::ast::ArrayTypeReference,12.0,7,6,15,17.0,2,52.0,6.0,47,5,320.0,52.0,6.80851,262.0,52.0,5.57447,58.0,20.0,1.23404,367.0,92.4138,0
eclipse,org::eclipse::jdt::internal::compiler::impl::IntConstant,27.0,5,2,66,14.0,0,55.0,12.0,37,6,284.0,64.0,7.67568,258.0,64.0,6.97297,26.0,22.0,0.702703,367.0,81.749,0
eclipse,org::eclipse::jdt::internal::core::search::matching::SuperTypeReferencePattern,53.0,7,4,28,47.0,0,214.0,8.0,82,8,2577.0,325.0,31.4268,2733.0,325.0,33.3293,-156.0,81.0,-1.90244,367.0,77.5985,1
eclipse,org::eclipse::jdt::internal::codeassist::complete::CompletionOnQualifiedAllocationExpression,11.0,5,6,3,17.0,0,32.0,3.0,29,5,184.0,69.0,6.34483,185.0,69.0,6.37931,-1.0,6.0,-0.0344828,367.0,49.3261,0
eclipse,org::eclipse::jdt::core::dom::SuperFieldAccess,25.0,5,3,105,51.0,0,96.0,15.0,39,7,465.0,167.0,11.9231,264.0,167.0,6.76923,201.0,74.0,5.15385,333.143,70.569,0
eclipse,org::eclipse::jdt::internal::core::ExternalPackageFragmentRoot,20.0,6,5,78,22.0,0,56.0,13.0,7,1,23.0,11.0,3.28571,6.0,4.0,0.857143,17.0,10.0,2.42857,16.0,2.03106,0
eclipse,org::eclipse::jdt::internal::compiler::lookup::MethodScope,110.0,55,3,105,93.0,0,378.0,15.0,89,9,2001.0,399.0,22.4831,1889.0,399.0,21.2247,112.0,117.0,1.25843,367.0,118.103,1
eclipse,org::eclipse::jdt::internal::compiler::CompilationResult,72.0,31,1,190,72.0,0,245.0,20.0,81,9,1835.0,349.0,22.6543,1569.0,379.0,19.3704,266.0,79.0,3.28395,367.0,130.299,1
eclipse,org::eclipse::jdt::internal::core::util::KeyToSignature,56.0,5,2,300,130.0,0,258.0,25.0,32,4,413.0,92.0,12.9062,122.0,26.0,3.8125,291.0,80.0,9.09375,175.714,24.9862,0
eclipse,org::eclipse::jdt::internal::core::jdom::DOMType,94.0,14,4,703,162.0,0,419.0,38.0,58,7,1851.0,721.0,31.9138,1730.0,721.0,29.8276,121.0,77.0,2.08621,367.0,49.3741,0
eclipse,org::eclipse::jdt::internal::compiler::ast::ForStatement,91.0,11,3,15,106.0,0,343.0,6.0,86,8,1629.0,335.0,18.9419,1535.0,335.0,17.8488,94.0,65.0,1.09302,367.0,76.4774,0
eclipse,org::eclipse::jdt::internal::compiler::lookup::MissingTypeBinding,7.0,3,5,10,12.0,0,34.0,5.0,2,2,1.0,1.0,0.5,1.0,1.0,0.5,0.0,0.0,0.0,16.5714,13.5714,0
eclipse,org::eclipse::jdt::internal::compiler::ast::TrueLiteral,11.0,3,6,21,14.0,0,39.0,7.0,24,4,167.0,70.0,6.95833,174.0,70.0,7.25,-7.0,8.0,-0.291667,367.0,66.3601,0
eclipse,org::eclipse::jdt::internal::codeassist::complete::CompletionOnKeyword3,6.0,1,7,15,10.0,0,21.0,6.0,11,6,21.0,4.0,1.90909,17.0,4.0,1.54545,4.0,3.0,0.363636,282.0,82.7755,0
eclipse,org::eclipse::jdt::internal::formatter::FormatJavadocText,68.0,6,2,136,54.0,0,197.0,17.0,7,2,139.0,75.0,19.8571,28.0,13.0,4.0,111.0,63.0,15.8571,9.14286,1.58068,0
eclipse,org::eclipse::jdt::internal::core::ImportDeclarationElementInfo,0.0,1,4,0,1.0,0,0.0,1.0,10,6,16.0,5.0,1.6,28.0,18.0,2.8,-12.0,5.0,-1.2,271.0,86.4107,0
eclipse,org::eclipse::jdt::internal::formatter::comment::SubstitutionTextReader,21.0,5,1,55,29.0,2,81.0,11.0,7,1,12.0,4.0,1.71429,10.0,4.0,1.42857,2.0,2.0,0.285714,168.857,93.3452,0
eclipse,org::eclipse::jdt::internal::compiler::ast::NormalAnnotation,16.0,6,5,10,13.0,1,45.0,5.0,18,6,211.0,84.0,11.7222,53.0,14.0,2.94444,158.0,84.0,8.77778,222.714,21.6087,0
eclipse,org::eclipse::jdt::internal::compiler::lookup::SourceTypeBinding,456.0,55,4,1275,446.0,1,1461.0,51.0,224,12,6579.0,1041.0,29.3705,5717.0,1041.0,25.5223,862.0,146.0,3.84821,367.0,115.991,1
eclipse,org::eclipse::jdt::internal::core::SetContainerOperation,36.0,14,3,15,51.0,0,167.0,6.0,10,2,86.0,60.0,8.6,62.0,51.0,6.2,24.0,9.0,2.4,105.0,22.3239,0
eclipse,org::eclipse::jdt::internal::compiler::lookup::AnnotationBinding,53.0,13,1,45,53.0,1,151.0,10.0,12,5,233.0,165.0,19.4167,78.0,34.0,6.5,155.0,131.0,12.9167,184.714,78.8087,0
eclipse,org::eclipse::jdt::internal::core::LRUCacheEnumerator,3.0,1,1,3,3.0,0,11.0,3.0,15,5,121.0,69.0,8.06667,119.0,69.0,7.93333,2.0,6.0,0.133333,367.0,68.9906,0
eclipse,org::eclipse::jdt::internal::core::JavaModelInfo,8.0,3,3,3,7.0,0,27.0,3.0,27,5,152.0,42.0,5.62963,182.0,32.0,6.74074,-30.0,41.0,-1.11111,367.0,62.4445,0
eclipse,org::eclipse::jdt::core::dom::MethodDeclaration,81.0,15,3,595,156.0,0,319.0,35.0,73,8,2096.0,439.0,28.7123,1160.0,439.0,15.8904,936.0,282.0,12.8219,333.143,84.0883,0
eclipse,org::eclipse::jdt::internal::core::search::matching::AndPattern,15.0,2,5,10,10.0,0,50.0,5.0,50,8,574.0,115.0,11.48,707.0,115.0,14.14,-133.0,14.0,-2.66,367.0,119.907,1
eclipse,org::eclipse::jdt::internal::eval::CodeSnippetSuperReference,8.0,3,7,28,10.0,0,25.0,8.0,26,6,112.0,54.0,4.30769,89.0,54.0,3.42308,23.0,7.0,0.884615,355.714,79.8367,0
eclipse,org::eclipse::jdt::internal::core::search::matching::OrPattern,25.0,8,3,28,24.0,0,69.0,8.0,60,7,986.0,170.0,16.4333,1102.0,170.0,18.3667,-116.0,35.0,-1.93333,367.0,74.1623,1
eclipse,org::eclipse::jdt::internal::core::util::HashSetOfArray,31.0,5,1,36,30.0,0,109.0,9.0,3,1,149.0,149.0,49.6667,149.0,149.0,49.6667,0.0,149.0,0.0,60.0,1.28571,0
eclipse,org::eclipse::jdt::internal::core::util::ClassFileStruct,21.0,35,1,55,16.0,16,85.0,11.0,14,5,53.0,9.0,3.78571,61.0,9.0,4.35714,-8.0,0.0,-0.571429,322.714,68.9003,0
eclipse,org::eclipse::jdt::internal::codeassist::select::SelectionOnSingleTypeReference,11.0,7,6,10,24.0,0,35.0,5.0,37,6,177.0,65.0,4.78378,167.0,65.0,4.51351,10.0,11.0,0.27027,367.0,82.0153,0
eclipse,org::eclipse::jdt::internal::compiler::env::AccessRuleSet,22.0,16,1,10,18.0,0,62.0,5.0,16,4,151.0,30.0,9.4375,109.0,31.0,6.8125,42.0,19.0,2.625,169.143,46.8515,0
eclipse,org::eclipse::jdt::internal::core::search::indexing::IndexAllProject,30.0,13,2,15,58.0,0,207.0,6.0,110,9,1350.0,176.0,12.2727,1190.0,176.0,10.8182,160.0,30.0,1.45455,367.0,92.3705,0
eclipse,org::eclipse::jdt::internal::compiler::codegen::ObjectCache,25.0,3,1,36,24.0,0,83.0,9.0,31,6,571.0,152.0,18.4194,578.0,152.0,18.6452,-7.0,6.0,-0.225806,367.0,61.5161,0
eclipse,org::eclipse::jdt::internal::core::util::ClassFileAttribute,5.0,7,2,6,10.0,17,18.0,4.0,10,3,29.0,9.0,2.9,30.0,10.0,3.0,-1.0,0.0,-0.1,322.714,50.9852,0
eclipse,org::eclipse::jdt::internal::compiler::ast::ForeachStatement,84.0,19,3,15,172.0,0,451.0,6.0,84,8,2092.0,395.0,24.9048,1163.0,62.0,13.8452,929.0,395.0,11.0595,223.429,46.9666,1
eclipse,org::eclipse::jdt::core::dom::NodeEventHandler,11.0,1,1,55,11.0,1,43.0,11.0,14,4,279.0,92.0,19.9286,43.0,10.0,3.07143,236.0,88.0,16.8571,224.857,8.69329,0
eclipse,org::eclipse::jdt::internal::eval::CodeSnippetClassFile,29.0,13,2,1,42.0,0,166.0,2.0,61,8,667.0,241.0,10.9344,705.0,241.0,11.5574,-38.0,5.0,-0.622951,367.0,79.6989,1
eclipse,org::eclipse::jdt::internal::compiler::flow::FinallyFlowContext,63.0,8,2,28,85.0,0,264.0,8.0,36,5,842.0,188.0,23.3889,593.0,97.0,16.4722,249.0,123.0,6.91667,367.0,157.823,0
eclipse,org::eclipse::jdt::internal::compiler::SourceJavadocParser,49.0,6,3,6,24.0,0,107.0,4.0,13,4,74.0,29.0,5.69231,50.0,29.0,3.84615,24.0,29.0,1.84615,139.714,13.749,0
eclipse,org::eclipse::jdt::internal::compiler::lookup::UnresolvedReferenceBinding,18.0,11,4,15,18.0,0,64.0,6.0,50,8,271.0,42.0,5.42,217.0,42.0,4.34,54.0,27.0,1.08,367.0,128.633,0
eclipse,org::eclipse::jdt::internal::core::CreateImportOperation,20.0,17,3,21,49.0,0,83.0,7.0,49,7,405.0,136.0,8.26531,338.0,136.0,6.89796,67.0,17.0,1.36735,367.0,104.855,0
eclipse,org::eclipse::jdt::internal::core::builder::ReferenceCollection,48.0,8,1,10,37.0,1,140.0,5.0,28,7,407.0,225.0,14.5357,365.0,225.0,13.0357,42.0,32.0,1.5,329.0,74.1846,1
eclipse,org::eclipse::jdt::internal::compiler::ast::InstanceOfExpression,18.0,8,5,21,39.0,0,70.0,7.0,74,8,1181.0,247.0,15.9595,1310.0,247.0,17.7027,-129.0,33.0,-1.74324,367.0,74.9741,1
eclipse,org::eclipse::jdt::core::dom::NodeSearcher,4.0,1,2,1,2.0,0,11.0,2.0,9,4,17.0,4.0,1.88889,21.0,6.0,2.33333,-4.0,0.0,-0.444444,256.571,48.3193,0
eclipse,org::eclipse::jdt::internal::core::util::AnnotationComponent,7.0,5,2,10,12.0,0,27.0,5.0,6,3,148.0,71.0,24.6667,6.0,4.0,1.0,142.0,71.0,23.6667,222.857,10.582,0
eclipse,org::eclipse::jdt::core::dom::BreakStatement,16.0,4,3,66,35.0,0,59.0,12.0,34,7,316.0,123.0,9.29412,181.0,123.0,5.32353,135.0,60.0,3.97059,333.143,70.9878,0
eclipse,org::eclipse::jdt::internal::core::ASTHolderCUInfo,0.0,1,4,0,1.0,0,0.0,1.0,13,7,52.0,17.0,4.0,7.0,4.0,0.538462,45.0,17.0,3.46154,226.571,29.2555,0
eclipse,org::eclipse::jdt::internal::codeassist::complete::CompletionOnMethodReturnType,3.0,2,4,3,5.0,0,12.0,3.0,11,5,18.0,5.0,1.63636,21.0,5.0,1.90909,-3.0,0.0,-0.272727,319.714,89.1905,0
eclipse,org::eclipse::jdt::internal::compiler::ast::ImportReference,10.0,20,2,10,10.0,5,35.0,5.0,44,6,292.0,61.0,6.63636,271.0,61.0,6.15909,21.0,16.0,0.477273,367.0,78.2143,0
eclipse,org::eclipse::jdt::internal::core::builder::ClasspathJar,34.0,11,2,45,51.0,0,108.0,10.0,41,8,535.0,87.0,13.0488,363.0,87.0,8.85366,172.0,41.0,4.19512,329.0,80.2275,0
eclipse,org::eclipse::jdt::internal::eval::VariablesInfo,7.0,3,1,3,5.0,0,25.0,3.0,18,4,134.0,64.0,7.44444,136.0,64.0,7.55556,-2.0,5.0,-0.111111,367.0,53.8454,0
eclipse,org::eclipse::jdt::internal::core::DeleteResourceElementsOperation,30.0,9,3,10,34.0,0,90.0,5.0,52,7,355.0,130.0,6.82692,355.0,130.0,6.82692,0.0,10.0,0.0,367.0,51.1952,0
eclipse,org::eclipse::jdt::internal::core::InternalNamingConventions,80.0,11,1,55,89.0,0,377.0,11.0,24,7,267.0,108.0,11.125,124.0,44.0,5.16667,143.0,64.0,5.95833,278.571,145.973,1
eclipse,org::eclipse::jdt::internal::core::search::IndexQueryRequestor,0.0,6,1,1,2.0,5,0.0,2.0,9,5,12.0,4.0,1.33333,11.0,4.0,1.22222,1.0,1.0,0.111111,236.0,61.1071,0
eclipse,org::eclipse::jdt::internal::compiler::flow::SwitchFlowContext,6.0,4,2,10,13.0,2,23.0,5.0,42,6,254.0,53.0,6.04762,255.0,53.0,6.07143,-1.0,5.0,-0.0238095,367.0,84.9809,0
eclipse,org::eclipse::jdt::core::dom::LineComment,9.0,4,3,36,19.0,0,31.0,9.0,19,5,101.0,37.0,5.31579,22.0,4.0,1.15789,79.0,37.0,4.15789,229.714,16.587,0
eclipse,org::eclipse::jdt::internal::compiler::ast::JavadocSingleNameReference,8.0,6,7,3,12.0,2,30.0,3.0,17,6,80.0,15.0,4.70588,37.0,6.0,2.17647,43.0,9.0,2.52941,239.143,49.5089,0
eclipse,org::eclipse::jdt::internal::compiler::ast::SubRoutineStatement,11.0,9,3,28,14.0,2,31.0,8.0,19,5,70.0,23.0,3.68421,89.0,23.0,4.68421,-19.0,11.0,-1.0,270.143,145.004,0
eclipse,org::eclipse::jdt::internal::compiler::ProcessTaskManager,25.0,5,1,10,28.0,0,140.0,5.0,7,1,94.0,34.0,13.4286,73.0,26.0,10.4286,21.0,11.0,3.0,9.57143,3.71581,0
eclipse,org::eclipse::jdt::core::dom::SwitchStatement,22.0,6,3,91,48.0,0,86.0,14.0,39,8,431.0,164.0,11.0513,258.0,164.0,6.61538,173.0,74.0,4.4359,333.143,72.3752,0
eclipse,org::eclipse::jdt::internal::core::search::matching::SuperTypeReferenceLocator,25.0,4,2,21,18.0,0,67.0,7.0,22,8,105.0,23.0,4.77273,66.0,23.0,3.0,39.0,19.0,1.77273,248.571,69.2898,1
eclipse,org::eclipse::jdt::internal::core::SourceMethod,57.0,20,6,378,126.0,1,222.0,28.0,84,8,919.0,251.0,10.9405,803.0,251.0,9.55952,116.0,18.0,1.38095,367.0,87.5335,0
eclipse,org::eclipse::jdt::internal::core::hierarchy::IndexBasedHierarchyBuilder,56.0,28,2,36,149.0,0,423.0,9.0,132,8,2132.0,535.0,16.1515,2129.0,535.0,16.1288,3.0,39.0,0.0227273,367.0,74.4663,0
eclipse,org::eclipse::jdt::internal::core::util::CommentRecorderScanner,3.0,2,2,1,3.0,0,10.0,2.0,8,4,12.0,4.0,1.5,10.0,4.0,1.25,2.0,1.0,0.25,228.143,40.2857,1
eclipse,org::eclipse::jdt::internal::core::util::StackMapAttribute,7.0,4,3,6,9.0,0,33.0,4.0,5,2,144.0,82.0,28.8,1.0,1.0,0.2,143.0,82.0,28.6,228.857,59.0307,0
eclipse,org::eclipse::jdt::core::dom::SuperMethodInvocation,38.0,6,3,171,72.0,0,136.0,19.0,45,7,813.0,187.0,18.0667,414.0,187.0,9.2,399.0,93.0,8.86667,333.143,98.4973,0
eclipse,org::eclipse::jdt::internal::codeassist::complete::CompletionOnExplicitConstructorCall,14.0,6,4,3,18.0,0,41.0,3.0,28,5,265.0,76.0,9.46429,256.0,76.0,9.14286,9.0,6.0,0.321429,367.0,52.4016,0
eclipse,org::eclipse::jdt::internal::formatter::old::CodeFormatter,24.0,6,1,1,38.0,0,131.0,2.0,19,6,317.0,121.0,16.6842,312.0,120.0,16.4211,5.0,18.0,0.263158,229.857,51.1739,0
eclipse,org::eclipse::jdt::internal::compiler::lookup::CaptureBinding,47.0,8,5,45,70.0,0,210.0,10.0,33,4,397.0,54.0,12.0303,280.0,53.0,8.48485,117.0,53.0,3.54545,164.714,42.6312,0
eclipse,org::eclipse::jdt::internal::compiler::lookup::ParameterizedMethodBinding,6.0,7,3,10,13.0,1,34.0,5.0,49,9,630.0,89.0,12.8571,197.0,43.0,4.02041,433.0,89.0,8.83673,224.143,62.839,0
eclipse,org::eclipse::jdt::internal::compiler::ast::FieldDeclaration,87.0,38,4,28,105.0,5,241.0,8.0,121,10,1517.0,223.0,12.5372,1385.0,237.0,11.4463,132.0,39.0,1.09091,367.0,130.518,0
eclipse,org::eclipse::jdt::internal::compiler::lookup::InferenceContext,31.0,6,1,15,34.0,0,116.0,6.0,5,2,26.0,11.0,5.2,10.0,4.0,2.0,16.0,7.0,3.2,103.286,51.945,0
eclipse,org::eclipse::jdt::core::dom::AssertStatement,24.0,5,3,91,49.0,0,98.0,14.0,38,7,453.0,172.0,11.9211,269.0,172.0,7.07895,184.0,77.0,4.84211,333.143,69.9451,0
eclipse,org::eclipse::jdt::internal::core::search::matching::PackageDeclarationPattern,4.0,2,4,3,7.0,0,17.0,3.0,49,7,497.0,97.0,10.1429,583.0,97.0,11.898,-86.0,19.0,-1.7551,367.0,51.8896,1
eclipse,org::eclipse::jdt::core::dom::InternalASTRewrite,35.0,12,2,105,88.0,0,163.0,15.0,15,7,86.0,17.0,5.73333,52.0,11.0,3.46667,34.0,15.0,2.26667,221.0,46.3405,0
eclipse,org::eclipse::jdt::internal::compiler::classfmt::ClassFileReader,246.0,22,3,630,210.0,0,724.0,36.0,111,9,5118.0,788.0,46.1081,5065.0,788.0,45.6306,53.0,279.0,0.477477,367.0,80.9683,0
eclipse,org::eclipse::jdt::internal::core::search::JavaSearchParticipant,12.0,10,2,28,25.0,0,46.0,8.0,21,7,52.0,15.0,2.47619,227.0,82.0,10.8095,-175.0,2.0,-8.33333,236.0,27.4478,0
eclipse,org::eclipse::jdt::internal::core::ImportContainer,22.0,11,4,55,34.0,1,63.0,11.0,44,8,286.0,82.0,6.5,252.0,82.0,5.72727,34.0,21.0,0.772727,367.0,62.7033,0
eclipse,org::eclipse::jdt::core::dom::TypeParameter,23.0,6,2,105,50.0,0,91.0,15.0,36,7,597.0,165.0,16.5833,87.0,12.0,2.41667,510.0,165.0,14.1667,239.571,13.5219,0
eclipse,org::eclipse::jdt::internal::compiler::env::NameEnvironmentAnswer,14.0,8,1,45,12.0,0,34.0,10.0,30,6,929.0,78.0,30.9667,902.0,78.0,30.0667,27.0,16.0,0.9,367.0,30.1708,0
eclipse,org::eclipse::jdt::core::CompletionContext,31.0,3,2,120,43.0,0,123.0,16.0,18,4,599.0,151.0,33.2778,51.0,24.0,2.83333,548.0,151.0,30.4444,169.857,73.1803,1
eclipse,org::eclipse::jdt::internal::core::index::EntryResult,19.0,7,1,15,16.0,0,56.0,6.0,19,7,240.0,46.0,12.6316,215.0,44.0,11.3158,25.0,10.0,1.31579,234.571,21.7625,0
eclipse,org::eclipse::jdt::internal::compiler::problem::AbortCompilation,5.0,13,1,1,11.0,1,14.0,2.0,26,7,207.0,50.0,7.96154,164.0,50.0,6.30769,43.0,14.0,1.65385,367.0,104.823,0
eclipse,org::eclipse::jdt::core::dom::SynchronizedStatement,27.0,6,3,91,54.0,0,106.0,14.0,38,7,484.0,172.0,12.7368,296.0,172.0,7.78947,188.0,73.0,4.94737,333.143,72.0003,0
eclipse,org::eclipse::jdt::core::dom::DefaultCommentMapper,102.0,6,1,78,67.0,0,393.0,13.0,45,8,1727.0,444.0,38.3778,722.0,107.0,16.0444,1005.0,430.0,22.3333,229.0,25.5065,0
eclipse,org::eclipse::jdt::internal::core::util::EnclosingMethodAttribute,13.0,4,3,28,23.0,0,50.0,8.0,9,3,234.0,103.0,26.0,26.0,15.0,2.88889,208.0,103.0,23.1111,228.857,15.5336,0
eclipse,org::eclipse::jdt::internal::compiler::ast::ArrayInitializer,56.0,16,4,15,75.0,0,195.0,6.0,72,7,873.0,188.0,12.125,818.0,188.0,11.3611,55.0,14.0,0.763889,367.0,101.333,0
eclipse,org::eclipse::jdt::internal::codeassist::complete::CompletionOnMemberValueName,2.0,1,3,1,5.0,0,9.0,2.0,1,1,0.0,0.0,0.0,0.0,0.0,0.0,0.0,0.0,0.0,172.714,0.0,0
eclipse,org::eclipse::jdt::internal::compiler::impl::ShortConstant,12.0,3,2,66,14.0,0,37.0,12.0,35,6,177.0,54.0,5.05714,201.0,54.0,5.74286,-24.0,5.0,-0.685714,367.0,57.4762,0
eclipse,org::eclipse::jdt::internal::core::search::matching::OrLocator,44.0,5,2,36,30.0,0,124.0,9.0,27,8,317.0,98.0,11.7407,91.0,35.0,3.37037,226.0,63.0,8.37037,248.571,58.6223,0
eclipse,org::eclipse::jdt::internal::core::OpenableElementInfo,2.0,3,2,3,3.0,6,6.0,3.0,17,5,66.0,23.0,3.88235,41.0,17.0,2.41176,25.0,22.0,1.47059,367.0,118.11,0
eclipse,org::eclipse::jdt::internal::compiler::ast::IntLiteralMinValue,2.0,0,7,1,2.0,0,7.0,2.0,16,4,79.0,27.0,4.9375,81.0,27.0,5.0625,-2.0,6.0,-0.125,367.0,74.094,0
eclipse,org::eclipse::jdt::internal::core::search::matching::AndLocator,25.0,1,2,21,17.0,0,74.0,7.0,3,2,3.0,2.0,1.0,3.0,2.0,1.0,0.0,0.0,0.0,49.8571,40.6667,0
eclipse,org::eclipse::jdt::internal::compiler::codegen::CharArrayCache,36.0,4,1,55,33.0,0,118.0,11.0,34,7,553.0,184.0,16.2647,514.0,184.0,15.1176,39.0,25.0,1.14706,367.0,78.5451,0
eclipse,org::eclipse::jdt::internal::core::search::matching::MethodLocator,175.0,26,2,190,176.0,0,526.0,20.0,107,9,1707.0,139.0,15.9533,863.0,70.0,8.06542,844.0,119.0,7.88785,248.571,94.0384,1
eclipse,org::eclipse::jdt::core::BufferChangedEvent,5.0,2,1,10,5.0,0,18.0,5.0,22,4,192.0,109.0,8.72727,185.0,109.0,8.40909,7.0,5.0,0.318182,367.0,58.026,0
eclipse,org::eclipse::jdt::internal::core::NullBuffer,1.0,1,2,0,1.0,0,3.0,1.0,2,1,2.0,2.0,1.0,3.0,3.0,1.5,-1.0,0.0,-0.5,57.8571,0.0,0
eclipse,org::eclipse::jdt::core::dom::ReturnStatement,16.0,3,3,66,35.0,0,60.0,12.0,34,7,316.0,122.0,9.29412,183.0,122.0,5.38235,133.0,59.0,3.91176,333.143,70.3734,0
eclipse,org::eclipse::jdt::internal::core::CopyPackageFragmentRootOperation,46.0,15,2,15,104.0,1,223.0,6.0,35,7,215.0,50.0,6.14286,148.0,46.0,4.22857,67.0,41.0,1.91429,281.143,35.0671,1
eclipse,org::eclipse::jdt::internal::core::MultiOperation,56.0,18,2,136,81.0,4,165.0,17.0,28,7,981.0,334.0,35.0357,1039.0,334.0,37.1071,-58.0,12.0,-2.07143,367.0,59.3,0
eclipse,org::eclipse::jdt::internal::core::ProjectReferenceChange,12.0,5,1,3,12.0,0,77.0,3.0,8,2,132.0,62.0,16.5,104.0,50.0,13.0,28.0,12.0,3.5,105.0,81.7056,1
eclipse,org::eclipse::jdt::internal::compiler::ast::QualifiedSuperReference,10.0,7,7,15,17.0,1,38.0,6.0,38,5,239.0,58.0,6.28947,226.0,58.0,5.94737,13.0,9.0,0.342105,367.0,67.2791,1
eclipse,org::eclipse::jdt::internal::core::search::processing::JobManager,93.0,15,1,120,122.0,1,383.0,16.0,116,8,1922.0,368.0,16.569,1691.0,368.0,14.5776,231.0,29.0,1.99138,367.0,76.0182,0
eclipse,org::eclipse::jdt::internal::core::search::matching::MemberDeclarationVisitor,39.0,6,2,21,23.0,0,142.0,7.0,1,1,0.0,0.0,0.0,0.0,0.0,0.0,0.0,0.0,0.0,12.2857,0.0,0
eclipse,org::eclipse::jdt::core::dom::SimpleName,32.0,62,4,105,47.0,0,124.0,15.0,58,8,673.0,206.0,11.6034,476.0,206.0,8.2069,197.0,49.0,3.39655,333.143,65.2539,0
eclipse,org::eclipse::jdt::internal::eval::CodeSnippetToCuMapper,24.0,4,1,21,32.0,0,233.0,7.0,76,8,1158.0,300.0,15.2368,1252.0,370.0,16.4737,-94.0,23.0,-1.23684,367.0,66.1541,0
eclipse,org::eclipse::jdt::internal::core::builder::JavaBuilder,196.0,25,1,465,319.0,0,661.0,31.0,167,11,2144.0,515.0,12.8383,1636.0,515.0,9.79641,508.0,47.0,3.04192,329.0,77.0235,0
eclipse,org::eclipse::jdt::core::dom::AnnotationTypeDeclaration,26.0,7,4,136,57.0,0,98.0,17.0,27,5,629.0,146.0,23.2963,80.0,12.0,2.96296,549.0,146.0,20.3333,226.0,3.16489,0
eclipse,org::eclipse::jdt::internal::compiler::util::SimpleNameVector,18.0,3,1,45,20.0,0,64.0,10.0,29,4,280.0,93.0,9.65517,256.0,93.0,8.82759,24.0,25.0,0.827586,367.0,34.4097,0
eclipse,org::eclipse::jdt::internal::core::SearchableEnvironment,38.0,17,1,66,54.0,1,144.0,12.0,90,8,4337.0,329.0,48.1889,4198.0,329.0,46.6444,139.0,101.0,1.54444,367.0,36.5847,1
eclipse,org::eclipse::jdt::core::dom::LabeledStatement,27.0,6,3,91,53.0,0,107.0,14.0,38,7,493.0,173.0,12.9737,285.0,173.0,7.5,208.0,75.0,5.47368,333.143,73.2634,0
eclipse,org::eclipse::jdt::internal::core::search::AbstractSearchScope,4.0,1,1,10,5.0,2,12.0,5.0,21,5,147.0,54.0,7.0,139.0,54.0,6.61905,8.0,31.0,0.380952,367.0,56.1244,0
eclipse,org::eclipse::jdt::internal::core::hierarchy::HierarchyBuilder,51.0,22,1,55,89.0,2,242.0,11.0,82,7,1665.0,441.0,20.3049,1510.0,441.0,18.4146,155.0,135.0,1.89024,367.0,71.0099,0
eclipse,org::eclipse::jdt::internal::compiler::ast::Argument,38.0,23,5,28,56.0,2,132.0,8.0,80,8,620.0,91.0,7.75,506.0,91.0,6.325,114.0,15.0,1.425,367.0,106.514,0
eclipse,org::eclipse::jdt::internal::codeassist::MissingTypesGuesser,32.0,10,2,36,44.0,0,186.0,9.0,4,2,11.0,8.0,2.75,11.0,8.0,2.75,0.0,0.0,0.0,87.7143,8.35065,0
eclipse,org::eclipse::jdt::internal::core::util::JavaElementFinder,26.0,9,2,66,54.0,0,89.0,12.0,1,1,0.0,0.0,0.0,0.0,0.0,0.0,0.0,0.0,0.0,29.0,0.0,0
eclipse,org::eclipse::jdt::internal::compiler::flow::ConditionalFlowInfo,43.0,2,2,496,68.0,0,145.0,32.0,33,5,798.0,141.0,24.1818,730.0,127.0,22.1212,68.0,72.0,2.06061,367.0,112.254,0
eclipse,org::eclipse::jdt::internal::core::search::JavaWorkspaceScope,40.0,12,3,36,60.0,0,155.0,9.0,47,9,502.0,140.0,10.6809,300.0,140.0,6.38298,202.0,71.0,4.29787,367.0,154.785,0
eclipse,org::eclipse::jdt::internal::core::MoveResourceElementsOperation,3.0,1,4,3,3.0,1,9.0,3.0,28,5,104.0,44.0,3.71429,103.0,44.0,3.67857,1.0,6.0,0.0357143,367.0,59.0316,0
eclipse,org::eclipse::jdt::internal::core::BatchInitializationMonitor,18.0,1,1,45,27.0,0,55.0,10.0,1,1,0.0,0.0,0.0,0.0,0.0,0.0,0.0,0.0,0.0,35.7143,0.0,0
eclipse,org::eclipse::jdt::internal::compiler::util::Util,120.0,61,1,171,143.0,0,513.0,19.0,87,7,3123.0,378.0,35.8966,2127.0,378.0,24.4483,996.0,216.0,11.4483,363.857,109.912,1
eclipse,org::eclipse::jdt::internal::core::CancelableProblemFactory,4.0,1,2,1,6.0,0,9.0,2.0,7,4,19.0,7.0,2.71429,13.0,5.0,1.85714,6.0,6.0,0.857143,191.571,95.6842,0
eclipse,org::eclipse::jdt::internal::core::LocalVariable,55.0,20,4,300,78.0,0,222.0,25.0,35,8,219.0,110.0,6.25714,49.0,7.0,1.4,170.0,106.0,4.85714,243.857,141.279,1
eclipse,org::eclipse::jdt::internal::compiler::ast::MethodDeclaration,69.0,21,3,28,59.0,4,198.0,8.0,84,6,857.0,102.0,10.2024,680.0,102.0,8.09524,177.0,59.0,2.10714,367.0,122.828,1
eclipse,org::eclipse::jdt::internal::core::ResolvedBinaryType,7.0,5,8,15,11.0,0,26.0,6.0,8,3,28.0,7.0,3.5,18.0,5.0,2.25,10.0,6.0,1.25,175.0,34.1888,0
eclipse,org::eclipse::jdt::internal::compiler::lookup::InnerEmulationDependency,1.0,1,1,0,1.0,0,4.0,1.0,17,4,68.0,23.0,4.0,68.0,23.0,4.0,0.0,6.0,0.0,367.0,61.6723,0
eclipse,org::eclipse::jdt::internal::core::CreateTypeOperation,16.0,11,4,28,35.0,0,62.0,8.0,41,7,337.0,105.0,8.21951,316.0,105.0,7.70732,21.0,15.0,0.512195,367.0,80.2128,0
eclipse,org::eclipse::jdt::internal::core::hierarchy::RegionBasedHierarchyBuilder,31.0,12,2,21,61.0,0,156.0,7.0,37,5,1295.0,285.0,35.0,1325.0,285.0,35.8108,-30.0,43.0,-0.810811,367.0,63.2596,0
eclipse,org::eclipse::jdt::internal::core::util::PublicScanner,1169.0,9,1,1225,374.0,0,3449.0,50.0,135,9,5002.0,649.0,37.0519,4154.0,634.0,30.7704,848.0,269.0,6.28148,288.143,96.7068,0
eclipse,org::eclipse::jdt::internal::compiler::ast::Block,30.0,16,3,45,32.0,0,97.0,10.0,51,5,809.0,159.0,15.8627,805.0,159.0,15.7843,4.0,13.0,0.0784314,367.0,44.356,0
eclipse,org::eclipse::jdt::internal::core::search::matching::MatchLocator,419.0,102,1,1431,572.0,0,1531.0,54.0,381,9,19905.0,1343.0,52.2441,16702.0,1343.0,43.8373,3203.0,240.0,8.40682,367.0,76.8359,1
eclipse,org::eclipse::jdt::internal::compiler::ast::ExplicitConstructorCall,104.0,26,3,105,127.0,2,364.0,15.0,85,8,2035.0,315.0,23.9412,1862.0,315.0,21.9059,173.0,55.0,2.03529,367.0,80.5213,1
eclipse,org::eclipse::jdt::core::dom::SimpleType,19.0,12,3,66,37.0,0,72.0,12.0,42,7,365.0,126.0,8.69048,218.0,126.0,5.19048,147.0,60.0,3.5,333.143,73.5362,0
eclipse,org::eclipse::jdt::internal::core::dom::rewrite::ASTRewriteFormatter,50.0,11,1,120,65.0,0,258.0,16.0,34,8,1053.0,319.0,30.9706,473.0,70.0,13.9118,580.0,249.0,17.0588,220.143,26.9399,0
eclipse,org::eclipse::jdt::internal::core::builder::ProblemFactory,3.0,3,2,1,5.0,0,9.0,2.0,12,5,58.0,31.0,4.83333,52.0,31.0,4.33333,6.0,5.0,0.5,329.0,40.2143,0
eclipse,org::eclipse::jdt::internal::core::ExternalFolderChange,7.0,6,1,3,13.0,0,27.0,3.0,3,1,9.0,7.0,3.0,35.0,23.0,11.6667,-26.0,0.0,-8.66667,16.0,1.73016,0
eclipse,org::eclipse::jdt::internal::compiler::ClassFilePool,8.0,3,1,10,10.0,0,30.0,5.0,5,2,22.0,10.0,4.4,28.0,17.0,5.6,-6.0,10.0,-1.2,117.0,55.5325,0
eclipse,org::eclipse::jdt::internal::core::hierarchy::HierarchyType,4.0,4,2,6,7.0,0,17.0,4.0,14,5,129.0,87.0,9.21429,156.0,87.0,11.1429,-27.0,5.0,-1.92857,331.857,44.6523,0
eclipse,org::eclipse::jdt::internal::compiler::batch::Main,659.0,39,1,666,917.0,0,2557.0,37.0,397,10,22934.0,2078.0,57.7683,19199.0,2001.0,48.3602,3735.0,630.0,9.40806,367.0,176.29,1
eclipse,org::eclipse::jdt::internal::compiler::ast::CombinedBinaryExpression,47.0,6,6,36,64.0,0,266.0,9.0,4,3,21.0,19.0,5.25,15.0,13.0,3.75,6.0,6.0,1.5,103.143,69.2925,0
eclipse,org::eclipse::jdt::internal::core::util::RuntimeInvisibleAnnotationsAttribute,5.0,5,3,3,6.0,0,22.0,3.0,7,3,146.0,69.0,20.8571,8.0,4.0,1.14286,138.0,69.0,19.7143,222.857,10.5264,0
eclipse,org::eclipse::jdt::internal::antadapter::AntAdapterMessages,2.0,4,1,1,5.0,0,12.0,2.0,7,3,9.0,5.0,1.28571,9.0,5.0,1.28571,0.0,0.0,0.0,236.143,63.6984,0
eclipse,org::eclipse::jdt::internal::core::search::indexing::SaveIndex,9.0,5,2,3,10.0,0,30.0,3.0,21,5,65.0,16.0,3.09524,77.0,21.0,3.66667,-12.0,1.0,-0.571429,288.857,36.0571,0
eclipse,org::eclipse::jdt::internal::core::JavaModel,79.0,43,4,496,118.0,0,235.0,32.0,112,7,1709.0,500.0,15.2589,1953.0,593.0,17.4375,-244.0,44.0,-2.17857,367.0,61.1051,1
eclipse,org::eclipse::jdt::internal::compiler::lookup::FieldBinding,74.0,39,3,253,64.0,3,251.0,23.0,71,10,979.0,202.0,13.7887,716.0,210.0,10.0845,263.0,50.0,3.70423,367.0,132.269,1
eclipse,org::eclipse::jdt::internal::compiler::lookup::ParameterizedFieldBinding,6.0,3,4,6,8.0,0,24.0,4.0,19,5,201.0,39.0,10.5789,99.0,42.0,5.21053,102.0,33.0,5.36842,224.0,50.1599,0
eclipse,org::eclipse::jdt::internal::codeassist::complete::CompletionOnPackageReference,4.0,2,3,1,7.0,0,12.0,2.0,28,5,139.0,53.0,4.96429,136.0,53.0,4.85714,3.0,6.0,0.107143,367.0,53.7605,0
eclipse,org::eclipse::jdt::internal::codeassist::select::SelectionOnFieldType,2.0,2,5,1,4.0,0,10.0,2.0,12,4,56.0,27.0,4.66667,45.0,27.0,3.75,11.0,10.0,0.916667,334.714,46.8112,0
eclipse,org::eclipse::jdt::internal::compiler::lookup::ProblemBinding,4.0,3,2,6,4.0,0,13.0,4.0,16,4,115.0,55.0,7.1875,119.0,55.0,7.4375,-4.0,6.0,-0.25,367.0,51.2435,0
eclipse,org::eclipse::jdt::internal::core::CreateTypeHierarchyOperation,12.0,8,2,10,15.0,0,35.0,5.0,21,6,246.0,104.0,11.7143,229.0,104.0,10.9048,17.0,12.0,0.809524,367.0,55.2096,0
eclipse,org::eclipse::jdt::core::search::MethodReferenceMatch,4.0,1,4,6,4.0,0,13.0,4.0,35,5,386.0,100.0,11.0286,214.0,100.0,6.11429,172.0,37.0,4.91429,227.571,92.5426,1
eclipse,org::eclipse::jdt::internal::eval::CodeSnippetQualifiedNameReference,140.0,19,7,78,226.0,0,551.0,13.0,73,7,2135.0,604.0,29.2466,2223.0,604.0,30.4521,-88.0,22.0,-1.20548,367.0,73.4238,1
eclipse,org::eclipse::jdt::internal::codeassist::complete::CompletionJavadocParser,207.0,18,3,276,169.0,0,768.0,24.0,33,4,617.0,331.0,18.697,324.0,129.0,9.81818,293.0,202.0,8.87879,140.143,4.84719,0
eclipse,org::eclipse::jdt::core::dom::EmptyStatement,8.0,5,3,28,18.0,0,29.0,8.0,30,7,198.0,77.0,6.6,115.0,77.0,3.83333,83.0,36.0,2.76667,333.143,72.3867,0
eclipse,org::eclipse::jdt::core::dom::SimplePropertyDescriptor,5.0,4,2,3,5.0,0,14.0,3.0,9,4,12.0,4.0,1.33333,11.0,4.0,1.22222,1.0,1.0,0.111111,224.857,76.9405,0
eclipse,org::eclipse::jdt::internal::core::SourceRange,8.0,12,1,15,12.0,0,28.0,6.0,26,4,153.0,47.0,5.88462,139.0,47.0,5.34615,14.0,15.0,0.538462,367.0,65.3119,0
eclipse,org::eclipse::jdt::internal::core::BinaryType,177.0,48,7,1540,367.0,1,698.0,56.0,183,9,2680.0,542.0,14.6448,1779.0,542.0,9.72131,901.0,84.0,4.9235,367.0,108.119,1
eclipse,org::eclipse::jdt::core::search::TypeParameterDeclarationMatch,1.0,1,2,0,1.0,0,3.0,1.0,3,3,5.0,4.0,1.66667,5.0,4.0,1.66667,0.0,0.0,0.0,177.143,3.45714,0
eclipse,org::eclipse::jdt::internal::core::util::LocalVariableTypeAttribute,5.0,3,3,3,5.0,0,21.0,3.0,8,4,155.0,76.0,19.375,19.0,11.0,2.375,136.0,76.0,17.0,223.571,10.482,0
eclipse,org::eclipse::jdt::core::util::ByteCodeVisitorAdapter,204.0,0,1,20706,204.0,0,612.0,204.0,11,3,234.0,205.0,21.2727,29.0,9.0,2.63636,205.0,205.0,18.6364,322.714,69.5672,1
eclipse,org::eclipse::jdt::internal::compiler::ast::ThisReference,21.0,8,5,91,29.0,3,78.0,14.0,44,6,328.0,72.0,7.45455,277.0,72.0,6.29545,51.0,34.0,1.15909,367.0,68.76,0
eclipse,org::eclipse::jdt::internal::compiler::Compiler,73.0,24,1,120,125.0,3,407.0,16.0,140,10,7441.0,594.0,53.15,6989.0,594.0,49.9214,452.0,111.0,3.22857,367.0,55.6267,1
eclipse,org::eclipse::jdt::internal::compiler::flow::FlowContext,108.0,28,1,351,92.0,4,379.0,27.0,72,7,3216.0,448.0,44.6667,3112.0,448.0,43.2222,104.0,52.0,1.44444,367.0,109.796,1
eclipse,org::eclipse::jdt::internal::codeassist::complete::CompletionOnQualifiedNameReference,9.0,4,7,3,20.0,0,36.0,3.0,35,6,205.0,78.0,5.85714,214.0,78.0,6.11429,-9.0,6.0,-0.257143,367.0,63.5052,0
eclipse,org::eclipse::jdt::internal::core::DeletePackageFragmentRootOperation,26.0,12,2,15,49.0,0,120.0,6.0,21,5,138.0,55.0,6.57143,106.0,37.0,5.04762,32.0,18.0,1.52381,281.143,48.5166,0
eclipse,org::eclipse::jdt::internal::compiler::ast::BreakStatement,16.0,9,4,6,28.0,0,72.0,4.0,13,5,85.0,60.0,6.53846,85.0,65.0,6.53846,0.0,3.0,0.0,270.143,133.121,0
eclipse,org::eclipse::jdt::internal::formatter::FormatJavadocBlock,86.0,7,2,171,62.0,0,238.0,19.0,7,1,122.0,35.0,17.4286,44.0,17.0,6.28571,78.0,30.0,11.1429,9.14286,1.79742,0
eclipse,org::eclipse::jdt::internal::compiler::classfmt::FieldInfo,86.0,23,2,276,135.0,1,305.0,24.0,66,8,1809.0,310.0,27.4091,1676.0,310.0,25.3939,133.0,87.0,2.01515,367.0,97.146,0
eclipse,org::eclipse::jdt::internal::codeassist::select::SelectionJavadoc,27.0,4,3,6,11.0,0,80.0,4.0,6,1,63.0,33.0,10.5,87.0,32.0,14.5,-24.0,1.0,-4.0,169.571,7.85714,0
eclipse,org::eclipse::jdt::internal::core::util::LineNumberAttribute,5.0,2,3,3,5.0,0,23.0,3.0,14,5,59.0,12.0,4.21429,70.0,19.0,5.0,-11.0,4.0,-0.785714,322.714,69.0678,0
eclipse,org::eclipse::jdt::internal::core::PackageFragmentRootInfo,30.0,12,3,45,37.0,1,110.0,10.0,53,7,420.0,133.0,7.92453,382.0,133.0,7.20755,38.0,19.0,0.716981,367.0,88.0983,0
eclipse,org::eclipse::jdt::internal::core::dom::rewrite::ASTRewriteFlattener,29.0,9,2,66,61.0,1,92.0,12.0,24,6,1029.0,316.0,42.875,448.0,159.0,18.6667,581.0,290.0,24.2083,220.143,15.1756,0
eclipse,org::eclipse::jdt::core::dom::ForStatement,29.0,6,3,136,61.0,0,117.0,17.0,45,7,625.0,230.0,13.8889,368.0,230.0,8.17778,257.0,104.0,5.71111,333.143,71.442,0
eclipse,org::eclipse::jdt::internal::compiler::parser::diagnose::DiagnoseParser,449.0,13,1,351,368.0,0,2262.0,27.0,43,8,888.0,445.0,20.6512,427.0,216.0,9.93023,461.0,229.0,10.7209,262.0,102.345,0
eclipse,org::eclipse::jdt::core::dom::ASTNode,206.0,150,1,1830,209.0,19,657.0,61.0,112,10,5361.0,1562.0,47.8661,2652.0,1562.0,23.6786,2709.0,746.0,24.1875,333.143,72.771,0
eclipse,org::eclipse::jdt::internal::codeassist::InternalCompletionContext,12.0,2,1,45,11.0,1,48.0,10.0,13,3,130.0,45.0,10.0,21.0,14.0,1.61538,109.0,31.0,8.38461,169.857,89.5549,1
eclipse,org::eclipse::jdt::internal::compiler::ast::IfStatement,45.0,11,3,15,69.0,0,192.0,6.0,78,7,1025.0,277.0,13.141,1060.0,277.0,13.5897,-35.0,64.0,-0.448718,367.0,65.5231,0
eclipse,org::eclipse::jdt::core::dom::CharacterLiteral,57.0,7,3,105,85.0,0,220.0,15.0,49,8,785.0,308.0,16.0204,525.0,308.0,10.7143,260.0,61.0,5.30612,333.143,67.7934,1
eclipse,org::eclipse::jdt::internal::compiler::lookup::SignatureWrapper,17.0,4,1,10,11.0,0,47.0,5.0,9,4,149.0,68.0,16.5556,13.0,4.0,1.44444,136.0,68.0,15.1111,220.857,9.39981,0
eclipse,org::eclipse::jdt::internal::compiler::DefaultErrorHandlingPolicies,4.0,13,1,6,8.0,0,40.0,4.0,18,4,246.0,75.0,13.6667,254.0,75.0,14.1111,-8.0,9.0,-0.444444,367.0,53.8084,0
eclipse,org::eclipse::jdt::internal::core::search::BasicSearchEngine,148.0,39,1,190,211.0,0,712.0,20.0,65,5,1612.0,232.0,24.8,1119.0,217.0,17.2154,493.0,231.0,7.58461,178.143,49.9435,1
eclipse,org::eclipse::jdt::internal::compiler::batch::FileFinder,7.0,3,1,1,16.0,0,23.0,2.0,31,4,157.0,48.0,5.06452,182.0,48.0,5.87097,-25.0,6.0,-0.806452,367.0,79.3467,0
eclipse,org::eclipse::jdt::internal::formatter::comment::MultiCommentRegion,50.0,6,2,45,51.0,1,121.0,10.0,7,1,9.0,4.0,1.28571,8.0,4.0,1.14286,1.0,1.0,0.142857,168.857,85.9841,0
eclipse,org::eclipse::jdt::internal::eval::CodeSnippetCompiler,2.0,2,2,1,4.0,0,24.0,2.0,35,6,154.0,42.0,4.4,123.0,42.0,3.51429,31.0,18.0,0.885714,367.0,84.1169,0
eclipse,org::eclipse::jdt::core::dom::Message,8.0,2,1,10,8.0,0,27.0,5.0,11,6,250.0,134.0,22.7273,168.0,134.0,15.2727,82.0,64.0,7.45455,332.0,21.8657,0
eclipse,org::eclipse::jdt::internal::compiler::ast::SingleNameReference,253.0,32,6,210,277.0,5,787.0,21.0,150,10,4705.0,765.0,31.3667,4440.0,746.0,29.6,265.0,43.0,1.76667,367.0,155.141,1
eclipse,org::eclipse::jdt::internal::core::Openable,92.0,38,3,595,177.0,6,327.0,35.0,140,8,2114.0,539.0,15.1,2023.0,539.0,14.45,91.0,206.0,0.65,367.0,72.7247,0
eclipse,org::eclipse::jdt::internal::compiler::lookup::ProblemMethodBinding,4.0,8,3,1,2.0,0,8.0,2.0,23,7,124.0,39.0,5.3913,123.0,39.0,5.34783,1.0,5.0,0.0434783,367.0,80.6912,0
eclipse,org::eclipse::jdt::internal::codeassist::impl::AssistInitializer,3.0,2,6,3,5.0,0,13.0,3.0,1,1,0.0,0.0,0.0,0.0,0.0,0.0,0.0,0.0,0.0,14.7143,0.0,0
eclipse,org::eclipse::jdt::internal::formatter::comment::SingleCommentLine,12.0,4,2,36,25.0,0,48.0,9.0,3,1,2.0,1.0,0.666667,2.0,1.0,0.666667,0.0,0.0,0.0,168.857,56.0,0
eclipse,org::eclipse::jdt::internal::compiler::codegen::DoubleCache,32.0,4,1,15,17.0,0,88.0,6.0,30,5,578.0,138.0,19.2667,576.0,138.0,19.2,2.0,10.0,0.0666667,367.0,76.868,0
eclipse,org::eclipse::jdt::internal::core::util::LRUCache,49.0,16,1,276,79.0,1,276.0,24.0,36,5,833.0,498.0,23.1389,822.0,498.0,22.8333,11.0,30.0,0.305556,367.0,77.5493,0
eclipse,org::eclipse::jdt::internal::core::search::matching::DeclarationOfReferencedTypesPattern,1.0,2,6,0,2.0,0,7.0,1.0,33,7,276.0,150.0,8.36364,364.0,150.0,11.0303,-88.0,15.0,-2.66667,343.0,44.9234,1
eclipse,org::eclipse::jdt::internal::compiler::util::SimpleLookupTable,45.0,25,1,55,31.0,0,127.0,11.0,7,4,22.0,12.0,3.14286,11.0,4.0,1.57143,11.0,11.0,1.57143,193.857,83.013,0
eclipse,org::eclipse::jdt::internal::compiler::lookup::ProblemReferenceBinding,13.0,23,4,21,23.0,0,48.0,7.0,31,8,216.0,41.0,6.96774,171.0,41.0,5.51613,45.0,36.0,1.45161,367.0,146.976,0
eclipse,org::eclipse::jdt::internal::core::NamedMember,34.0,24,5,45,82.0,4,178.0,10.0,22,5,368.0,85.0,16.7273,101.0,31.0,4.59091,267.0,65.0,12.1364,205.857,59.2092,0
eclipse,org::eclipse::jdt::internal::core::JarPackageFragmentRootInfo,1.0,2,4,1,2.0,0,4.0,2.0,17,5,91.0,42.0,5.35294,104.0,42.0,6.11765,-13.0,4.0,-0.764706,367.0,72.0581,0
eclipse,org::eclipse::jdt::core::dom::ASTParser,89.0,41,1,210,170.0,0,426.0,21.0,106,11,4597.0,1604.0,43.3679,2447.0,849.0,23.0849,2150.0,1604.0,20.283,225.286,17.0975,1
eclipse,org::eclipse::jdt::internal::core::SourceMethodInfo,4.0,1,6,10,5.0,1,12.0,5.0,4,2,6.0,4.0,1.5,6.0,4.0,1.5,0.0,0.0,0.0,184.571,31.7143,0
eclipse,org::eclipse::jdt::internal::core::JavaElementInfo,13.0,17,1,15,13.0,2,47.0,6.0,25,6,443.0,128.0,17.72,511.0,128.0,20.44,-68.0,3.0,-2.72,367.0,58.7591,0
eclipse,org::eclipse::jdt::internal::core::dom::rewrite::NodeRewriteEvent,15.0,6,2,28,26.0,0,59.0,8.0,9,5,31.0,11.0,3.44444,31.0,11.0,3.44444,0.0,0.0,0.0,220.143,16.5392,0
eclipse,org::eclipse::jdt::internal::compiler::ast::AND_AND_Expression,56.0,10,6,15,87.0,0,230.0,6.0,52,6,1715.0,296.0,32.9808,1882.0,323.0,36.1923,-167.0,22.0,-3.21154,367.0,65.6336,0
eclipse,org::eclipse::jdt::internal::core::search::indexing::SourceIndexer,6.0,7,2,1,14.0,0,35.0,2.0,58,10,317.0,78.0,5.46552,334.0,78.0,5.75862,-17.0,10.0,-0.293103,367.0,92.6327,1
eclipse,org::eclipse::jdt::core::dom::ThisExpression,16.0,2,3,66,33.0,0,59.0,12.0,38,7,373.0,119.0,9.81579,276.0,119.0,7.26316,97.0,65.0,2.55263,333.143,68.8728,0
eclipse,org::eclipse::jdt::internal::core::builder::SourceFile,15.0,11,2,45,38.0,0,68.0,10.0,39,8,449.0,104.0,11.5128,403.0,104.0,10.3333,46.0,16.0,1.17949,329.0,41.8762,0
eclipse,org::eclipse::jdt::core::ElementChangedEvent,3.0,2,1,3,3.0,0,10.0,3.0,30,4,387.0,121.0,12.9,295.0,121.0,9.83333,92.0,71.0,3.06667,367.0,101.296,0
eclipse,org::eclipse::jdt::internal::formatter::FormatterCommentParser,129.0,13,3,300,130.0,0,495.0,25.0,13,1,337.0,78.0,25.9231,167.0,45.0,12.8462,170.0,50.0,13.0769,9.14286,1.99788,1
eclipse,org::eclipse::jdt::core::dom::StructuralPropertyDescriptor,14.0,8,1,21,20.0,3,44.0,7.0,9,4,14.0,4.0,1.55556,13.0,4.0,1.44444,1.0,1.0,0.111111,224.857,67.7959,0
eclipse,org::eclipse::jdt::internal::compiler::lookup::BlockScope,169.0,87,2,276,157.0,2,546.0,24.0,143,10,7111.0,1444.0,49.7273,7724.0,1444.0,54.014,-613.0,217.0,-4.28671,367.0,74.1449,1
eclipse,org::eclipse::jdt::internal::compiler::lookup::LookupEnvironment,321.0,84,1,703,312.0,0,1069.0,38.0,156,11,3401.0,580.0,21.8013,2342.0,588.0,15.0128,1059.0,222.0,6.78846,367.0,152.001,1
eclipse,org::eclipse::jdt::core::dom::BodyDeclaration,19.0,17,2,120,38.0,6,74.0,16.0,40,7,624.0,92.0,15.6,271.0,89.0,6.775,353.0,74.0,8.825,333.143,96.3013,0
eclipse,org::eclipse::jdt::core::dom::ConditionalExpression,35.0,4,3,120,65.0,0,141.0,16.0,36,7,614.0,220.0,17.0556,384.0,220.0,10.6667,230.0,86.0,6.38889,333.143,71.7064,0
eclipse,org::eclipse::jdt::internal::compiler::lookup::LocalVariableBinding,49.0,25,3,45,41.0,2,177.0,10.0,54,8,621.0,91.0,11.5,459.0,91.0,8.5,162.0,48.0,3.0,367.0,116.731,0
eclipse,org::eclipse::jdt::internal::core::JavaModelOperation,141.0,51,1,1431,244.0,14,528.0,54.0,90,7,2398.0,590.0,26.6444,2072.0,590.0,23.0222,326.0,91.0,3.62222,367.0,69.7218,0
eclipse,org::eclipse::jdt::internal::core::CopyResourceElementsOperation,125.0,31,3,171,278.0,1,516.0,19.0,131,7,2700.0,580.0,20.6107,2515.0,580.0,19.1985,185.0,42.0,1.41221,367.0,79.1748,1
eclipse,org::eclipse::jdt::core::dom::VariableDeclarationFragment,33.0,7,3,190,63.0,0,127.0,20.0,43,8,557.0,190.0,12.9535,315.0,190.0,7.32558,242.0,100.0,5.62791,333.143,76.6576,0
eclipse,org::eclipse::jdt::internal::compiler::codegen::CaseLabel,12.0,4,3,21,15.0,0,46.0,7.0,27,5,287.0,81.0,10.6296,280.0,81.0,10.3704,7.0,7.0,0.259259,367.0,88.5903,0
eclipse,org::eclipse::jdt::internal::core::DeleteElementsOperation,26.0,16,3,36,61.0,0,102.0,9.0,60,7,653.0,163.0,10.8833,626.0,163.0,10.4333,27.0,17.0,0.45,367.0,74.995,0
eclipse,org::eclipse::jdt::internal::codeassist::select::SelectionOnMessageSend,24.0,8,5,6,25.0,0,65.0,4.0,43,6,392.0,71.0,9.11628,318.0,71.0,7.39535,74.0,52.0,1.72093,367.0,61.2591,0
eclipse,org::eclipse::jdt::internal::compiler::lookup::PackageBinding,45.0,14,2,136,54.0,1,136.0,17.0,59,9,588.0,205.0,9.9661,594.0,205.0,10.0678,-6.0,21.0,-0.101695,367.0,79.0481,1
eclipse,org::eclipse::jdt::internal::core::search::TypeNameMatchRequestorWrapper,32.0,14,1,6,59.0,0,121.0,4.0,11,3,194.0,141.0,17.6364,78.0,33.0,7.09091,116.0,121.0,10.5455,89.0,6.10604,0
eclipse,org::eclipse::jdt::core::dom::TagElement,19.0,6,2,105,40.0,0,70.0,15.0,31,7,508.0,87.0,16.3871,85.0,9.0,2.74194,423.0,87.0,13.6452,229.714,7.75506,0
eclipse,org::eclipse::jdt::core::dom::CompilationUnit,100.0,23,2,666,120.0,0,344.0,37.0,120,12,3335.0,544.0,27.7917,2024.0,588.0,16.8667,1311.0,125.0,10.925,333.143,131.366,0
eclipse,org::eclipse::jdt::core::dom::ExpressionStatement,19.0,5,3,66,39.0,0,72.0,12.0,38,7,359.0,135.0,9.44737,216.0,135.0,5.68421,143.0,58.0,3.76316,333.143,71.4314,0
eclipse,org::eclipse::jdt::internal::core::search::matching::PossibleMatch,36.0,13,2,91,50.0,0,112.0,14.0,38,9,161.0,27.0,4.23684,138.0,21.0,3.63158,23.0,14.0,0.605263,248.143,67.559,0
eclipse,org::eclipse::jdt::internal::compiler::lookup::ArrayBinding,61.0,24,3,276,70.0,0,190.0,24.0,81,9,796.0,143.0,9.82716,565.0,143.0,6.97531,231.0,47.0,2.85185,367.0,132.518,0
eclipse,org::eclipse::jdt::core::formatter::DefaultCodeFormatterConstants,41.0,4,1,45,26.0,0,177.0,10.0,119,9,8425.0,2042.0,70.7983,2635.0,594.0,22.1429,5790.0,2013.0,48.6555,246.571,30.3109,1
eclipse,org::eclipse::jdt::internal::compiler::ast::JavadocArgumentExpression,20.0,10,4,15,32.0,0,66.0,6.0,37,8,120.0,16.0,3.24324,101.0,29.0,2.72973,19.0,9.0,0.513513,239.143,61.5,0
eclipse,org::eclipse::jdt::internal::core::jdom::DOMField,85.0,15,4,741,195.0,0,328.0,39.0,42,7,1347.0,618.0,32.0714,1432.0,637.0,34.0952,-85.0,5.0,-2.02381,367.0,35.6825,0
eclipse,org::eclipse::jdt::internal::compiler::util::HashtableOfObjectToInt,30.0,8,1,45,24.0,0,117.0,10.0,7,3,64.0,25.0,9.14286,49.0,26.0,7.0,15.0,8.0,2.14286,184.571,24.154,0
eclipse,org::eclipse::jdt::core::util::ClassFileBytesDisassembler,0.0,0,1,1,2.0,1,0.0,2.0,11,5,39.0,8.0,3.54545,14.0,5.0,1.27273,25.0,7.0,2.27273,288.143,107.689,0
eclipse,org::eclipse::jdt::internal::codeassist::complete::CompletionParser,1148.0,78,3,21115,1156.0,0,4390.0,206.0,244,8,10254.0,1386.0,42.0246,5777.0,1386.0,23.6762,4477.0,564.0,18.3484,367.0,132.341,1
eclipse,org::eclipse::jdt::internal::core::search::matching::LocalVariableLocator,27.0,4,3,28,21.0,0,65.0,8.0,29,8,172.0,63.0,5.93103,146.0,75.0,5.03448,26.0,7.0,0.896552,243.0,22.7566,1
eclipse,org::eclipse::jdt::core::dom::PrimitiveType,16.0,7,3,78,31.0,0,59.0,13.0,34,7,433.0,238.0,12.7353,303.0,238.0,8.91176,130.0,60.0,3.82353,333.143,55.2118,0
eclipse,org::eclipse::jdt::internal::compiler::impl::DoubleConstant,13.0,5,2,66,14.0,0,39.0,12.0,37,6,252.0,66.0,6.81081,258.0,66.0,6.97297,-6.0,12.0,-0.162162,367.0,45.5635,0
eclipse,org::eclipse::jdt::internal::eval::CodeSnippetEnvironment,5.0,3,1,6,9.0,0,17.0,4.0,20,4,187.0,89.0,9.35,179.0,89.0,8.95,8.0,6.0,0.4,367.0,47.6921,0
eclipse,org::eclipse::jdt::internal::core::jdom::DOMNode,125.0,21,2,1378,194.0,4,482.0,53.0,38,7,1976.0,971.0,52.0,2022.0,971.0,53.2105,-46.0,10.0,-1.21053,367.0,35.1962,0
eclipse,org::eclipse::jdt::internal::core::JarEntryResource,20.0,9,2,66,30.0,2,57.0,12.0,2,1,11.0,11.0,5.5,1.0,1.0,0.5,10.0,10.0,5.0,66.7143,0.714286,0
eclipse,org::eclipse::jdt::internal::compiler::ast::LongLiteralMinValue,2.0,0,7,1,2.0,0,7.0,2.0,18,4,80.0,27.0,4.44444,101.0,33.0,5.61111,-21.0,6.0,-1.16667,367.0,80.5321,0
eclipse,org::eclipse::jdt::internal::eval::VariablesEvaluator,39.0,9,2,21,77.0,0,255.0,7.0,46,6,943.0,310.0,20.5,964.0,310.0,20.9565,-21.0,10.0,-0.456522,367.0,34.3077,0
eclipse,org::eclipse::jdt::core::dom::FieldAccess,28.0,4,3,105,55.0,0,109.0,15.0,42,7,539.0,170.0,12.8333,289.0,170.0,6.88095,250.0,74.0,5.95238,333.143,68.9268,0
eclipse,org::eclipse::jdt::internal::compiler::batch::ClasspathSourceJar,2.0,1,3,1,3.0,0,7.0,2.0,6,2,23.0,10.0,3.83333,37.0,31.0,6.16667,-14.0,6.0,-2.33333,113.857,20.323,0
eclipse,org::eclipse::jdt::internal::formatter::BinaryExpressionFragmentBuilder,11.0,2,2,36,21.0,0,42.0,9.0,31,5,562.0,75.0,18.129,312.0,65.0,10.0645,250.0,74.0,8.06452,264.857,34.1734,0
eclipse,org::eclipse::jdt::internal::core::TypeParameter,16.0,13,4,55,31.0,1,57.0,11.0,16,6,130.0,22.0,8.125,51.0,20.0,3.1875,79.0,22.0,4.9375,198.143,50.2901,0
eclipse,org::eclipse::jdt::internal::core::util::AnnotationComponentValue,29.0,6,2,91,37.0,0,131.0,14.0,14,3,443.0,180.0,31.6429,51.0,22.0,3.64286,392.0,180.0,28.0,222.857,13.5824,0
eclipse,org::eclipse::jdt::internal::codeassist::complete::CompletionNodeFound,1.0,1,1,0,1.0,0,3.0,1.0,21,6,129.0,32.0,6.14286,110.0,32.0,5.2381,19.0,8.0,0.904762,367.0,100.924,0
eclipse,org::eclipse::jdt::core::dom::Name,6.0,12,3,15,13.0,2,22.0,6.0,24,6,225.0,77.0,9.375,189.0,77.0,7.875,36.0,47.0,1.5,333.143,66.5175,0
eclipse,org::eclipse::jdt::internal::formatter::comment::CommentRange,51.0,6,1,66,66.0,0,136.0,12.0,5,1,22.0,19.0,4.4,18.0,15.0,3.6,4.0,4.0,0.8,168.857,95.5909,0
eclipse,org::eclipse::jdt::internal::compiler::ast::JavadocImplicitTypeReference,25.0,7,5,55,38.0,0,91.0,11.0,16,4,95.0,42.0,5.9375,91.0,22.0,5.6875,4.0,21.0,0.25,176.857,107.777,0
eclipse,org::eclipse::jdt::internal::compiler::util::HashSetOfInt,24.0,4,1,28,18.0,0,94.0,8.0,2,2,1.0,1.0,0.5,1.0,1.0,0.5,0.0,0.0,0.0,22.7143,19.7143,0
eclipse,org::eclipse::jdt::internal::core::util::MementoTokenizer,24.0,14,1,3,11.0,0,80.0,3.0,9,5,18.0,4.0,2.0,11.0,4.0,1.22222,7.0,4.0,0.777778,217.143,86.3968,0
eclipse,org::eclipse::jdt::internal::core::jdom::SimpleDOMBuilder,21.0,14,3,153,65.0,0,104.0,18.0,65,7,643.0,217.0,9.89231,787.0,324.0,12.1077,-144.0,13.0,-2.21538,367.0,60.7758,0
eclipse,org::eclipse::jdt::internal::core::util::DefaultStackMapFrame,12.0,3,2,28,13.0,0,51.0,8.0,4,1,3.0,1.0,0.75,3.0,1.0,0.75,0.0,0.0,0.0,126.571,74.0476,0
eclipse,org::eclipse::jdt::internal::formatter::FormatJavadocNode,7.0,5,1,28,12.0,3,27.0,8.0,5,1,40.0,19.0,8.0,1.0,1.0,0.2,39.0,18.0,7.8,9.14286,1.37143,0
eclipse,org::eclipse::jdt::internal::core::search::matching::MatchLocatorParser,223.0,14,2,2080,237.0,1,681.0,65.0,109,8,2519.0,442.0,23.1101,1822.0,290.0,16.7156,697.0,213.0,6.3945,367.0,155.613,0
eclipse,org::eclipse::jdt::core::dom::ParenthesizedExpression,19.0,6,3,66,37.0,0,71.0,12.0,36,7,351.0,130.0,9.75,208.0,130.0,5.77778,143.0,58.0,3.97222,333.143,72.3289,0
eclipse,org::eclipse::jdt::internal::compiler::AbstractAnnotationProcessorManager,0.0,3,1,45,10.0,0,0.0,10.0,10,1,85.0,55.0,8.5,13.0,3.0,1.3,72.0,54.0,7.2,78.7143,15.4303,0
eclipse,org::eclipse::jdt::internal::compiler::lookup::UpdatedMethodBinding,2.0,1,3,1,2.0,0,7.0,2.0,7,5,11.0,4.0,1.57143,8.0,4.0,1.14286,3.0,3.0,0.428571,264.857,94.5714,1
eclipse,org::eclipse::jdt::core::dom::ArrayAccess,27.0,4,3,91,51.0,0,109.0,14.0,36,7,482.0,175.0,13.3889,288.0,175.0,8.0,194.0,76.0,5.38889,333.143,72.0033,0
eclipse,org::eclipse::jdt::internal::codeassist::complete::CompletionOnStringLiteral,3.0,1,6,3,7.0,0,13.0,3.0,2,2,0.0,0.0,0.0,0.0,0.0,0.0,0.0,0.0,0.0,135.714,0.0,0
eclipse,org::eclipse::jdt::internal::core::hierarchy::RegionBasedTypeHierarchy,30.0,9,2,21,36.0,0,103.0,7.0,38,7,476.0,152.0,12.5263,395.0,152.0,10.3947,81.0,56.0,2.13158,367.0,105.485,0
eclipse,org::eclipse::jdt::internal::core::PackageFragmentRoot,134.0,47,4,903,273.0,2,554.0,43.0,157,8,2349.0,392.0,14.9618,1852.0,392.0,11.7962,497.0,295.0,3.16561,367.0,94.4644,1
eclipse,org::eclipse::jdt::core::util::CompilationUnitSorter,6.0,3,1,3,8.0,0,19.0,3.0,45,8,1126.0,157.0,25.0222,729.0,306.0,16.2,397.0,148.0,8.82222,281.714,67.46,0
eclipse,org::eclipse::jdt::internal::compiler::ast::Annotation,118.0,33,4,45,94.0,3,357.0,10.0,78,7,1262.0,219.0,16.1795,1014.0,246.0,13.0,248.0,205.0,3.17949,255.714,64.8228,1
eclipse,org::eclipse::jdt::internal::compiler::ast::JavadocFieldReference,25.0,7,6,15,34.0,1,87.0,6.0,44,7,244.0,31.0,5.54545,174.0,21.0,3.95455,70.0,17.0,1.59091,239.143,57.1985,1
eclipse,org::eclipse::jdt::internal::codeassist::select::SelectionOnSingleNameReference,15.0,6,7,3,23.0,0,40.0,3.0,33,5,168.0,74.0,5.09091,141.0,74.0,4.27273,27.0,11.0,0.818182,367.0,67.8172,0
eclipse,org::eclipse::jdt::internal::core::dom::rewrite::RewriteEventStore,133.0,22,1,903,273.0,0,474.0,43.0,25,8,1229.0,291.0,49.16,765.0,122.0,30.6,464.0,169.0,18.56,220.143,81.2442,0
eclipse,org::eclipse::jdt::internal::compiler::ast::EmptyStatement,9.0,6,3,21,17.0,0,32.0,7.0,28,6,115.0,34.0,4.10714,75.0,34.0,2.67857,40.0,11.0,1.42857,351.857,72.0658,0
eclipse,org::eclipse::jdt::internal::compiler::ClassFile,1042.0,50,1,1891,1095.0,1,6113.0,62.0,226,10,50221.0,3693.0,222.217,44127.0,2958.0,195.252,6094.0,2050.0,26.9646,367.0,91.0942,1
eclipse,org::eclipse::jdt::internal::core::ClasspathChange,108.0,18,1,55,159.0,0,469.0,11.0,15,2,120.0,27.0,8.0,48.0,20.0,3.2,72.0,26.0,4.8,105.0,60.5952,1
eclipse,org::eclipse::jdt::internal::compiler::ast::StringLiteral,19.0,6,5,36,29.0,3,72.0,9.0,38,6,496.0,105.0,13.0526,478.0,105.0,12.5789,18.0,9.0,0.473684,367.0,51.4145,0
eclipse,org::eclipse::jdt::core::Signature,225.0,36,1,861,294.0,0,841.0,42.0,127,10,8666.0,1365.0,68.2362,5536.0,1365.0,43.5905,3130.0,546.0,24.6457,367.0,112.494,1
eclipse,org::eclipse::jdt::internal::compiler::classfmt::AnnotationMethodInfoWithAnnotations,13.0,4,4,10,12.0,0,26.0,5.0,2,2,1.0,1.0,0.5,1.0,1.0,0.5,0.0,0.0,0.0,127.0,69.2857,0
eclipse,org::eclipse::jdt::internal::compiler::parser::RecoveryScanner,53.0,5,2,136,30.0,0,191.0,17.0,8,1,75.0,24.0,9.375,20.0,12.0,2.5,55.0,19.0,6.875,126.0,5.41524,0
eclipse,org::eclipse::jdt::core::dom::Type,8.0,6,2,28,10.0,6,24.0,8.0,21,6,335.0,130.0,15.9524,253.0,130.0,12.0476,82.0,46.0,3.90476,333.143,71.0094,0
eclipse,org::eclipse::jdt::core::CompletionRequestorAdapter,14.0,0,1,91,14.0,0,42.0,14.0,21,8,269.0,195.0,12.8095,229.0,194.0,10.9048,40.0,14.0,1.90476,325.857,146.125,0
eclipse,org::eclipse::jdt::core::compiler::InvalidInputException,1.0,6,1,0,1.0,0,3.0,1.0,25,6,119.0,36.0,4.76,103.0,36.0,4.12,16.0,8.0,0.64,325.143,87.6999,0
eclipse,org::eclipse::jdt::internal::core::dom::rewrite::LineCommentEndOffsets,15.0,5,1,6,15.0,0,51.0,4.0,3,2,5.0,3.0,1.66667,4.0,3.0,1.33333,1.0,1.0,0.333333,111.714,13.1714,0
eclipse,org::eclipse::jdt::internal::compiler::parser::Scanner,1169.0,47,1,1225,374.0,4,3449.0,50.0,239,10,14272.0,3055.0,59.7155,13174.0,3055.0,55.1213,1098.0,269.0,4.59414,367.0,80.6008,1
eclipse,org::eclipse::jdt::internal::compiler::ast::Initializer,23.0,12,5,36,32.0,0,81.0,9.0,54,6,525.0,115.0,9.72222,494.0,115.0,9.14815,31.0,21.0,0.574074,367.0,71.8171,0
eclipse,org::eclipse::jdt::core::dom::VariableDeclarationStatement,40.0,11,3,171,75.0,0,155.0,19.0,58,7,905.0,215.0,15.6034,476.0,215.0,8.2069,429.0,132.0,7.39655,333.143,87.9662,0
eclipse,org::eclipse::jdt::internal::core::search::matching::DeclarationOfReferencedMethodsPattern,1.0,2,5,0,2.0,0,7.0,1.0,31,7,212.0,105.0,6.83871,280.0,105.0,9.03226,-68.0,8.0,-2.19355,343.0,54.0222,1
eclipse,org::eclipse::jdt::core::compiler::CharOperation,262.0,141,1,561,91.0,0,845.0,34.0,98,13,15621.0,3028.0,159.398,12538.0,3026.0,127.939,3083.0,751.0,31.4592,294.571,138.94,0
eclipse,org::eclipse::jdt::internal::codeassist::CompletionElementNotifier,39.0,6,2,21,32.0,0,136.0,7.0,1,1,0.0,0.0,0.0,0.0,0.0,0.0,0.0,0.0,0.0,14.7143,0.0,0
eclipse,org::eclipse::jdt::internal::core::search::indexing::BinaryIndexer,191.0,16,2,171,221.0,0,707.0,19.0,90,8,3173.0,548.0,35.2556,3015.0,610.0,33.5,158.0,76.0,1.75556,367.0,100.157,0
eclipse,org::eclipse::jdt::internal::compiler::ast::CompilationUnitDeclaration,174.0,40,2,253,128.0,0,536.0,23.0,97,8,1990.0,289.0,20.5155,1403.0,289.0,14.4639,587.0,140.0,6.05155,367.0,139.257,1
eclipse,org::eclipse::jdt::internal::compiler::ast::PrefixExpression,8.0,2,6,10,12.0,0,28.0,5.0,36,5,310.0,59.0,8.61111,307.0,59.0,8.52778,3.0,10.0,0.0833333,367.0,68.859,0
eclipse,org::eclipse::jdt::core::dom::DefaultValuePairBinding,6.0,4,3,15,11.0,0,20.0,6.0,3,2,24.0,18.0,8.0,97.0,87.0,32.3333,-73.0,8.0,-24.3333,122.714,57.3929,0
eclipse,org::eclipse::jdt::internal::core::search::matching::TypeDeclarationLocator,35.0,5,2,10,30.0,0,69.0,5.0,18,7,64.0,14.0,3.55556,33.0,10.0,1.83333,31.0,12.0,1.72222,248.571,58.0045,1
eclipse,org::eclipse::jdt::internal::compiler::flow::FlowInfo,20.0,51,1,703,60.0,2,66.0,38.0,43,5,768.0,230.0,17.8605,467.0,87.0,10.8605,301.0,161.0,7.0,367.0,138.212,0
eclipse,org::eclipse::jdt::core::dom::Block,13.0,15,3,55,29.0,0,47.0,11.0,29,7,276.0,113.0,9.51724,162.0,113.0,5.58621,114.0,52.0,3.93103,333.143,71.3131,0
eclipse,org::eclipse::jdt::core::dom::MethodRefParameter,31.0,6,2,136,60.0,0,121.0,17.0,25,6,339.0,113.0,13.56,67.0,7.0,2.68,272.0,107.0,10.88,229.714,26.3936,0
eclipse,org::eclipse::jdt::internal::core::search::IndexSelector,43.0,12,1,10,62.0,0,145.0,5.0,55,8,988.0,192.0,17.9636,975.0,192.0,17.7273,13.0,50.0,0.236364,367.0,112.65,1
eclipse,org::eclipse::jdt::internal::compiler::ast::Wildcard,20.0,8,6,28,34.0,0,71.0,8.0,28,6,352.0,112.0,12.5714,113.0,36.0,4.03571,239.0,112.0,8.53571,240.857,45.5933,0
eclipse,org::eclipse::jdt::core::dom::ArrayType,23.0,9,3,91,45.0,0,87.0,14.0,39,7,400.0,171.0,10.2564,255.0,171.0,6.53846,145.0,60.0,3.71795,333.143,66.5168,0
eclipse,org::eclipse::jdt::core::search::FieldReferenceMatch,3.0,1,4,3,3.0,0,11.0,3.0,27,6,257.0,45.0,9.51852,114.0,44.0,4.22222,143.0,31.0,5.2963,227.571,46.5097,1
eclipse,org::eclipse::jdt::core::search::SearchDocument,5.0,10,2,28,10.0,1,16.0,8.0,22,5,268.0,61.0,12.1818,99.0,30.0,4.5,169.0,31.0,7.68182,236.0,17.9238,1
eclipse,org::eclipse::jdt::core::ToolFactory,15.0,12,1,15,25.0,0,63.0,6.0,95,8,845.0,75.0,8.89474,382.0,51.0,4.02105,463.0,61.0,4.87368,325.143,110.378,0
eclipse,org::eclipse::jdt::internal::core::util::DefaultBytecodeVisitor,265.0,13,1,23005,1156.0,0,1585.0,215.0,56,7,3556.0,587.0,63.5,4880.0,1041.0,87.1429,-1324.0,307.0,-23.6429,322.714,115.126,1
eclipse,org::eclipse::jdt::core::dom::ThrowStatement,19.0,5,3,66,39.0,0,72.0,12.0,38,7,356.0,130.0,9.36842,214.0,130.0,5.63158,142.0,58.0,3.73684,333.143,71.937,0
eclipse,org::eclipse::jdt::internal::core::search::matching::InternalReferenceMatch,2.0,3,3,1,2.0,4,6.0,2.0,1,1,0.0,0.0,0.0,0.0,0.0,0.0,0.0,0.0,0.0,12.2857,0.0,1
eclipse,org::eclipse::jdt::internal::codeassist::complete::CompletionOnAnnotationMemberValuePair,8.0,5,6,3,13.0,0,32.0,3.0,1,1,0.0,0.0,0.0,0.0,0.0,0.0,0.0,0.0,0.0,172.714,0.0,0
eclipse,org::eclipse::jdt::internal::codeassist::ThrownExceptionFinder,24.0,6,2,36,30.0,0,75.0,9.0,3,1,18.0,14.0,6.0,3.0,2.0,1.0,15.0,13.0,5.0,73.5714,3.79365,0
eclipse,org::eclipse::jdt::internal::core::DefaultWorkingCopyOwner,4.0,1,2,3,5.0,0,10.0,3.0,23,6,81.0,19.0,3.52174,81.0,14.0,3.52174,0.0,17.0,0.0,261.571,28.3104,0
eclipse,org::eclipse::jdt::internal::compiler::impl::ByteConstant,12.0,3,2,66,14.0,0,37.0,12.0,35,6,179.0,54.0,5.11429,201.0,54.0,5.74286,-22.0,5.0,-0.628571,367.0,58.2705,0
eclipse,org::eclipse::jdt::internal::core::AnnotatableInfo,0.0,1,4,0,1.0,3,0.0,1.0,1,1,0.0,0.0,0.0,0.0,0.0,0.0,0.0,0.0,0.0,33.8571,0.0,0
eclipse,org::eclipse::jdt::internal::core::util::ExceptionAttribute,7.0,4,3,6,10.0,0,31.0,4.0,19,5,47.0,9.0,2.47368,64.0,9.0,3.36842,-17.0,7.0,-0.894737,322.714,48.6717,0
eclipse,org::eclipse::jdt::core::dom::Initializer,35.0,9,3,136,63.0,0,125.0,17.0,53,7,697.0,175.0,13.1509,418.0,175.0,7.88679,279.0,160.0,5.26415,333.143,84.9543,0
eclipse,org::eclipse::jdt::internal::codeassist::impl::AssistImportContainer,3.0,3,5,3,5.0,0,10.0,3.0,1,1,0.0,0.0,0.0,0.0,0.0,0.0,0.0,0.0,0.0,14.7143,0.0,0
eclipse,org::eclipse::jdt::internal::core::MoveElementsOperation,3.0,1,4,3,3.0,1,9.0,3.0,28,5,105.0,45.0,3.75,103.0,45.0,3.67857,2.0,6.0,0.0714286,367.0,59.0014,0
eclipse,org::eclipse::jdt::internal::compiler::parser::RecoveredStatement,8.0,4,2,21,11.0,3,23.0,7.0,30,5,132.0,55.0,4.4,136.0,55.0,4.53333,-4.0,7.0,-0.133333,367.0,50.4026,0
eclipse,org::eclipse::jdt::internal::codeassist::complete::CompletionOnMethodName,9.0,6,4,3,16.0,0,31.0,3.0,15,4,144.0,60.0,9.6,145.0,60.0,9.66667,-1.0,10.0,-0.0666667,347.857,51.7669,0
eclipse,org::eclipse::jdt::core::dom::ClassInstanceCreation,54.0,8,3,276,104.0,0,208.0,24.0,66,9,1416.0,249.0,21.4545,763.0,249.0,11.5606,653.0,147.0,9.89394,333.143,87.7899,0
eclipse,org::eclipse::jdt::internal::core::builder::MissingSourceFileException,1.0,1,1,0,1.0,0,3.0,1.0,11,5,27.0,10.0,2.45455,20.0,5.0,1.81818,7.0,5.0,0.636364,321.714,71.4709,0
eclipse,org::eclipse::jdt::internal::compiler::env::EnumConstantSignature,4.0,5,1,6,8.0,0,17.0,4.0,2,2,1.0,1.0,0.5,1.0,1.0,0.5,0.0,0.0,0.0,127.0,69.2857,0
eclipse,org::eclipse::jdt::internal::compiler::ast::TypeReference,48.0,43,4,153,72.0,3,144.0,18.0,70,9,809.0,102.0,11.5571,625.0,102.0,8.92857,184.0,51.0,2.62857,367.0,157.035,0
eclipse,org::eclipse::jdt::internal::compiler::impl::CompilerStats,4.0,3,1,3,4.0,0,9.0,3.0,2,2,1.0,1.0,0.5,6.0,6.0,3.0,-5.0,0.0,-2.5,14.5714,5.0,0
eclipse,org::eclipse::jdt::internal::codeassist::select::SelectionScanner,10.0,3,2,3,7.0,0,31.0,3.0,34,5,163.0,68.0,4.79412,164.0,68.0,4.82353,-1.0,5.0,-0.0294118,367.0,47.3216,0
eclipse,org::eclipse::jdt::core::dom::PackageDeclaration,36.0,13,2,136,66.0,0,130.0,17.0,48,9,778.0,144.0,16.2083,318.0,144.0,6.625,460.0,94.0,9.58333,333.143,90.6761,0
eclipse,org::eclipse::jdt::internal::compiler::ast::CaseStatement,34.0,13,3,21,46.0,0,96.0,7.0,42,7,262.0,115.0,6.2381,204.0,115.0,4.85714,58.0,14.0,1.38095,270.143,138.27,0
eclipse,org::eclipse::jdt::internal::compiler::ASTVisitor,3.0,2,1,3,3.0,18,9.0,3.0,24,5,1171.0,357.0,48.7917,585.0,217.0,24.375,586.0,306.0,24.4167,238.429,63.1014,0
eclipse,org::eclipse::jdt::internal::compiler::ast::Literal,5.0,7,4,21,13.0,3,25.0,7.0,21,5,157.0,38.0,7.47619,135.0,38.0,6.42857,22.0,7.0,1.04762,367.0,77.6069,0
eclipse,org::eclipse::jdt::internal::compiler::lookup::ProblemFieldBinding,2.0,8,4,1,2.0,0,9.0,2.0,23,6,100.0,35.0,4.34783,87.0,35.0,3.78261,13.0,6.0,0.565217,367.0,85.0928,0
eclipse,org::eclipse::jdt::internal::core::search::matching::PatternLocator,209.0,27,1,300,157.0,11,580.0,25.0,92,9,1830.0,206.0,19.8913,982.0,146.0,10.6739,848.0,205.0,9.21739,248.571,85.3527,1
eclipse,org::eclipse::jdt::internal::codeassist::impl::Engine,59.0,12,1,36,45.0,2,230.0,9.0,75,7,2054.0,181.0,27.3867,1763.0,181.0,23.5067,291.0,112.0,3.88,367.0,72.6069,1
eclipse,org::eclipse::jdt::internal::core::SingleTypeRequestor,9.0,0,1,45,10.0,0,27.0,10.0,15,3,163.0,79.0,10.8667,161.0,79.0,10.7333,2.0,8.0,0.133333,367.0,47.2287,0
eclipse,org::eclipse::jdt::core::dom::ASTConverter,470.0,55,1,2080,680.0,0,1947.0,65.0,318,10,17380.0,3852.0,54.6541,12236.0,2861.0,38.478,5144.0,1378.0,16.1761,333.143,97.7421,1
eclipse,org::eclipse::jdt::internal::compiler::ast::QualifiedAllocationExpression,117.0,22,5,36,153.0,2,414.0,9.0,115,11,2006.0,339.0,17.4435,1814.0,339.0,15.7739,192.0,68.0,1.66957,367.0,110.401,1
eclipse,org::eclipse::jdt::internal::core::search::matching::VariablePattern,12.0,2,4,1,3.0,2,34.0,2.0,20,6,106.0,37.0,5.3,97.0,32.0,4.85,9.0,27.0,0.45,243.0,94.4892,0
eclipse,org::eclipse::jdt::internal::core::search::JavaSearchScope,79.0,14,3,91,111.0,0,289.0,14.0,90,9,2269.0,335.0,25.2111,1645.0,335.0,18.2778,624.0,96.0,6.93333,367.0,143.248,1
eclipse,org::eclipse::jdt::internal::compiler::util::SimpleSet,36.0,24,1,45,27.0,0,103.0,10.0,3,2,16.0,15.0,5.33333,1.0,1.0,0.333333,15.0,15.0,5.0,112.0,38.3036,0
eclipse,org::eclipse::jdt::internal::core::jdom::DOMMember,33.0,10,3,210,61.0,4,146.0,21.0,37,6,706.0,351.0,19.0811,739.0,351.0,19.973,-33.0,5.0,-0.891892,367.0,39.6908,0
eclipse,org::eclipse::jdt::internal::core::jdom::DOMMethod,104.0,13,4,780,162.0,0,404.0,40.0,43,7,1703.0,718.0,39.6047,1711.0,718.0,39.7907,-8.0,44.0,-0.186047,367.0,41.9631,0
eclipse,org::eclipse::jdt::internal::codeassist::select::SelectionOnLocalName,5.0,4,5,6,16.0,0,24.0,4.0,16,6,60.0,13.0,3.75,43.0,9.0,2.6875,17.0,6.0,1.0625,325.143,102.576,0
eclipse,org::eclipse::jdt::internal::compiler::ast::Javadoc,269.0,24,2,55,172.0,3,708.0,11.0,80,6,1712.0,152.0,21.4,853.0,113.0,10.6625,859.0,105.0,10.7375,239.143,65.9057,1
eclipse,org::eclipse::jdt::core::dom::TypeBinding,271.0,22,2,1653,361.0,0,952.0,58.0,166,11,4331.0,668.0,26.0904,2972.0,616.0,17.9036,1359.0,119.0,8.18675,333.143,147.972,1
eclipse,org::eclipse::jdt::core::search::SearchRequestor,4.0,2,1,10,5.0,1,12.0,5.0,16,4,144.0,45.0,9.0,121.0,29.0,7.5625,23.0,22.0,1.4375,236.0,21.5427,0
eclipse,org::eclipse::jdt::core::dom::ContinueStatement,16.0,4,3,66,35.0,0,59.0,12.0,34,7,314.0,123.0,9.23529,179.0,123.0,5.26471,135.0,60.0,3.97059,333.143,70.7502,0
eclipse,org::eclipse::jdt::internal::core::builder::AdditionalTypeCollection,1.0,1,2,0,1.0,0,4.0,1.0,9,4,44.0,22.0,4.88889,39.0,22.0,4.33333,5.0,5.0,0.555556,329.0,44.6526,1
eclipse,org::eclipse::jdt::core::JavaModelException,12.0,38,1,15,30.0,0,52.0,6.0,38,6,385.0,132.0,10.1316,305.0,132.0,8.02632,80.0,23.0,2.10526,367.0,60.177,0
eclipse,org::eclipse::jdt::internal::core::builder::StringSet,19.0,4,1,15,13.0,0,56.0,6.0,12,5,40.0,11.0,3.33333,14.0,4.0,1.16667,26.0,11.0,2.16667,240.143,20.6786,0
eclipse,org::eclipse::jdt::core::search::PackageDeclarationMatch,1.0,1,2,0,1.0,0,3.0,1.0,17,4,106.0,23.0,6.23529,24.0,6.0,1.41176,82.0,23.0,4.82353,227.571,9.22237,0
eclipse,org::eclipse::jdt::internal::core::CreatePackageFragmentOperation,21.0,8,2,6,48.0,0,83.0,4.0,51,7,426.0,143.0,8.35294,394.0,143.0,7.72549,32.0,13.0,0.627451,367.0,88.2921,0
eclipse,org::eclipse::jdt::internal::core::util::ClassFileReader,64.0,12,2,253,66.0,0,285.0,23.0,35,6,336.0,103.0,9.6,306.0,89.0,8.74286,30.0,22.0,0.857143,322.714,75.7976,0
eclipse,org::eclipse::jdt::internal::compiler::ast::ArrayReference,37.0,9,5,55,70.0,0,158.0,11.0,66,8,885.0,193.0,13.4091,823.0,193.0,12.4697,62.0,53.0,0.939394,367.0,125.48,0
eclipse,org::eclipse::jdt::internal::formatter::comment::HTMLEntity2JavaReader,13.0,7,2,6,25.0,0,44.0,4.0,6,1,10.0,3.0,1.66667,6.0,2.0,1.0,4.0,2.0,0.666667,168.857,94.5857,0
eclipse,org::eclipse::jdt::internal::core::BinaryMethod,118.0,32,7,465,241.0,1,529.0,31.0,121,9,1943.0,305.0,16.0579,1245.0,305.0,10.2893,698.0,150.0,5.76859,367.0,146.939,1
eclipse,org::eclipse::jdt::internal::core::search::matching::ImportMatchLocatorParser,10.0,1,3,10,13.0,0,28.0,5.0,6,1,98.0,37.0,16.3333,13.0,9.0,2.16667,85.0,37.0,14.1667,142.0,29.0831,0
eclipse,org::eclipse::jdt::core::dom::MethodRef,28.0,8,2,136,60.0,0,109.0,17.0,24,5,269.0,100.0,11.2083,68.0,9.0,2.83333,201.0,91.0,8.375,229.714,9.76739,0
eclipse,org::eclipse::jdt::internal::core::util::ReferenceInfoAdapter,6.0,0,1,15,6.0,3,18.0,6.0,20,5,155.0,46.0,7.75,150.0,54.0,7.5,5.0,14.0,0.25,367.0,80.0212,0
eclipse,org::eclipse::jdt::internal::core::RenameResourceElementsOperation,9.0,6,5,6,12.0,0,28.0,4.0,31,5,148.0,67.0,4.77419,153.0,67.0,4.93548,-5.0,4.0,-0.16129,367.0,52.1911,0
eclipse,org::eclipse::jdt::core::dom::ASTMatcher,19.0,4,1,15,19.0,0,52.0,6.0,66,9,2006.0,584.0,30.3939,470.0,105.0,7.12121,1536.0,556.0,23.2727,329.143,99.6814,0
eclipse,org::eclipse::jdt::core::WorkingCopyOwner,4.0,10,1,10,13.0,2,17.0,5.0,33,7,310.0,87.0,9.39394,86.0,19.0,2.60606,224.0,68.0,6.78788,261.571,129.549,0
eclipse,org::eclipse::jdt::core::compiler::ReconcileContext,14.0,5,1,36,26.0,0,44.0,9.0,13,3,86.0,47.0,6.61538,49.0,13.0,3.76923,37.0,35.0,2.84615,136.571,12.0282,0
eclipse,org::eclipse::jdt::core::ClasspathContainerInitializer,13.0,4,1,45,21.0,1,69.0,10.0,43,8,485.0,178.0,11.2791,140.0,46.0,3.25581,345.0,132.0,8.02326,320.714,153.406,0
eclipse,org::eclipse::jdt::internal::core::Annotation,16.0,10,4,55,30.0,2,56.0,11.0,1,1,0.0,0.0,0.0,0.0,0.0,0.0,0.0,0.0,0.0,33.8571,0.0,1
eclipse,org::eclipse::jdt::internal::core::jdom::AbstractDOMBuilder,22.0,5,2,36,22.0,2,82.0,9.0,28,6,414.0,215.0,14.7857,428.0,215.0,15.2857,-14.0,6.0,-0.5,367.0,45.3585,0
eclipse,org::eclipse::jdt::internal::eval::Evaluator,7.0,7,1,21,25.0,2,104.0,7.0,49,5,416.0,172.0,8.4898,421.0,172.0,8.59184,-5.0,15.0,-0.102041,367.0,57.4475,0
eclipse,org::eclipse::jdt::internal::formatter::comment::JavaDocRegion,51.0,13,3,91,110.0,0,231.0,14.0,14,3,45.0,11.0,3.21429,25.0,6.0,1.78571,20.0,9.0,1.42857,168.857,52.1873,0
eclipse,org::eclipse::jdt::core::dom::VariableBinding,71.0,16,2,231,90.0,0,232.0,22.0,71,11,877.0,133.0,12.3521,531.0,133.0,7.47887,346.0,48.0,4.87324,333.143,129.753,0
eclipse,org::eclipse::jdt::internal::compiler::problem::DefaultProblem,58.0,4,2,190,31.0,0,164.0,20.0,64,7,1384.0,248.0,21.625,1316.0,248.0,20.5625,68.0,44.0,1.0625,367.0,111.665,0
eclipse,org::eclipse::jdt::core::util::ClassFormatException,1.0,0,1,0,1.0,0,3.0,1.0,26,5,67.0,10.0,2.57692,43.0,9.0,1.65385,24.0,10.0,0.923077,322.714,76.2345,0
eclipse,org::eclipse::jdt::internal::core::builder::IncrementalImageBuilder,215.0,24,2,210,322.0,0,706.0,21.0,124,9,2029.0,568.0,16.3629,1496.0,568.0,12.0645,533.0,51.0,4.29839,329.0,99.3253,1
eclipse,org::eclipse::jdt::internal::codeassist::select::SelectionOnNameOfMemberValuePair,4.0,2,3,3,8.0,0,17.0,3.0,4,2,6.0,4.0,1.5,6.0,4.0,1.5,0.0,0.0,0.0,183.857,30.9762,0
eclipse,org::eclipse::jdt::internal::core::SourceRefElement,50.0,29,3,351,83.0,7,171.0,27.0,64,7,714.0,232.0,11.1563,652.0,232.0,10.1875,62.0,39.0,0.96875,367.0,69.3741,0
eclipse,org::eclipse::jdt::internal::codeassist::select::SelectionOnQualifiedSuperReference,5.0,3,8,3,10.0,0,16.0,3.0,28,5,190.0,60.0,6.78571,192.0,60.0,6.85714,-2.0,7.0,-0.0714286,367.0,63.3609,0
eclipse,org::eclipse::jdt::internal::core::NonJavaResource,24.0,6,2,78,32.0,0,77.0,13.0,1,1,0.0,0.0,0.0,0.0,0.0,0.0,0.0,0.0,0.0,15.7143,0.0,0
eclipse,org::eclipse::jdt::internal::core::hierarchy::HierarchyBinaryType,44.0,6,3,231,61.0,0,154.0,22.0,49,9,726.0,219.0,14.8163,729.0,219.0,14.8776,-3.0,23.0,-0.0612245,367.0,72.1556,0
eclipse,org::eclipse::jdt::internal::codeassist::complete::CompletionOnFieldName,5.0,4,5,3,13.0,0,20.0,3.0,20,6,91.0,42.0,4.55,76.0,42.0,3.8,15.0,10.0,0.75,347.857,63.5369,0
eclipse,org::eclipse::jdt::internal::compiler::impl::FloatConstant,12.0,4,2,66,14.0,0,36.0,12.0,37,6,232.0,64.0,6.27027,239.0,64.0,6.45946,-7.0,11.0,-0.189189,367.0,46.1823,0
eclipse,org::eclipse::jdt::internal::compiler::codegen::FloatCache,32.0,4,1,15,17.0,0,88.0,6.0,30,5,572.0,138.0,19.0667,570.0,138.0,19.0,2.0,10.0,0.0666667,367.0,77.5457,0
eclipse,org::eclipse::jdt::internal::compiler::parser::SourceTypeConverter,51.0,21,2,15,57.0,0,209.0,6.0,82,9,1715.0,270.0,20.9146,1266.0,524.0,15.439,449.0,265.0,5.47561,222.857,54.4049,0
eclipse,org::eclipse::jdt::internal::core::search::matching::ClassFileMatchLocator,162.0,29,1,136,215.0,0,462.0,17.0,56,8,657.0,141.0,11.7321,398.0,53.0,7.10714,259.0,140.0,4.625,250.0,147.079,1
eclipse,org::eclipse::jdt::internal::core::VerboseElementCache,7.0,10,4,3,19.0,0,27.0,3.0,2,1,8.0,8.0,4.0,3.0,3.0,1.5,5.0,5.0,2.5,123.714,0.142857,0
eclipse,org::eclipse::jdt::internal::core::BinaryTypeConverter,52.0,16,2,15,57.0,0,216.0,6.0,20,7,250.0,94.0,12.5,124.0,60.0,6.2,126.0,43.0,6.3,192.0,152.038,0
eclipse,org::eclipse::jdt::internal::compiler::util::CompoundNameVector,16.0,4,1,28,17.0,0,50.0,8.0,13,4,95.0,68.0,7.30769,88.0,68.0,6.76923,7.0,5.0,0.538462,345.429,47.2707,0
eclipse,org::eclipse::jdt::core::dom::PackageBinding,43.0,16,2,105,61.0,0,155.0,15.0,46,8,470.0,124.0,10.2174,229.0,124.0,4.97826,241.0,93.0,5.23913,333.143,134.24,0
eclipse,org::eclipse::jdt::internal::formatter::comment::MultiCommentLine,84.0,6,2,66,126.0,1,276.0,12.0,5,1,23.0,15.0,4.6,16.0,9.0,3.2,7.0,6.0,1.4,168.857,84.6584,0
eclipse,org::eclipse::jdt::internal::core::JavaCorePreferenceInitializer,3.0,4,1,0,25.0,0,73.0,1.0,46,7,127.0,25.0,2.76087,132.0,25.0,2.86957,-5.0,18.0,-0.108696,181.429,33.0315,0
eclipse,org::eclipse::jdt::internal::compiler::codegen::VerificationTypeInfo,43.0,4,1,45,33.0,0,156.0,10.0,8,2,46.0,29.0,5.75,12.0,7.0,1.5,34.0,22.0,4.25,126.571,67.1366,0
eclipse,org::eclipse::jdt::internal::compiler::ast::QualifiedThisReference,17.0,12,6,15,27.0,1,76.0,6.0,52,7,690.0,175.0,13.2692,711.0,175.0,13.6731,-21.0,40.0,-0.403846,367.0,68.7714,0
eclipse,org::eclipse::jdt::internal::codeassist::complete::CompletionOnJavadocParamNameReference,6.0,2,8,10,8.0,0,17.0,5.0,6,2,17.0,9.0,2.83333,8.0,6.0,1.33333,9.0,9.0,1.5,140.143,2.19328,0
eclipse,org::eclipse::jdt::core::dom::MethodBinding,86.0,14,2,465,85.0,0,290.0,31.0,108,11,1416.0,164.0,13.1111,970.0,164.0,8.98148,446.0,83.0,4.12963,333.143,159.011,0
eclipse,org::eclipse::jdt::internal::compiler::ast::ConstructorDeclaration,118.0,33,3,105,145.0,0,437.0,15.0,123,9,2597.0,393.0,21.1138,2389.0,393.0,19.4228,208.0,66.0,1.69106,367.0,130.377,1
eclipse,org::eclipse::jdt::internal::core::CreateCompilationUnitOperation,19.0,14,2,10,58.0,0,87.0,5.0,51,6,437.0,149.0,8.56863,352.0,149.0,6.90196,85.0,20.0,1.66667,367.0,65.764,0
eclipse,org::eclipse::jdt::core::CorrectionEngine,24.0,7,1,15,31.0,0,128.0,6.0,60,10,979.0,413.0,16.3167,808.0,413.0,13.4667,171.0,39.0,2.85,333.0,66.5053,1
eclipse,org::eclipse::jdt::internal::core::search::matching::VariableLocator,15.0,4,2,6,13.0,2,36.0,4.0,12,6,71.0,49.0,5.91667,69.0,54.0,5.75,2.0,7.0,0.166667,243.0,46.3501,1
eclipse,org::eclipse::jdt::internal::compiler::batch::ClasspathDirectory,41.0,8,2,66,63.0,0,136.0,12.0,61,7,601.0,116.0,9.85246,498.0,116.0,8.16393,103.0,28.0,1.68852,367.0,95.2008,0
eclipse,org::eclipse::jdt::internal::core::index::MemoryIndex,35.0,7,1,21,36.0,0,99.0,7.0,21,8,290.0,107.0,13.8095,51.0,15.0,2.42857,239.0,107.0,11.381,228.429,14.2847,0
eclipse,org::eclipse::jdt::internal::compiler::ast::SwitchStatement,79.0,21,3,21,99.0,0,334.0,7.0,95,8,2048.0,311.0,21.5579,1923.0,311.0,20.2421,125.0,28.0,1.31579,367.0,88.3375,1
eclipse,org::eclipse::jdt::internal::core::search::indexing::InternalSearchDocument,7.0,2,1,6,10.0,1,16.0,4.0,14,6,51.0,12.0,3.64286,26.0,11.0,1.85714,25.0,11.0,1.78571,216.571,75.3782,1
eclipse,org::eclipse::jdt::core::dom::BindingResolver,35.0,26,1,595,35.0,1,105.0,35.0,63,10,2035.0,467.0,32.3016,1133.0,467.0,17.9841,902.0,139.0,14.3175,333.143,107.323,0
eclipse,org::eclipse::jdt::internal::compiler::codegen::StackMapFrame,89.0,4,1,105,52.0,0,325.0,15.0,12,2,139.0,38.0,11.5833,130.0,77.0,10.8333,9.0,16.0,0.75,126.571,41.1747,0
eclipse,org::eclipse::jdt::internal::core::AnnotationInfo,0.0,1,3,0,1.0,0,0.0,1.0,2,2,1.0,1.0,0.5,1.0,1.0,0.5,0.0,0.0,0.0,33.8571,30.8571,0
eclipse,org::eclipse::jdt::internal::compiler::classfmt::ClassFormatException,7.0,1,1,10,11.0,0,29.0,5.0,25,5,421.0,100.0,16.84,300.0,69.0,12.0,121.0,60.0,4.84,367.0,106.91,0
eclipse,org::eclipse::jdt::internal::core::builder::ClasspathDirectory,32.0,9,2,78,42.0,1,101.0,13.0,40,8,373.0,105.0,9.325,329.0,105.0,8.225,44.0,14.0,1.1,329.0,68.1264,0
eclipse,org::eclipse::jdt::internal::compiler::classfmt::MethodInfoWithParameterAnnotations,17.0,4,4,10,14.0,0,35.0,5.0,2,2,1.0,1.0,0.5,1.0,1.0,0.5,0.0,0.0,0.0,127.0,69.2857,0
eclipse,org::eclipse::jdt::internal::core::builder::ClasspathMultiDirectory,16.0,5,3,6,11.0,0,33.0,4.0,28,7,178.0,58.0,6.35714,175.0,58.0,6.25,3.0,8.0,0.107143,329.0,38.0385,0
eclipse,org::eclipse::jdt::internal::compiler::lookup::TypeBinding,273.0,128,2,1596,197.0,3,773.0,57.0,144,10,3312.0,537.0,23.0,1949.0,361.0,13.5347,1363.0,176.0,9.46528,367.0,227.626,1
eclipse,org::eclipse::jdt::internal::compiler::flow::LabelFlowContext,7.0,4,3,6,10.0,0,23.0,4.0,34,5,233.0,54.0,6.85294,240.0,54.0,7.05882,-7.0,6.0,-0.205882,367.0,77.8087,0
eclipse,org::eclipse::jdt::internal::compiler::ast::AssertStatement,32.0,18,3,21,63.0,0,163.0,7.0,69,7,823.0,171.0,11.9275,442.0,171.0,6.4058,381.0,145.0,5.52174,359.857,56.821,1
eclipse,org::eclipse::jdt::internal::core::search::matching::TypeReferencePattern,16.0,2,5,36,20.0,1,54.0,9.0,100,7,4966.0,645.0,49.66,5428.0,645.0,54.28,-462.0,55.0,-4.62,367.0,46.5549,1
eclipse,org::eclipse::jdt::core::search::TypeNameMatchRequestor,0.0,2,1,0,1.0,0,0.0,1.0,3,2,6.0,5.0,2.0,8.0,7.0,2.66667,-2.0,0.0,-0.666667,89.0,22.9524,0
eclipse,org::eclipse::jdt::internal::codeassist::select::SelectionOnPackageReference,4.0,2,3,1,7.0,0,11.0,2.0,28,5,136.0,50.0,4.85714,134.0,50.0,4.78571,2.0,6.0,0.0714286,367.0,53.2805,0
eclipse,org::eclipse::jdt::core::BindingKey,18.0,7,1,78,46.0,0,82.0,13.0,26,4,332.0,39.0,12.7692,131.0,39.0,5.03846,201.0,39.0,7.73077,175.714,23.7431,0
eclipse,org::eclipse::jdt::internal::compiler::ast::JavadocReturnStatement,10.0,6,4,6,16.0,0,29.0,4.0,25,7,64.0,13.0,2.56,53.0,8.0,2.12,11.0,13.0,0.44,239.143,70.4911,0
eclipse,org::eclipse::jdt::internal::eval::CodeSnippetAllocationExpression,49.0,13,5,10,73.0,0,184.0,5.0,56,8,647.0,174.0,11.5536,567.0,174.0,10.125,80.0,30.0,1.42857,367.0,86.2279,1
eclipse,org::eclipse::jdt::internal::compiler::env::AccessRule,12.0,7,1,15,19.0,1,39.0,6.0,6,3,42.0,22.0,7.0,25.0,9.0,4.16667,17.0,17.0,2.83333,169.143,25.6633,0
eclipse,org::eclipse::jdt::internal::core::jdom::DOMBuilder,85.0,9,3,406,114.0,0,368.0,29.0,46,6,1599.0,712.0,34.7609,1693.0,825.0,36.8043,-94.0,80.0,-2.04348,367.0,40.0115,0
eclipse,org::eclipse::jdt::internal::core::search::matching::TypeParameterPattern,13.0,13,4,3,32.0,0,61.0,3.0,11,3,44.0,16.0,4.0,35.0,11.0,3.18182,9.0,5.0,0.818182,177.143,23.7045,0
eclipse,org::eclipse::jdt::internal::core::util::InnerClassesAttributeEntry,14.0,4,2,28,21.0,0,49.0,8.0,11,4,42.0,9.0,3.81818,42.0,9.0,3.81818,0.0,0.0,0.0,322.714,36.2279,0
eclipse,org::eclipse::jdt::core::dom::ASTSyntaxErrorPropagator,8.0,3,2,3,14.0,0,62.0,3.0,23,8,214.0,99.0,9.30435,133.0,99.0,5.78261,81.0,21.0,3.52174,332.0,76.0494,0
eclipse,org::eclipse::jdt::internal::codeassist::complete::CompletionOnFieldType,3.0,2,5,1,4.0,0,14.0,2.0,21,5,120.0,58.0,5.71429,122.0,58.0,5.80952,-2.0,6.0,-0.0952381,367.0,63.0702,0
eclipse,org::eclipse::jdt::internal::codeassist::select::SelectionOnExplicitConstructorCall,11.0,5,4,3,16.0,0,34.0,3.0,30,5,243.0,71.0,8.1,236.0,71.0,7.86667,7.0,6.0,0.233333,367.0,47.4062,0
eclipse,org::eclipse::jdt::internal::core::util::HandleFactory,50.0,23,1,10,85.0,0,200.0,5.0,60,8,890.0,212.0,14.8333,769.0,281.0,12.8167,121.0,131.0,2.01667,249.143,32.1392,0
eclipse,org::eclipse::jdt::internal::core::dom::rewrite::TrackedNodePosition,7.0,2,1,3,11.0,0,24.0,3.0,9,6,49.0,11.0,5.44444,31.0,10.0,3.44444,18.0,9.0,2.0,220.143,38.5423,0
eclipse,org::eclipse::jdt::internal::compiler::util::SimpleSetOfCharArray,36.0,7,1,45,27.0,0,103.0,10.0,6,3,302.0,143.0,50.3333,287.0,143.0,47.8333,15.0,143.0,2.5,84.5714,23.6272,0
eclipse,org::eclipse::jdt::internal::core::dom::rewrite::ASTRewriteAnalyzer,218.0,34,2,2080,547.0,0,907.0,65.0,68,9,2381.0,402.0,35.0147,1288.0,141.0,18.9412,1093.0,361.0,16.0735,220.143,35.9899,1
eclipse,org::eclipse::jdt::internal::compiler::ast::ReturnStatement,74.0,17,3,55,81.0,2,217.0,11.0,84,7,1444.0,249.0,17.1905,1425.0,249.0,16.9643,19.0,15.0,0.22619,367.0,110.897,1
eclipse,org::eclipse::jdt::core::search::MethodDeclarationMatch,1.0,2,2,0,1.0,0,3.0,1.0,17,4,106.0,23.0,6.23529,24.0,6.0,1.41176,82.0,23.0,4.82353,227.571,9.22237,0
eclipse,org::eclipse::jdt::internal::core::util::LocalVariableAttribute,5.0,3,3,3,5.0,0,21.0,3.0,15,5,55.0,10.0,3.66667,68.0,18.0,4.53333,-13.0,4.0,-0.866667,322.714,65.2597,0
eclipse,org::eclipse::jdt::internal::core::builder::NameEnvironment,79.0,19,1,36,116.0,0,271.0,9.0,69,8,922.0,282.0,13.3623,747.0,282.0,10.8261,175.0,38.0,2.53623,329.0,47.0913,0
eclipse,org::eclipse::jdt::core::dom::ParameterizedType,22.0,10,3,91,47.0,0,88.0,14.0,39,6,734.0,162.0,18.8205,232.0,58.0,5.94872,502.0,162.0,12.8718,239.571,14.6339,0
eclipse,org::eclipse::jdt::internal::formatter::comment::Java2HTMLEntityReader,12.0,5,2,1,18.0,0,50.0,2.0,9,1,141.0,54.0,15.6667,37.0,18.0,4.11111,104.0,50.0,11.5556,168.857,122.691,0
eclipse,org::eclipse::jdt::internal::core::BufferFactoryWrapper,10.0,6,2,15,11.0,0,23.0,6.0,16,6,51.0,11.0,3.1875,46.0,9.0,2.875,5.0,10.0,0.3125,261.571,25.8964,0
eclipse,org::eclipse::jdt::internal::core::NameLookup,181.0,29,1,171,244.0,0,691.0,19.0,144,9,3524.0,763.0,24.4722,2994.0,763.0,20.7917,530.0,86.0,3.68056,367.0,134.697,0
eclipse,org::eclipse::jdt::internal::codeassist::complete::CompletionOnJavadocTag,34.0,8,8,21,24.0,0,115.0,7.0,6,2,58.0,22.0,9.66667,21.0,14.0,3.5,37.0,17.0,6.16667,140.143,27.7192,1
eclipse,org::eclipse::jdt::internal::compiler::util::HashtableOfObject,33.0,17,1,45,26.0,0,122.0,10.0,39,6,533.0,147.0,13.6667,455.0,147.0,11.6667,78.0,35.0,2.0,367.0,47.9743,0
eclipse,org::eclipse::jdt::internal::compiler::ast::ParameterizedQualifiedTypeReference,91.0,16,7,36,115.0,2,296.0,9.0,85,9,1168.0,274.0,13.7412,526.0,106.0,6.18824,642.0,274.0,7.55294,240.857,56.7549,1
eclipse,org::eclipse::jdt::internal::eval::EvaluationContext,43.0,19,1,190,76.0,0,332.0,20.0,75,9,2010.0,555.0,26.8,2774.0,1321.0,36.9867,-764.0,39.0,-10.1867,367.0,40.6723,0
eclipse,org::eclipse::jdt::internal::compiler::ast::ContinueStatement,17.0,9,4,6,29.0,0,75.0,4.0,14,6,92.0,64.0,6.57143,94.0,70.0,6.71429,-2.0,3.0,-0.142857,270.143,132.286,0
eclipse,org::eclipse::jdt::internal::compiler::ast::ThrowStatement,13.0,8,3,15,28.0,0,44.0,6.0,49,7,895.0,78.0,18.2653,895.0,78.0,18.2653,0.0,8.0,0.0,367.0,42.2337,0
eclipse,org::eclipse::jdt::internal::core::SourceType,121.0,42,6,1128,258.0,1,480.0,48.0,173,9,2305.0,458.0,13.3237,1752.0,458.0,10.1272,553.0,72.0,3.19653,367.0,96.9238,0
eclipse,org::eclipse::jdt::internal::core::util::StackMapFrame,20.0,3,2,28,24.0,0,127.0,8.0,8,3,305.0,162.0,38.125,13.0,11.0,1.625,292.0,162.0,36.5,228.857,56.919,0
eclipse,org::eclipse::jdt::core::CheckDebugAttributes,14.0,7,1,6,28.0,0,50.0,4.0,16,6,69.0,15.0,4.3125,36.0,7.0,2.25,33.0,14.0,2.0625,252.857,97.1739,0
eclipse,org::eclipse::jdt::internal::core::ClasspathEntry,396.0,46,1,946,567.0,0,1340.0,44.0,128,9,5536.0,1358.0,43.25,3522.0,1358.0,27.5156,2014.0,449.0,15.7344,367.0,164.919,1
eclipse,org::eclipse::jdt::internal::core::jdom::DOMPackage,12.0,6,3,36,28.0,0,50.0,9.0,34,7,370.0,141.0,10.8824,366.0,141.0,10.7647,4.0,5.0,0.117647,367.0,42.3432,0
eclipse,org::eclipse::jdt::internal::core::search::matching::PackageReferencePattern,12.0,1,5,36,14.0,0,40.0,9.0,83,7,2960.0,450.0,35.6627,3359.0,450.0,40.4699,-399.0,58.0,-4.80723,367.0,36.1602,1
eclipse,org::eclipse::jdt::internal::core::JavaProjectElementInfo,55.0,21,3,45,82.0,0,251.0,10.0,69,7,1470.0,235.0,21.3043,1179.0,235.0,17.087,291.0,62.0,4.21739,367.0,131.242,1
eclipse,org::eclipse::jdt::internal::core::SourceAnnotationMethodInfo,1.0,1,7,1,2.0,0,3.0,2.0,8,3,17.0,6.0,2.125,20.0,9.0,2.5,-3.0,4.0,-0.375,184.571,104.076,0
eclipse,org::eclipse::jdt::internal::compiler::ast::ExtendedStringLiteral,4.0,2,6,6,11.0,0,29.0,4.0,33,5,291.0,81.0,8.81818,279.0,81.0,8.45454,12.0,20.0,0.363636,367.0,56.6794,0
eclipse,org::eclipse::jdt::internal::core::builder::WorkQueue,9.0,4,1,28,16.0,0,28.0,8.0,15,7,101.0,54.0,6.73333,96.0,54.0,6.4,5.0,5.0,0.333333,329.0,55.1117,0
eclipse,org::eclipse::jdt::internal::core::SourceConstructorInfo,4.0,1,6,10,5.0,0,13.0,5.0,4,2,6.0,4.0,1.5,6.0,4.0,1.5,0.0,0.0,0.0,184.571,31.7143,0
eclipse,org::eclipse::jdt::internal::compiler::ast::ArrayQualifiedTypeReference,12.0,8,6,15,21.0,2,62.0,6.0,49,7,334.0,51.0,6.81633,269.0,51.0,5.4898,65.0,23.0,1.32653,367.0,98.6069,0
eclipse,org::eclipse::jdt::internal::compiler::DocumentElementParser,138.0,25,2,1711,308.0,0,1200.0,59.0,74,5,4391.0,1328.0,59.3378,4465.0,1328.0,60.3378,-74.0,34.0,-1.0,367.0,52.6632,0
eclipse,org::eclipse::jdt::internal::core::builder::ImageBuilderInternalException,4.0,2,1,3,7.0,0,15.0,3.0,15,7,87.0,39.0,5.8,70.0,39.0,4.66667,17.0,10.0,1.13333,329.0,61.9277,0
eclipse,org::eclipse::jdt::internal::codeassist::complete::CompletionOnJavadocSingleTypeReference,18.0,2,7,28,26.0,0,55.0,8.0,4,1,25.0,16.0,6.25,14.0,12.0,3.5,11.0,14.0,2.75,140.143,1.84571,0
eclipse,org::eclipse::jdt::internal::compiler::ast::OperatorExpression,73.0,5,4,300,63.0,4,1520.0,25.0,48,7,8887.0,1598.0,185.146,9187.0,1854.0,191.396,-300.0,6.0,-6.25,367.0,50.8267,0
eclipse,org::eclipse::jdt::internal::core::search::TypeNameRequestorWrapper,2.0,1,1,1,3.0,0,6.0,2.0,9,3,55.0,20.0,6.11111,55.0,46.0,6.11111,0.0,20.0,0.0,190.714,21.1013,0
eclipse,org::eclipse::jdt::internal::codeassist::impl::AssistAnnotation,2.0,5,5,1,3.0,0,7.0,2.0,1,1,0.0,0.0,0.0,0.0,0.0,0.0,0.0,0.0,0.0,14.7143,0.0,0
eclipse,org::eclipse::jdt::core::dom::ArrayCreation,27.0,6,3,120,59.0,0,110.0,16.0,45,9,583.0,204.0,12.9556,349.0,204.0,7.75556,234.0,94.0,5.2,333.143,75.7047,0
eclipse,org::eclipse::jdt::internal::core::CompilationUnitStructureRequestor,99.0,40,2,630,252.0,1,525.0,36.0,94,8,2095.0,542.0,22.2872,2143.0,579.0,22.7979,-48.0,124.0,-0.510638,367.0,102.386,1
eclipse,org::eclipse::jdt::internal::compiler::ast::JavadocSingleTypeReference,17.0,9,6,10,29.0,2,66.0,5.0,40,9,337.0,49.0,8.425,129.0,36.0,3.225,208.0,49.0,5.2,239.143,61.4837,0
eclipse,org::eclipse::jdt::internal::core::builder::BatchImageBuilder,66.0,15,2,78,89.0,0,269.0,13.0,94,9,1177.0,151.0,12.5213,992.0,151.0,10.5532,185.0,87.0,1.96809,329.0,108.524,1
eclipse,org::eclipse::jdt::internal::compiler::parser::AbstractCommentParser,426.0,13,1,861,329.0,2,1399.0,42.0,105,9,3845.0,308.0,36.619,2468.0,312.0,23.5048,1377.0,167.0,13.1143,230.143,50.3423,1
eclipse,org::eclipse::jdt::internal::core::ResolvedBinaryField,6.0,3,8,10,8.0,0,23.0,5.0,6,3,26.0,7.0,4.33333,16.0,5.0,2.66667,10.0,6.0,1.66667,175.0,23.9945,0
eclipse,org::eclipse::jdt::internal::core::index::Index,53.0,23,1,78,52.0,0,134.0,13.0,46,8,748.0,166.0,16.2609,386.0,43.0,8.3913,362.0,129.0,7.86956,234.571,30.6146,1
eclipse,org::eclipse::jdt::internal::core::ExternalFoldersManager,51.0,17,1,66,86.0,0,192.0,12.0,8,1,131.0,60.0,16.375,59.0,25.0,7.375,72.0,58.0,9.0,16.0,1.72737,1
eclipse,org::eclipse::jdt::core::dom::BooleanLiteral,14.0,2,3,66,28.0,0,52.0,12.0,28,7,287.0,113.0,10.25,155.0,113.0,5.53571,132.0,61.0,4.71429,333.143,73.4545,0
eclipse,org::eclipse::jdt::internal::core::util::Disassembler,159.0,18,2,561,263.0,1,629.0,34.0,132,7,6668.0,923.0,50.5151,4784.0,808.0,36.2424,1884.0,433.0,14.2727,322.714,132.977,1
eclipse,org::eclipse::jdt::internal::core::util::DOMFinder,10.0,7,2,6,14.0,0,28.0,4.0,6,2,67.0,28.0,11.1667,26.0,15.0,4.33333,41.0,21.0,6.83333,178.143,48.6098,0
eclipse,org::eclipse::jdt::internal::compiler::lookup::VariableBinding,11.0,29,2,28,15.0,2,35.0,8.0,41,7,209.0,39.0,5.09756,171.0,39.0,4.17073,38.0,14.0,0.926829,367.0,110.032,0
eclipse,org::eclipse::jdt::internal::core::util::CodeSnippetParsingUtil,19.0,15,1,15,67.0,0,152.0,6.0,24,8,256.0,43.0,10.6667,166.0,26.0,6.91667,90.0,18.0,3.75,230.571,14.5619,0
eclipse,org::eclipse::jdt::internal::core::search::indexing::ReadWriteMonitor,15.0,12,1,28,21.0,0,52.0,8.0,27,6,329.0,85.0,12.1852,222.0,85.0,8.22222,107.0,24.0,3.96296,367.0,81.0729,0
eclipse,org::eclipse::jdt::internal::core::JavaProject,344.0,94,4,4753,664.0,1,1607.0,98.0,469,12,14901.0,2162.0,31.7719,12570.0,2162.0,26.8017,2331.0,334.0,4.97015,367.0,90.5064,1
eclipse,org::eclipse::jdt::internal::compiler::flow::ExceptionHandlingFlowContext,36.0,13,2,36,47.0,1,139.0,9.0,56,7,1017.0,186.0,18.1607,918.0,186.0,16.3929,99.0,37.0,1.76786,367.0,92.2651,1
eclipse,org::eclipse::jdt::internal::core::search::matching::TypeReferenceLocator,117.0,22,2,91,107.0,0,343.0,14.0,84,9,1376.0,249.0,16.381,989.0,200.0,11.7738,387.0,237.0,4.60714,248.571,63.8602,1
eclipse,org::eclipse::jdt::internal::core::JavaModelStatus,89.0,15,2,91,120.0,0,286.0,14.0,55,6,2135.0,325.0,38.8182,1973.0,325.0,35.8727,162.0,84.0,2.94545,367.0,56.5857,0
eclipse,org::eclipse::jdt::core::dom::CatchClause,27.0,5,2,91,53.0,0,107.0,14.0,39,7,487.0,173.0,12.4872,297.0,173.0,7.61538,190.0,74.0,4.87179,333.143,72.7413,0
eclipse,org::eclipse::jdt::internal::compiler::ast::JavadocArraySingleTypeReference,4.0,3,7,6,12.0,0,14.0,4.0,16,5,50.0,9.0,3.125,21.0,4.0,1.3125,29.0,8.0,1.8125,239.143,32.7971,0
eclipse,org::eclipse::jdt::internal::core::CreateMethodOperation,17.0,12,4,28,38.0,0,64.0,8.0,40,7,385.0,115.0,9.625,339.0,115.0,8.475,46.0,24.0,1.15,367.0,93.5184,0
eclipse,org::eclipse::jdt::internal::core::Buffer,62.0,6,1,231,83.0,1,275.0,22.0,73,7,1847.0,572.0,25.3014,2129.0,651.0,29.1644,-282.0,19.0,-3.86301,367.0,45.9869,0
eclipse,org::eclipse::jdt::internal::core::search::matching::TypeParameterLocator,27.0,5,2,21,16.0,0,57.0,7.0,2,2,5.0,5.0,2.5,5.0,5.0,2.5,0.0,0.0,0.0,177.143,4.28571,1
eclipse,org::eclipse::jdt::internal::compiler::batch::ClasspathLocation,4.0,4,1,1,7.0,2,15.0,2.0,14,4,62.0,14.0,4.42857,28.0,5.0,2.0,34.0,13.0,2.42857,159.857,46.9885,0
eclipse,org::eclipse::jdt::internal::core::MemberValuePair,13.0,3,1,10,8.0,0,26.0,5.0,1,1,0.0,0.0,0.0,0.0,0.0,0.0,0.0,0.0,0.0,33.8571,0.0,0
eclipse,org::eclipse::jdt::core::dom::ConstructorInvocation,23.0,4,3,78,39.0,0,76.0,13.0,35,7,514.0,124.0,14.6857,235.0,124.0,6.71429,279.0,76.0,7.97143,333.143,85.9722,0
eclipse,org::eclipse::jdt::internal::formatter::comment::CommentRegion,54.0,12,1,351,106.0,1,269.0,27.0,7,1,29.0,20.0,4.14286,47.0,36.0,6.71429,-18.0,1.0,-2.57143,168.857,58.7685,0
eclipse,org::eclipse::jdt::internal::compiler::util::HashtableOfObjectToIntArray,30.0,3,1,45,24.0,0,117.0,10.0,3,3,21.0,20.0,7.0,13.0,12.0,4.33333,8.0,8.0,2.66667,122.857,4.41497,0
eclipse,org::eclipse::jdt::internal::core::search::indexing::RemoveFolderFromIndex,15.0,5,2,3,17.0,0,49.0,3.0,41,8,172.0,20.0,4.19512,155.0,32.0,3.78049,17.0,8.0,0.414634,326.857,87.7741,0
eclipse,org::eclipse::jdt::internal::codeassist::SelectionEngine,229.0,49,2,120,265.0,0,1189.0,16.0,176,10,4315.0,737.0,24.517,3181.0,737.0,18.0739,1134.0,101.0,6.44318,367.0,115.47,1
eclipse,org::eclipse::jdt::internal::compiler::lookup::ImportBinding,7.0,8,2,10,12.0,1,21.0,5.0,32,7,133.0,45.0,4.15625,129.0,45.0,4.03125,4.0,6.0,0.125,367.0,58.1525,0
eclipse,org::eclipse::jdt::core::compiler::BuildContext,20.0,3,2,28,17.0,0,56.0,8.0,6,3,28.0,21.0,4.66667,9.0,4.0,1.5,19.0,17.0,3.16667,122.143,16.6276,0
eclipse,org::eclipse::jdt::internal::core::search::matching::PackageDeclarationLocator,3.0,2,2,3,4.0,0,11.0,3.0,7,4,9.0,4.0,1.28571,9.0,4.0,1.28571,0.0,0.0,0.0,248.571,67.7302,0
eclipse,org::eclipse::jdt::internal::compiler::codegen::ExceptionLabel,15.0,10,2,10,28.0,0,58.0,5.0,25,5,234.0,57.0,9.36,150.0,36.0,6.0,84.0,35.0,3.36,367.0,159.93,1
eclipse,org::eclipse::jdt::internal::eval::CodeSnippetFieldReference,75.0,15,6,21,132.0,0,336.0,7.0,56,9,1101.0,362.0,19.6607,1125.0,362.0,20.0893,-24.0,20.0,-0.428571,367.0,74.7192,0
eclipse,org::eclipse::jdt::internal::compiler::lookup::ElementValuePair,7.0,5,1,21,12.0,0,28.0,7.0,9,4,24.0,7.0,2.66667,7.0,2.0,0.777778,17.0,7.0,1.88889,127.0,71.7738,0
eclipse,org::eclipse::jdt::internal::core::JarPackageFragmentInfo,1.0,1,4,1,2.0,0,3.0,2.0,20,5,99.0,44.0,4.95,142.0,44.0,7.1,-43.0,2.0,-2.15,367.0,60.1457,0
eclipse,org::eclipse::jdt::internal::core::CancelableNameEnvironment,8.0,2,2,10,16.0,0,23.0,5.0,10,4,21.0,5.0,2.1,18.0,5.0,1.8,3.0,3.0,0.3,191.571,37.898,1
eclipse,org::eclipse::jdt::internal::compiler::parser::RecoveredElement,54.0,17,1,300,43.0,6,172.0,25.0,43,7,771.0,322.0,17.9302,802.0,328.0,18.6512,-31.0,21.0,-0.72093,367.0,56.2944,0
eclipse,org::eclipse::jdt::internal::core::UserLibraryClasspathContainer,13.0,4,1,21,17.0,0,35.0,7.0,12,4,61.0,17.0,5.08333,33.0,7.0,2.75,28.0,10.0,2.33333,217.0,113.841,0
eclipse,org::eclipse::jdt::internal::compiler::problem::DefaultProblemFactory,22.0,15,1,28,56.0,3,126.0,8.0,62,6,797.0,160.0,12.8548,671.0,160.0,10.8226,126.0,31.0,2.03226,367.0,94.6232,0
eclipse,org::eclipse::jdt::core::search::TypeReferenceMatch,6.0,4,4,6,7.0,0,16.0,4.0,31,6,352.0,77.0,11.3548,146.0,64.0,4.70968,206.0,53.0,6.64516,227.571,84.1364,1
eclipse,org::eclipse::jdt::internal::compiler::ast::JavadocMessageSend,53.0,12,5,15,74.0,1,174.0,6.0,49,10,322.0,37.0,6.57143,242.0,42.0,4.93878,80.0,30.0,1.63265,239.143,56.287,0
eclipse,org::eclipse::jdt::internal::compiler::lookup::BaseTypeBinding,55.0,10,3,91,17.0,0,163.0,14.0,35,7,613.0,171.0,17.5143,566.0,164.0,16.1714,47.0,28.0,1.34286,367.0,87.2589,0
eclipse,org::eclipse::jdt::core::dom::WildcardType,21.0,7,3,105,43.0,0,80.0,15.0,29,6,653.0,170.0,22.5172,87.0,16.0,3.0,566.0,170.0,19.5172,237.714,11.3424,0
eclipse,org::eclipse::jdt::internal::core::util::RuntimeInvisibleParameterAnnotationsAttribute,5.0,3,3,3,6.0,0,22.0,3.0,6,3,142.0,68.0,23.6667,6.0,4.0,1.0,136.0,68.0,22.6667,222.857,10.6881,0
eclipse,org::eclipse::jdt::internal::core::UserLibraryClasspathContainerInitializer,19.0,8,2,28,34.0,0,52.0,8.0,15,4,133.0,34.0,8.86667,101.0,39.0,6.73333,32.0,20.0,2.13333,217.0,158.364,0
eclipse,org::eclipse::jdt::core::dom::AST,182.0,108,1,7381,347.0,0,804.0,122.0,210,11,9587.0,1441.0,45.6524,7432.0,1441.0,35.3905,2155.0,359.0,10.2619,333.143,95.3919,0
eclipse,org::eclipse::jdt::internal::codeassist::UnresolvedReferenceNameFinder,86.0,11,2,153,66.0,0,321.0,18.0,11,3,416.0,224.0,37.8182,166.0,99.0,15.0909,250.0,180.0,22.7273,86.7143,10.285,0
eclipse,org::eclipse::jdt::internal::codeassist::complete::CompletionOnAnnotationOfType,2.0,2,4,1,3.0,0,10.0,2.0,5,2,14.0,6.0,2.8,9.0,5.0,1.8,5.0,6.0,1.0,183.571,67.2551,0
eclipse,org::eclipse::jdt::internal::core::util::HashSetOfCharArrayArray,33.0,6,1,36,31.0,0,118.0,9.0,1,1,0.0,0.0,0.0,0.0,0.0,0.0,0.0,0.0,0.0,28.5714,0.0,0
eclipse,org::eclipse::jdt::internal::compiler::ast::LongLiteral,47.0,6,6,21,20.0,1,128.0,7.0,34,6,426.0,140.0,12.5294,418.0,157.0,12.2941,8.0,22.0,0.235294,367.0,95.1472,0
eclipse,org::eclipse::jdt::internal::compiler::util::HashtableOfType,26.0,4,1,21,17.0,0,79.0,7.0,31,7,242.0,95.0,7.80645,239.0,95.0,7.70968,3.0,9.0,0.0967742,367.0,53.6429,0
eclipse,org::eclipse::jdt::internal::compiler::ast::ClassLiteralAccess,18.0,10,4,15,37.0,1,72.0,6.0,73,8,490.0,95.0,6.71233,446.0,95.0,6.10959,44.0,19.0,0.60274,367.0,97.614,0
eclipse,org::eclipse::jdt::core::dom::NumberLiteral,20.0,5,3,78,42.0,0,97.0,13.0,45,8,411.0,146.0,9.13333,230.0,146.0,5.11111,181.0,61.0,4.02222,333.143,65.2517,0
eclipse,org::eclipse::jdt::internal::core::util::CharArrayBuffer,10.0,11,1,6,10.0,0,35.0,4.0,22,5,407.0,195.0,18.5,414.0,195.0,18.8182,-7.0,21.0,-0.318182,367.0,40.1183,0
eclipse,org::eclipse::jdt::internal::formatter::OptimizedReplaceEdit,2.0,1,1,1,2.0,0,8.0,2.0,6,3,12.0,7.0,2.0,12.0,7.0,2.0,0.0,0.0,0.0,246.714,64.8452,0
eclipse,org::eclipse::jdt::internal::core::JavaCorePreferenceModifyListener,8.0,2,1,3,15.0,0,29.0,3.0,2,1,0.0,0.0,0.0,0.0,0.0,0.0,0.0,0.0,0.0,162.429,0.0,0
eclipse,org::eclipse::jdt::internal::core::search::matching::FieldPattern,29.0,5,5,36,30.0,1,63.0,9.0,41,6,324.0,37.0,7.90244,695.0,254.0,16.9512,-371.0,28.0,-9.04878,258.143,47.142,1
eclipse,org::eclipse::jdt::internal::core::builder::NameSet,13.0,2,1,6,10.0,0,41.0,4.0,10,5,148.0,64.0,14.8,16.0,4.0,1.6,132.0,64.0,13.2,240.857,6.00676,0
eclipse,org::eclipse::jdt::internal::core::ExternalJavaProject,8.0,5,5,15,14.0,0,29.0,6.0,6,2,12.0,5.0,2.0,4.0,1.0,0.666667,8.0,5.0,1.33333,125.0,50.0357,0
eclipse,org::eclipse::jdt::core::search::SearchEngine,14.0,15,1,78,37.0,0,54.0,13.0,183,10,6101.0,979.0,33.3388,5117.0,928.0,27.9617,984.0,171.0,5.37705,367.0,118.906,0
eclipse,org::eclipse::jdt::internal::compiler::ConfigurableOption,18.0,4,1,55,34.0,0,117.0,11.0,41,5,4660.0,487.0,113.659,4669.0,508.0,113.878,-9.0,296.0,-0.219512,367.0,16.8509,0
eclipse,org::eclipse::jdt::internal::compiler::lookup::SyntheticFieldBinding,1.0,1,4,0,1.0,0,5.0,1.0,17,6,58.0,21.0,3.41176,54.0,21.0,3.17647,4.0,6.0,0.235294,367.0,98.3818,0
eclipse,org::eclipse::jdt::internal::compiler::impl::BooleanConstant,7.0,7,2,15,7.0,0,19.0,6.0,41,6,190.0,38.0,4.63415,207.0,38.0,5.04878,-17.0,4.0,-0.414634,367.0,103.091,0
eclipse,org::eclipse::jdt::internal::core::util::HashtableOfArrayToObject,41.0,12,1,55,37.0,0,144.0,11.0,6,4,48.0,25.0,8.0,22.0,15.0,3.66667,26.0,16.0,4.33333,205.857,51.9851,0
eclipse,org::eclipse::jdt::internal::core::InitializerElementInfo,0.0,1,4,0,1.0,0,0.0,1.0,16,4,42.0,17.0,2.625,38.0,17.0,2.375,4.0,4.0,0.25,367.0,85.6224,0
eclipse,org::eclipse::jdt::core::dom::CastExpression,27.0,4,3,91,51.0,0,106.0,14.0,36,7,474.0,172.0,13.1667,288.0,172.0,8.0,186.0,72.0,5.16667,333.143,72.5286,0
eclipse,org::eclipse::jdt::internal::core::ModelUpdater,33.0,10,1,28,57.0,0,157.0,8.0,24,7,65.0,11.0,2.70833,65.0,8.0,2.70833,0.0,6.0,0.0,321.143,89.8725,0
eclipse,org::eclipse::jdt::internal::core::util::ConstantPoolEntry,44.0,1,1,946,45.0,0,169.0,44.0,10,3,51.0,22.0,5.1,29.0,9.0,2.9,22.0,22.0,2.2,322.714,97.6667,0
eclipse,org::eclipse::jdt::core::dom::AnnotationBinding,63.0,24,2,120,100.0,0,190.0,16.0,10,4,124.0,76.0,12.4,34.0,18.0,3.4,90.0,58.0,9.0,122.714,90.1463,1
eclipse,org::eclipse::jdt::internal::core::ResolvedBinaryMethod,6.0,3,8,10,8.0,0,23.0,5.0,6,3,27.0,7.0,4.5,16.0,5.0,2.66667,11.0,7.0,1.83333,175.0,25.328,0
eclipse,org::eclipse::jdt::internal::core::search::matching::PossibleMatchSet,9.0,8,1,6,20.0,0,37.0,4.0,11,5,23.0,9.0,2.09091,16.0,4.0,1.45455,7.0,7.0,0.636364,248.143,154.36,0
eclipse,org::eclipse::jdt::internal::codeassist::impl::AssistSourceType,16.0,10,8,66,31.0,0,59.0,12.0,3,2,13.0,12.0,4.33333,2.0,1.0,0.666667,11.0,11.0,3.66667,14.7143,8.92308,0
eclipse,org::eclipse::jdt::internal::compiler::ast::JavadocArrayQualifiedTypeReference,4.0,3,7,6,12.0,0,13.0,4.0,16,5,50.0,9.0,3.125,21.0,4.0,1.3125,29.0,8.0,1.8125,239.143,32.7971,0
eclipse,org::eclipse::jdt::internal::compiler::ast::TypeParameter,23.0,10,4,28,27.0,0,60.0,8.0,19,5,260.0,79.0,13.6842,44.0,9.0,2.31579,216.0,79.0,11.3684,240.857,35.0055,0
eclipse,org::eclipse::jdt::internal::codeassist::complete::CompletionOnMarkerAnnotationName,4.0,5,6,1,9.0,0,15.0,2.0,6,3,28.0,11.0,4.66667,6.0,4.0,1.0,22.0,11.0,3.66667,183.571,23.3571,0
eclipse,org::eclipse::jdt::internal::compiler::parser::RecoveredImport,8.0,3,2,21,10.0,0,26.0,7.0,29,5,139.0,57.0,4.7931,140.0,57.0,4.82759,-1.0,7.0,-0.0344828,367.0,49.4584,0
eclipse,org::eclipse::jdt::internal::core::builder::BuildNotifier,66.0,12,1,105,81.0,0,189.0,15.0,37,7,487.0,240.0,13.1622,445.0,240.0,12.027,42.0,43.0,1.13514,329.0,46.494,0
eclipse,org::eclipse::jdt::internal::formatter::comment::CommentFormatterUtil,12.0,3,1,6,21.0,0,55.0,4.0,4,1,3.0,1.0,0.75,3.0,1.0,0.75,0.0,0.0,0.0,168.857,55.3809,0
eclipse,org::eclipse::jdt::internal::compiler::flow::NullInfoRegistry,75.0,7,3,28,18.0,0,312.0,8.0,6,2,233.0,219.0,38.8333,261.0,248.0,43.5,-28.0,1.0,-4.66667,117.857,6.16432,0
eclipse,org::eclipse::jdt::internal::compiler::ast::Reference,13.0,12,4,28,18.0,4,42.0,8.0,37,6,315.0,76.0,8.51351,362.0,92.0,9.78378,-47.0,11.0,-1.27027,367.0,60.6934,1
eclipse,org::eclipse::jdt::internal::core::CreateTypeMemberOperation,27.0,20,3,45,83.0,4,126.0,10.0,50,9,533.0,143.0,10.66,453.0,143.0,9.06,80.0,56.0,1.6,367.0,98.5864,1
eclipse,org::eclipse::jdt::internal::core::util::RuntimeVisibleAnnotationsAttribute,5.0,5,3,3,6.0,0,22.0,3.0,7,3,144.0,68.0,20.5714,8.0,4.0,1.14286,136.0,68.0,19.4286,222.857,10.5605,0
eclipse,org::eclipse::jdt::internal::core::util::WeakHashSet,37.0,3,1,45,39.0,0,143.0,10.0,7,5,431.0,206.0,61.5714,9.0,6.0,1.28571,422.0,206.0,60.2857,142.571,1.4183,0
eclipse,org::eclipse::jdt::core::JavaConventions,69.0,19,1,91,109.0,0,219.0,14.0,141,10,4684.0,670.0,33.2199,4720.0,670.0,33.4752,-36.0,219.0,-0.255319,367.0,84.7565,1
eclipse,org::eclipse::jdt::internal::compiler::impl::StringConstant,5.0,5,2,10,6.0,0,27.0,5.0,30,4,148.0,48.0,4.93333,146.0,48.0,4.86667,2.0,5.0,0.0666667,367.0,52.1207,0
eclipse,org::eclipse::jdt::internal::compiler::lookup::Binding,6.0,91,1,28,10.0,6,18.0,8.0,42,9,255.0,41.0,6.07143,177.0,41.0,4.21429,78.0,10.0,1.85714,367.0,128.515,0
eclipse,org::eclipse::jdt::core::dom::DoStatement,27.0,6,3,91,53.0,0,106.0,14.0,42,7,501.0,172.0,11.9286,295.0,172.0,7.02381,206.0,74.0,4.90476,333.143,72.5395,0
eclipse,org::eclipse::jdt::internal::compiler::util::GenericXMLWriter,25.0,9,1,36,44.0,1,99.0,9.0,5,2,52.0,29.0,10.4,28.0,23.0,5.6,24.0,10.0,4.8,103.857,15.8049,0
eclipse,org::eclipse::jdt::internal::core::Region,22.0,8,1,28,43.0,1,89.0,8.0,32,6,379.0,151.0,11.8438,385.0,151.0,12.0313,-6.0,17.0,-0.1875,367.0,63.5756,0
eclipse,org::eclipse::jdt::internal::codeassist::impl::AssistCompilationUnit,6.0,6,5,15,14.0,0,21.0,6.0,1,1,0.0,0.0,0.0,0.0,0.0,0.0,0.0,0.0,0.0,14.7143,0.0,0
eclipse,org::eclipse::jdt::internal::core::BatchOperation,7.0,1,2,6,8.0,0,28.0,4.0,14,6,35.0,10.0,2.5,15.0,4.0,1.07143,20.0,10.0,1.42857,300.0,78.1429,0
eclipse,org::eclipse::jdt::internal::core::JarPackageFragmentRoot,47.0,22,5,210,86.0,0,185.0,21.0,86,7,1544.0,671.0,17.9535,1920.0,671.0,22.3256,-376.0,28.0,-4.37209,367.0,85.1222,0
eclipse,org::eclipse::jdt::internal::codeassist::CompletionEngine,1680.0,75,2,8515,2390.0,0,7341.0,131.0,413,11,36511.0,2702.0,88.4044,25887.0,2702.0,62.6804,10624.0,868.0,25.724,367.0,119.439,1
eclipse,org::eclipse::jdt::internal::compiler::ast::TryStatement,134.0,26,4,78,256.0,0,784.0,13.0,139,7,4053.0,618.0,29.1583,3545.0,558.0,25.5036,508.0,92.0,3.65468,367.0,129.03,1
eclipse,org::eclipse::jdt::internal::compiler::lookup::ParameterizedGenericMethodBinding,105.0,13,4,66,81.0,0,412.0,12.0,90,8,1635.0,276.0,18.1667,836.0,153.0,9.28889,799.0,204.0,8.87778,217.857,46.7696,0
eclipse,org::eclipse::jdt::core::dom::Javadoc,26.0,18,3,91,49.0,0,108.0,14.0,51,7,687.0,119.0,13.4706,309.0,119.0,6.05882,378.0,104.0,7.41176,333.143,87.2758,0
eclipse,org::eclipse::jdt::internal::core::ElementCache,8.0,5,3,10,12.0,1,36.0,5.0,22,5,203.0,66.0,9.22727,173.0,66.0,7.86364,30.0,32.0,1.36364,367.0,103.087,0
eclipse,org::eclipse::jdt::internal::compiler::lookup::ReferenceBinding,308.0,102,3,2926,290.0,8,840.0,77.0,181,10,3670.0,599.0,20.2762,2841.0,599.0,15.6961,829.0,180.0,4.58011,367.0,146.225,1
eclipse,org::eclipse::jdt::core::dom::InfixExpression,42.0,5,3,190,74.0,0,158.0,20.0,42,7,855.0,407.0,20.3571,606.0,407.0,14.4286,249.0,116.0,5.92857,333.143,61.1658,0
eclipse,org::eclipse::jdt::internal::codeassist::complete::CompletionOnJavadocAllocationExpression,18.0,2,6,28,26.0,0,56.0,8.0,6,2,26.0,15.0,4.33333,2.0,1.0,0.333333,24.0,14.0,4.0,140.143,5.91758,0
eclipse,org::eclipse::jdt::internal::compiler::util::HashtableOfInt,22.0,3,1,21,11.0,0,71.0,7.0,28,7,253.0,92.0,9.03571,253.0,92.0,9.03571,0.0,9.0,0.0,367.0,44.2716,0
eclipse,org::eclipse::jdt::internal::compiler::env::ClassSignature,3.0,5,1,3,7.0,0,12.0,3.0,2,2,1.0,1.0,0.5,1.0,1.0,0.5,0.0,0.0,0.0,127.0,69.2857,0
eclipse,org::eclipse::jdt::internal::formatter::CodeFormatterVisitor,316.0,18,2,780,405.0,0,1248.0,40.0,252,8,7409.0,1496.0,29.4008,5091.0,428.0,20.2024,2318.0,1296.0,9.19841,261.571,48.5992,1
eclipse,org::eclipse::jdt::internal::core::util::ParameterAnnotation,6.0,4,2,6,7.0,0,25.0,4.0,9,4,153.0,72.0,17.0,9.0,4.0,1.0,144.0,72.0,16.0,222.857,11.4613,0
eclipse,org::eclipse::jdt::internal::compiler::ast::LabeledStatement,20.0,11,3,21,34.0,0,92.0,7.0,58,7,549.0,125.0,9.46552,519.0,125.0,8.94828,30.0,29.0,0.517241,367.0,88.0458,0
eclipse,org::eclipse::jdt::core::dom::NormalAnnotation,18.0,4,4,78,41.0,0,67.0,13.0,23,5,464.0,123.0,20.1739,52.0,12.0,2.26087,412.0,123.0,17.913,226.0,3.29433,0
eclipse,org::eclipse::jdt::core::dom::BlockComment,9.0,4,3,36,19.0,0,31.0,9.0,21,5,103.0,37.0,4.90476,24.0,4.0,1.14286,79.0,37.0,3.7619,229.714,16.3523,0
eclipse,org::eclipse::jdt::internal::core::util::SimpleWordSet,14.0,2,1,6,11.0,0,43.0,4.0,9,5,19.0,5.0,2.11111,15.0,5.0,1.66667,4.0,2.0,0.444444,233.0,33.4662,0
eclipse,org::eclipse::jdt::internal::compiler::ast::AnnotationMethodDeclaration,33.0,14,4,28,54.0,0,128.0,8.0,21,5,130.0,52.0,6.19048,55.0,21.0,2.61905,75.0,52.0,3.57143,187.0,8.06264,0
eclipse,org::eclipse::jdt::core::search::ReferenceMatch,3.0,2,2,3,5.0,1,10.0,3.0,1,1,0.0,0.0,0.0,0.0,0.0,0.0,0.0,0.0,0.0,12.2857,0.0,1
eclipse,org::eclipse::jdt::internal::codeassist::impl::AssistSourceField,10.0,4,8,21,17.0,0,41.0,7.0,2,1,12.0,12.0,6.0,1.0,1.0,0.5,11.0,11.0,5.5,14.7143,9.57143,0
eclipse,org::eclipse::jdt::core::dom::DefaultASTVisitor,5.0,0,2,10,7.0,2,15.0,5.0,9,5,373.0,341.0,41.4444,265.0,259.0,29.4444,108.0,82.0,12.0,224.143,159.199,0
eclipse,org::eclipse::jdt::internal::core::JavaElementDeltaBuilder,112.0,16,1,210,163.0,0,354.0,21.0,48,7,1148.0,464.0,23.9167,1122.0,464.0,23.375,26.0,49.0,0.541667,367.0,82.3712,0
eclipse,org::eclipse::jdt::internal::core::ClassFileWorkingCopy,18.0,11,5,36,41.0,0,68.0,9.0,65,8,646.0,64.0,9.93846,1489.0,625.0,22.9077,-843.0,34.0,-12.9692,328.143,96.705,0
eclipse,org::eclipse::jdt::internal::compiler::ast::AllocationExpression,100.0,19,4,120,119.0,3,337.0,16.0,96,10,1711.0,272.0,17.8229,1509.0,290.0,15.7187,202.0,50.0,2.10417,367.0,115.101,1
eclipse,org::eclipse::jdt::internal::compiler::SourceElementNotifier,78.0,11,1,78,51.0,1,299.0,13.0,2,2,10.0,10.0,5.0,4.0,4.0,2.0,6.0,6.0,3.0,14.7143,5.0,0
eclipse,org::eclipse::jdt::core::dom::ASTVisitor,5.0,2,1,10,5.0,6,15.0,5.0,35,9,5188.0,1713.0,148.229,939.0,434.0,26.8286,4249.0,1511.0,121.4,333.143,105.181,0
eclipse,org::eclipse::jdt::internal::core::util::BindingKeyParser,117.0,6,1,1378,241.0,4,423.0,53.0,40,4,1012.0,232.0,25.3,469.0,78.0,11.725,543.0,154.0,13.575,175.714,41.0707,0
eclipse,org::eclipse::jdt::core::dom::Modifier,28.0,9,2,300,43.0,0,96.0,25.0,36,7,1462.0,425.0,40.6111,665.0,315.0,18.4722,797.0,270.0,22.1389,333.143,120.387,0
eclipse,org::eclipse::jdt::internal::core::dom::rewrite::RewriteEvent,0.0,6,1,10,5.0,2,0.0,5.0,7,4,9.0,3.0,1.28571,9.0,3.0,1.28571,0.0,0.0,0.0,220.143,45.0952,0
eclipse,org::eclipse::jdt::internal::core::util::MethodInfo,40.0,13,2,136,53.0,0,123.0,17.0,24,5,251.0,67.0,10.4583,172.0,51.0,7.16667,79.0,20.0,3.29167,322.714,78.992,0
eclipse,org::eclipse::jdt::internal::core::builder::AbstractImageBuilder,171.0,39,1,351,248.0,2,639.0,27.0,150,11,2422.0,411.0,16.1467,1764.0,411.0,11.76,658.0,151.0,4.38667,329.0,135.043,1
eclipse,org::eclipse::jdt::internal::compiler::ast::NullLiteral,9.0,1,6,28,13.0,0,32.0,8.0,27,5,174.0,52.0,6.44444,161.0,52.0,5.96296,13.0,8.0,0.481481,367.0,78.014,0
eclipse,org::eclipse::jdt::internal::compiler::flow::InsideSubRoutineFlowContext,8.0,5,2,15,14.0,0,27.0,6.0,27,5,185.0,41.0,6.85185,145.0,41.0,5.37037,40.0,16.0,1.48148,367.0,88.8672,0
eclipse,org::eclipse::jdt::internal::compiler::util::ObjectVector,25.0,9,1,66,21.0,0,78.0,12.0,35,6,391.0,131.0,11.1714,329.0,131.0,9.4,62.0,32.0,1.77143,367.0,38.0018,0
eclipse,org::eclipse::jdt::core::dom::AnonymousClassDeclaration,14.0,6,2,66,30.0,0,53.0,12.0,27,8,168.0,57.0,6.22222,46.0,6.0,1.7037,122.0,53.0,4.51852,328.143,102.19,0
eclipse,org::eclipse::jdt::internal::compiler::ast::QualifiedTypeReference,37.0,20,5,28,55.0,4,105.0,8.0,70,9,421.0,62.0,6.01429,333.0,62.0,4.75714,88.0,32.0,1.25714,367.0,128.918,0
eclipse,org::eclipse::jdt::internal::compiler::ast::OR_OR_Expression,53.0,10,6,15,87.0,0,226.0,6.0,50,6,1636.0,295.0,32.72,1804.0,321.0,36.08,-168.0,18.0,-3.36,367.0,64.1712,0
eclipse,org::eclipse::jdt::internal::core::util::SourceFileAttribute,4.0,4,3,3,8.0,0,15.0,3.0,13,5,30.0,9.0,2.30769,49.0,10.0,3.76923,-19.0,0.0,-1.46154,322.714,49.4905,0
eclipse,org::eclipse::jdt::core::dom::Expression,5.0,2,2,10,13.0,26,15.0,5.0,14,7,192.0,79.0,13.7143,130.0,79.0,9.28571,62.0,32.0,4.42857,333.143,100.571,0
eclipse,org::eclipse::jdt::internal::compiler::util::Messages,15.0,14,1,10,29.0,0,80.0,5.0,18,4,237.0,200.0,13.1667,69.0,43.0,3.83333,168.0,157.0,9.33333,166.714,9.8692,0
eclipse,org::eclipse::jdt::internal::core::CopyElementsOperation,38.0,21,3,28,78.0,1,124.0,8.0,57,7,667.0,263.0,11.7018,663.0,263.0,11.6316,4.0,14.0,0.0701754,367.0,62.2949,0
eclipse,org::eclipse::jdt::internal::compiler::ast::SynchronizedStatement,25.0,13,4,28,70.0,0,158.0,8.0,66,7,946.0,169.0,14.3333,862.0,169.0,13.0606,84.0,22.0,1.27273,367.0,104.98,0
eclipse,org::eclipse::jdt::internal::core::RenameElementsOperation,10.0,3,5,6,13.0,0,28.0,4.0,31,6,185.0,83.0,5.96774,190.0,83.0,6.12903,-5.0,6.0,-0.16129,367.0,51.556,0
eclipse,org::eclipse::jdt::internal::core::jdom::DOMImport,16.0,7,3,66,33.0,0,62.0,12.0,39,7,514.0,158.0,13.1795,464.0,158.0,11.8974,50.0,25.0,1.28205,367.0,53.9778,0
eclipse,org::eclipse::jdt::internal::compiler::ast::SingleTypeReference,19.0,22,5,28,30.0,6,63.0,8.0,46,9,355.0,65.0,7.71739,321.0,65.0,6.97826,34.0,11.0,0.73913,367.0,108.363,0
eclipse,org::eclipse::jdt::internal::codeassist::InternalCompletionProposal,34.0,8,1,136,31.0,1,127.0,17.0,12,4,117.0,43.0,9.75,230.0,105.0,19.1667,-113.0,7.0,-9.41667,191.714,38.3492,1
eclipse,org::eclipse::jdt::internal::compiler::ast::UnaryExpression,58.0,14,5,28,73.0,0,253.0,8.0,63,8,1269.0,287.0,20.1429,1232.0,287.0,19.5556,37.0,24.0,0.587302,367.0,48.3928,0
eclipse,org::eclipse::jdt::core::dom::ASTRecoveryPropagator,69.0,5,3,36,56.0,0,261.0,9.0,9,3,388.0,267.0,43.1111,20.0,11.0,2.22222,368.0,256.0,40.8889,126.0,23.0066,0
eclipse,org::eclipse::jdt::core::Flags,34.0,19,1,231,48.0,0,95.0,22.0,48,8,928.0,293.0,19.3333,639.0,293.0,13.3125,289.0,68.0,6.02083,367.0,81.3798,0
eclipse,org::eclipse::jdt::internal::core::CreatePackageDeclarationOperation,14.0,13,3,21,31.0,0,57.0,7.0,40,7,326.0,134.0,8.15,323.0,134.0,8.075,3.0,14.0,0.075,367.0,65.1613,0
eclipse,org::eclipse::jdt::internal::compiler::problem::AbortMethod,1.0,5,4,0,1.0,0,3.0,1.0,18,5,64.0,25.0,3.55556,51.0,25.0,2.83333,13.0,6.0,0.722222,367.0,93.6473,0
eclipse,org::eclipse::jdt::internal::core::JavaElementDelta,131.0,16,2,666,169.0,0,485.0,37.0,69,7,2270.0,728.0,32.8986,2019.0,728.0,29.2609,251.0,98.0,3.63768,367.0,56.1678,0
eclipse,org::eclipse::jdt::core::dom::WhileStatement,27.0,7,3,91,53.0,0,106.0,14.0,40,7,501.0,174.0,12.525,295.0,174.0,7.375,206.0,74.0,5.15,333.143,72.5264,0
eclipse,org::eclipse::jdt::core::dom::InstanceofExpression,27.0,5,3,91,51.0,0,106.0,14.0,35,7,297.0,92.0,8.48571,117.0,18.0,3.34286,180.0,74.0,5.14286,321.0,91.5094,0
eclipse,org::eclipse::jdt::internal::compiler::impl::CharConstant,12.0,4,2,66,14.0,0,38.0,12.0,34,6,203.0,54.0,5.97059,225.0,54.0,6.61765,-22.0,4.0,-0.647059,367.0,69.1696,0
eclipse,org::eclipse::jdt::internal::compiler::lookup::LocalTypeBinding,49.0,20,6,105,100.0,0,186.0,15.0,62,9,711.0,106.0,11.4677,516.0,117.0,8.32258,195.0,28.0,3.14516,367.0,133.266,0
eclipse,org::eclipse::jdt::internal::compiler::impl::CompilerOptions,392.0,33,1,105,287.0,0,974.0,15.0,233,11,10114.0,619.0,43.4077,8989.0,619.0,38.5794,1125.0,300.0,4.82833,367.0,71.8777,1
eclipse,org::eclipse::jdt::internal::core::eval::RequestorWrapper,7.0,4,1,3,18.0,0,36.0,3.0,24,6,146.0,65.0,6.08333,150.0,65.0,6.25,-4.0,4.0,-0.166667,367.0,65.5724,0
eclipse,org::eclipse::jdt::internal::compiler::parser::ScannerHelper,52.0,37,1,91,34.0,0,136.0,14.0,22,4,584.0,155.0,26.5455,365.0,102.0,16.5909,219.0,53.0,9.95454,173.429,40.4474,0
eclipse,org::eclipse::jdt::internal::core::search::matching::MultiTypeDeclarationPattern,46.0,6,4,15,34.0,0,146.0,6.0,15,3,182.0,53.0,12.1333,92.0,54.0,6.13333,90.0,52.0,6.0,169.571,34.5275,1
eclipse,org::eclipse::jdt::internal::core::SelectionRequestor,197.0,33,1,253,346.0,0,781.0,23.0,90,9,2364.0,335.0,26.2667,1422.0,335.0,15.8,942.0,149.0,10.4667,367.0,140.613,0
eclipse,org::eclipse::jdt::core::dom::FieldDeclaration,37.0,11,3,153,69.0,0,136.0,18.0,59,8,821.0,243.0,13.9153,531.0,243.0,9.0,290.0,170.0,4.91525,333.143,78.58,0
eclipse,org::eclipse::jdt::internal::eval::GlobalVariable,6.0,4,1,10,11.0,0,26.0,5.0,26,4,197.0,69.0,7.57692,198.0,69.0,7.61538,-1.0,9.0,-0.0384615,367.0,35.0812,0
eclipse,org::eclipse::jdt::core::dom::MemberValuePairBinding,56.0,15,2,171,76.0,1,152.0,19.0,6,2,74.0,50.0,12.3333,30.0,16.0,5.0,44.0,34.0,7.33333,122.714,56.0985,0
eclipse,org::eclipse::jdt::internal::core::hierarchy::TypeHierarchy,283.0,34,1,2278,493.0,1,1119.0,68.0,122,8,4457.0,1312.0,36.5328,4192.0,1312.0,34.3607,265.0,357.0,2.17213,367.0,59.2385,1
eclipse,org::eclipse::jdt::internal::compiler::lookup::ParameterizedTypeBinding,256.0,35,4,1275,296.0,1,866.0,51.0,184,10,4159.0,756.0,22.6033,2077.0,203.0,11.288,2082.0,756.0,11.3152,230.857,48.756,1
eclipse,org::eclipse::jdt::internal::codeassist::select::SelectionOnArgumentName,6.0,5,6,6,16.0,0,26.0,4.0,15,6,57.0,20.0,3.8,43.0,14.0,2.86667,14.0,8.0,0.933333,325.143,71.1905,0
eclipse,org::eclipse::jdt::internal::eval::CodeSnippetTypeDeclaration,13.0,8,4,1,23.0,0,56.0,2.0,23,5,225.0,83.0,9.78261,221.0,83.0,9.6087,4.0,6.0,0.173913,367.0,79.4641,0
eclipse,org::eclipse::jdt::internal::eval::EvaluationResult,29.0,8,1,78,34.0,0,99.0,13.0,29,4,581.0,232.0,20.0345,595.0,232.0,20.5172,-14.0,5.0,-0.482759,367.0,33.3142,0
eclipse,org::eclipse::jdt::internal::core::search::indexing::IndexingParser,5.0,1,4,6,4.0,0,31.0,4.0,3,2,5.0,4.0,1.66667,2.0,1.0,0.666667,3.0,3.0,1.0,118.857,59.0571,0
eclipse,org::eclipse::jdt::core::JDTCompilerAdapter,3.0,7,1,1,28.0,0,21.0,2.0,80,7,1561.0,247.0,19.5125,924.0,145.0,11.55,637.0,223.0,7.9625,318.143,122.75,0
eclipse,org::eclipse::jdt::internal::codeassist::CompletionRequestorWrapper,56.0,4,2,10,222.0,0,306.0,5.0,7,3,33.0,17.0,4.71429,32.0,17.0,4.57143,1.0,1.0,0.142857,191.714,7.50216,1
eclipse,org::eclipse::jdt::internal::core::CreateElementInCUOperation,36.0,19,2,190,85.0,3,142.0,20.0,52,6,1072.0,316.0,20.6154,1049.0,316.0,20.1731,23.0,17.0,0.442308,367.0,70.7504,0
eclipse,org::eclipse::jdt::internal::core::dom::rewrite::ListRewriteEvent,35.0,7,2,91,72.0,0,121.0,14.0,11,6,80.0,31.0,7.27273,76.0,31.0,6.90909,4.0,4.0,0.363636,220.143,30.9089,0
eclipse,org::eclipse::jdt::core::dom::Assignment,33.0,4,3,136,62.0,0,132.0,17.0,39,7,701.0,321.0,17.9744,460.0,321.0,11.7949,241.0,100.0,6.17949,333.143,63.1528,0
eclipse,org::eclipse::jdt::core::dom::NullLiteral,9.0,2,3,36,18.0,0,31.0,9.0,30,7,201.0,76.0,6.7,115.0,76.0,3.83333,86.0,37.0,2.86667,333.143,72.9204,0
eclipse,org::eclipse::jdt::internal::core::JavaElement,132.0,102,2,1540,225.0,2,505.0,56.0,156,7,3080.0,677.0,19.7436,2705.0,677.0,17.3397,375.0,128.0,2.40385,367.0,86.1558,1
eclipse,org::eclipse::jdt::internal::formatter::comment::CommentLine,33.0,10,1,171,78.0,2,149.0,19.0,5,2,23.0,9.0,4.6,3.0,2.0,0.6,20.0,9.0,4.0,168.857,34.4472,0
eclipse,org::eclipse::jdt::internal::codeassist::complete::CompletionOnMessageSend,14.0,5,5,3,24.0,0,41.0,3.0,37,6,270.0,69.0,7.2973,243.0,69.0,6.56757,27.0,10.0,0.72973,367.0,66.9688,0
eclipse,org::eclipse::jdt::core::dom::ArrayInitializer,13.0,4,3,55,27.0,0,45.0,11.0,27,7,265.0,104.0,9.81481,149.0,104.0,5.51852,116.0,53.0,4.2963,333.143,73.7757,0
eclipse,org::eclipse::jdt::internal::codeassist::impl::AssistTypeParameter,2.0,3,5,1,3.0,0,7.0,2.0,1,1,0.0,0.0,0.0,0.0,0.0,0.0,0.0,0.0,0.0,14.7143,0.0,0
eclipse,org::eclipse::jdt::internal::formatter::align::AlignmentException,4.0,1,1,1,8.0,0,21.0,2.0,11,5,20.0,6.0,1.81818,15.0,6.0,1.36364,5.0,2.0,0.454545,264.857,58.1571,0
eclipse,org::eclipse::jdt::core::CompletionFlags,2.0,0,1,1,2.0,0,6.0,2.0,1,1,0.0,0.0,0.0,0.0,0.0,0.0,0.0,0.0,0.0,74.5714,0.0,0
eclipse,org::eclipse::jdt::core::compiler::CategorizedProblem,2.0,1,1,6,4.0,1,6.0,4.0,23,5,198.0,57.0,8.6087,146.0,29.0,6.34783,52.0,50.0,2.26087,140.571,38.2857,0
eclipse,org::eclipse::jdt::internal::compiler::ast::AbstractMethodDeclaration,95.0,48,2,378,111.0,3,314.0,28.0,126,10,2188.0,397.0,17.3651,2009.0,397.0,15.9444,179.0,53.0,1.42063,367.0,67.7641,0
eclipse,org::eclipse::jdt::internal::core::util::Messages,2.0,7,1,1,3.0,0,6.0,2.0,26,5,57.0,10.0,2.19231,24.0,8.0,0.923077,33.0,10.0,1.26923,166.571,55.2957,1
eclipse,org::eclipse::jdt::internal::core::CreateFieldOperation,22.0,14,4,36,45.0,0,77.0,9.0,42,7,334.0,103.0,7.95238,278.0,103.0,6.61905,56.0,18.0,1.33333,367.0,97.4341,0
eclipse,org::eclipse::jdt::internal::codeassist::complete::CompletionOnJavadocQualifiedTypeReference,18.0,2,7,28,26.0,0,56.0,8.0,4,1,25.0,16.0,6.25,3.0,3.0,0.75,22.0,13.0,5.5,140.143,1.84571,0
eclipse,org::eclipse::jdt::internal::codeassist::complete::CompletionOnLocalName,6.0,4,5,6,17.0,0,25.0,4.0,18,6,106.0,42.0,5.88889,79.0,42.0,4.38889,27.0,10.0,1.5,347.857,80.6752,0
eclipse,org::eclipse::jdt::core::dom::rewrite::ImportRewrite,107.0,14,1,465,181.0,0,356.0,31.0,16,5,110.0,59.0,6.875,86.0,45.0,5.375,24.0,54.0,1.5,127.714,16.3779,0
eclipse,org::eclipse::jdt::core::formatter::CodeFormatterApplication,39.0,12,1,21,88.0,0,200.0,7.0,15,3,64.0,28.0,4.26667,61.0,25.0,4.06667,3.0,26.0,0.2,123.571,53.0201,0
eclipse,org::eclipse::jdt::internal::core::BecomeWorkingCopyOperation,6.0,7,2,6,25.0,0,38.0,4.0,24,7,71.0,11.0,2.95833,71.0,14.0,2.95833,0.0,7.0,0.0,261.571,27.662,0
eclipse,org::eclipse::jdt::internal::compiler::lookup::UnresolvedAnnotationBinding,10.0,4,2,3,11.0,0,37.0,3.0,4,3,54.0,26.0,13.5,18.0,8.0,4.5,36.0,18.0,9.0,127.0,35.6984,1
eclipse,org::eclipse::jdt::core::compiler::batch::BatchCompiler,2.0,0,1,1,3.0,0,6.0,2.0,3,2,11.0,6.0,3.66667,9.0,6.0,3.0,2.0,2.0,0.666667,12.5714,3.24675,0
eclipse,org::eclipse::jdt::internal::core::util::SimpleDocument,41.0,2,1,820,45.0,0,145.0,41.0,10,4,42.0,20.0,4.2,51.0,32.0,5.1,-9.0,1.0,-0.9,245.571,18.2007,0
eclipse,org::eclipse::jdt::internal::core::search::matching::ConstructorPattern,58.0,8,4,55,46.0,0,154.0,11.0,55,7,792.0,127.0,14.4,845.0,170.0,15.3636,-53.0,124.0,-0.963636,258.143,62.4695,1
eclipse,org::eclipse::jdt::core::dom::RecoveredTypeBinding,124.0,26,2,1770,178.0,0,402.0,60.0,12,3,238.0,73.0,19.8333,83.0,26.0,6.91667,155.0,57.0,12.9167,65.7143,24.8962,0
eclipse,org::eclipse::jdt::internal::compiler::ast::CastExpression,138.0,25,4,210,139.0,0,431.0,21.0,156,7,3003.0,501.0,19.25,2591.0,474.0,16.609,412.0,72.0,2.64103,367.0,168.204,1
eclipse,org::eclipse::jdt::internal::core::ClassFileInfo,29.0,18,3,28,77.0,0,149.0,8.0,53,6,588.0,183.0,11.0943,550.0,183.0,10.3774,38.0,34.0,0.716981,367.0,73.7826,1
eclipse,org::eclipse::jdt::internal::core::DeltaProcessor,468.0,44,1,1326,794.0,0,2116.0,52.0,368,11,11891.0,1854.0,32.3125,9805.0,1854.0,26.644,2086.0,271.0,5.66848,367.0,85.7021,1
eclipse,org::eclipse::jdt::core::dom::TypeDeclaration,82.0,10,4,561,151.0,0,303.0,34.0,71,8,2297.0,522.0,32.3521,1677.0,522.0,23.6197,620.0,348.0,8.73239,333.143,85.3538,0
eclipse,org::eclipse::jdt::internal::compiler::codegen::ConstantPool,63.0,16,1,120,108.0,0,329.0,16.0,80,7,14750.0,3120.0,184.375,16495.0,3120.0,206.188,-1745.0,531.0,-21.8125,367.0,81.4591,1
eclipse,org::eclipse::jdt::core::dom::VariableDeclarationExpression,40.0,10,3,171,73.0,0,156.0,19.0,56,7,904.0,218.0,16.1429,474.0,218.0,8.46429,430.0,132.0,7.67857,333.143,87.7539,0
eclipse,org::eclipse::jdt::internal::compiler::classfmt::ElementValuePairInfo,7.0,2,1,6,12.0,0,28.0,4.0,4,3,103.0,54.0,25.75,1.0,1.0,0.25,102.0,54.0,25.5,164.714,18.6144,0
eclipse,org::eclipse::jdt::internal::compiler::util::FloatUtil,45.0,4,1,3,15.0,0,311.0,3.0,4,2,6.0,4.0,1.5,6.0,4.0,1.5,0.0,0.0,0.0,194.0,41.1429,0
eclipse,org::eclipse::jdt::internal::compiler::lookup::NestedTypeBinding,37.0,17,5,45,22.0,2,115.0,10.0,27,5,700.0,202.0,25.9259,725.0,216.0,26.8519,-25.0,17.0,-0.925926,367.0,46.851,1
eclipse,org::eclipse::jdt::internal::core::ResolvedSourceField,6.0,3,7,10,9.0,1,23.0,5.0,8,4,28.0,7.0,3.5,18.0,5.0,2.25,10.0,6.0,1.25,175.0,34.148,0
eclipse,org::eclipse::jdt::internal::compiler::SourceElementRequestorAdapter,22.0,0,1,231,22.0,0,66.0,22.0,29,7,209.0,48.0,7.2069,245.0,79.0,8.44828,-36.0,36.0,-1.24138,222.857,47.7457,0
eclipse,org::eclipse::jdt::internal::codeassist::InternalExtendedCompletionContext,155.0,31,1,91,138.0,0,648.0,14.0,4,1,58.0,21.0,14.5,6.0,3.0,1.5,52.0,19.0,13.0,14.7143,7.29557,1
eclipse,org::eclipse::jdt::internal::compiler::ast::AbstractVariableDeclaration,16.0,4,3,55,25.0,3,57.0,11.0,42,7,319.0,45.0,7.59524,213.0,38.0,5.07143,106.0,37.0,2.52381,367.0,94.7886,0
eclipse,org::eclipse::jdt::core::dom::AnnotationTypeMemberDeclaration,43.0,9,3,210,88.0,0,170.0,21.0,33,5,956.0,256.0,28.9697,112.0,13.0,3.39394,844.0,256.0,25.5758,226.0,2.54752,0
eclipse,org::eclipse::jdt::internal::compiler::parser::TypeConverter,55.0,14,1,28,53.0,2,246.0,8.0,2,2,8.0,8.0,4.0,3.0,3.0,1.5,5.0,5.0,2.5,10.7143,6.71429,0
eclipse,org::eclipse::jdt::internal::core::util::VerificationInfo,10.0,5,2,15,13.0,0,37.0,6.0,4,2,2.0,1.0,0.5,2.0,1.0,0.5,0.0,0.0,0.0,135.0,22.1429,0
eclipse,org::eclipse::jdt::internal::core::SimpleDelta,13.0,4,1,45,19.0,1,44.0,10.0,6,3,8.0,4.0,1.33333,8.0,4.0,1.33333,0.0,0.0,0.0,245.857,73.4821,0
eclipse,org::eclipse::jdt::internal::codeassist::impl::AssistSourceMethod,11.0,5,8,28,19.0,0,44.0,8.0,2,1,12.0,12.0,6.0,1.0,1.0,0.5,11.0,11.0,5.5,14.7143,9.57143,0
eclipse,org::eclipse::jdt::internal::compiler::classfmt::AnnotationMethodInfo,22.0,7,3,6,29.0,1,95.0,4.0,7,3,223.0,114.0,31.8571,10.0,7.0,1.42857,213.0,114.0,30.4286,164.714,21.5868,0
eclipse,org::eclipse::jdt::internal::core::search::matching::IntersectingPattern,17.0,5,4,6,24.0,3,49.0,4.0,3,2,3.0,2.0,1.0,2.0,1.0,0.666667,1.0,1.0,0.333333,49.8571,19.1429,1
eclipse,org::eclipse::jdt::internal::compiler::problem::AbortCompilationUnit,1.0,2,2,0,1.0,1,4.0,1.0,19,5,76.0,25.0,4.0,51.0,25.0,2.68421,25.0,12.0,1.31579,367.0,118.041,0
eclipse,org::eclipse::jdt::internal::codeassist::complete::CompletionOnArgumentName,6.0,5,6,6,17.0,0,27.0,4.0,20,6,112.0,50.0,5.6,90.0,50.0,4.5,22.0,10.0,1.1,347.857,63.8724,0
eclipse,org::eclipse::jdt::core::NamingConventions,38.0,3,1,91,59.0,0,142.0,14.0,39,9,1312.0,242.0,33.641,812.0,258.0,20.8205,500.0,201.0,12.8205,288.143,28.4435,1
eclipse,org::eclipse::jdt::internal::core::OverflowingLRUCache,44.0,8,2,171,60.0,2,233.0,19.0,52,6,909.0,426.0,17.4808,936.0,426.0,18.0,-27.0,7.0,-0.519231,367.0,50.9054,0
eclipse,org::eclipse::jdt::internal::core::SourceMethodElementInfo,9.0,7,5,45,13.0,2,34.0,10.0,29,6,365.0,100.0,12.5862,343.0,100.0,11.8276,22.0,50.0,0.758621,367.0,113.877,0
eclipse,org::eclipse::jdt::internal::core::util::FieldInfo,25.0,9,2,78,39.0,0,92.0,13.0,19,5,166.0,47.0,8.73684,146.0,39.0,7.68421,20.0,18.0,1.05263,322.714,84.0189,0
eclipse,org::eclipse::jdt::internal::formatter::FormatJavadoc,8.0,4,3,6,8.0,0,27.0,4.0,2,1,14.0,14.0,7.0,0.0,0.0,0.0,14.0,14.0,7.0,9.14286,1.28571,0
eclipse,org::eclipse::jdt::internal::compiler::codegen::IntegerCache,36.0,2,1,36,23.0,0,94.0,9.0,32,6,637.0,155.0,19.9063,629.0,155.0,19.6563,8.0,9.0,0.25,367.0,74.9404,0
eclipse,org::eclipse::jdt::core::search::PackageReferenceMatch,1.0,1,4,0,1.0,0,3.0,1.0,21,5,144.0,23.0,6.85714,58.0,17.0,2.7619,86.0,23.0,4.09524,227.571,35.755,1
eclipse,org::eclipse::jdt::internal::compiler::parser::RecoveredMethod,102.0,13,2,136,74.0,0,409.0,17.0,84,8,1426.0,437.0,16.9762,1057.0,437.0,12.5833,369.0,117.0,4.39286,367.0,96.8127,0
eclipse,org::eclipse::jdt::internal::core::search::matching::MethodPattern,64.0,8,4,66,56.0,1,180.0,12.0,81,8,1723.0,380.0,21.2716,1509.0,182.0,18.6296,214.0,322.0,2.64198,367.0,120.512,1
eclipse,org::eclipse::jdt::internal::core::eval::EvaluationContextWrapper,29.0,14,1,210,77.0,0,195.0,21.0,77,7,1332.0,403.0,17.2987,1218.0,403.0,15.8182,114.0,81.0,1.48052,367.0,45.2638,0
eclipse,org::eclipse::jdt::internal::compiler::flow::InitializationFlowContext,7.0,8,3,6,14.0,0,54.0,4.0,24,4,337.0,85.0,14.0417,301.0,85.0,12.5417,36.0,27.0,1.5,367.0,50.1865,1
eclipse,org::eclipse::jdt::internal::compiler::ast::Assignment,77.0,20,4,105,89.0,1,221.0,15.0,113,9,1169.0,162.0,10.3451,993.0,185.0,8.78761,176.0,31.0,1.55752,367.0,126.459,0
eclipse,org::eclipse::jdt::internal::compiler::lookup::TypeVariableBinding,117.0,25,4,253,101.0,1,333.0,23.0,114,9,1591.0,198.0,13.9561,857.0,111.0,7.51754,734.0,198.0,6.4386,230.857,63.5575,1
eclipse,org::eclipse::jdt::internal::core::util::RecordedParsingInformation,4.0,1,1,1,2.0,0,12.0,2.0,9,4,28.0,9.0,3.11111,12.0,4.0,1.33333,16.0,9.0,1.77778,228.143,23.5714,0
eclipse,org::eclipse::jdt::core::formatter::CodeFormatter,1.0,1,1,1,2.0,1,3.0,2.0,26,8,243.0,129.0,9.34615,58.0,15.0,2.23077,185.0,114.0,7.11538,246.571,187.309,0
eclipse,org::eclipse::jdt::internal::compiler::ast::MagicLiteral,3.0,0,5,3,3.0,3,12.0,3.0,18,4,119.0,31.0,6.61111,123.0,31.0,6.83333,-4.0,5.0,-0.222222,367.0,67.4886,0
eclipse,org::eclipse::jdt::internal::core::BufferCache,8.0,3,3,6,16.0,0,32.0,4.0,26,5,160.0,54.0,6.15385,138.0,54.0,5.30769,22.0,12.0,0.846154,367.0,99.8339,0
eclipse,org::eclipse::jdt::internal::compiler::classfmt::AnnotationInfo,67.0,24,2,55,105.0,0,316.0,11.0,7,3,740.0,381.0,105.714,16.0,9.0,2.28571,724.0,381.0,103.429,164.714,20.6807,0
eclipse,org::eclipse::jdt::core::dom::rewrite::ListRewrite,41.0,8,1,190,78.0,0,128.0,20.0,16,8,226.0,46.0,14.125,80.0,18.0,5.0,146.0,33.0,9.125,220.143,40.9937,0
eclipse,org::eclipse::jdt::internal::formatter::FormatJavadocReference,3.0,3,2,3,5.0,0,10.0,3.0,4,1,9.0,6.0,2.25,19.0,7.0,4.75,-10.0,0.0,-2.5,9.14286,1.28571,0
eclipse,org::eclipse::jdt::internal::core::CreateInitializerOperation,17.0,12,4,15,27.0,0,59.0,6.0,38,7,283.0,116.0,7.44737,276.0,116.0,7.26316,7.0,8.0,0.184211,367.0,62.9692,0
eclipse,org::eclipse::jdt::internal::core::dom::rewrite::TokenScanner,20.0,2,1,120,39.0,0,78.0,16.0,15,7,71.0,20.0,4.73333,451.0,193.0,30.0667,-380.0,0.0,-25.3333,220.143,34.5775,0
eclipse,org::eclipse::jdt::internal::core::builder::AbortIncrementalBuildException,1.0,2,1,0,1.0,0,3.0,1.0,9,5,15.0,5.0,1.66667,13.0,5.0,1.44444,2.0,1.0,0.222222,316.714,105.933,0
eclipse,org::eclipse::jdt::internal::compiler::ReadManager,33.0,9,1,6,25.0,0,153.0,4.0,2,1,51.0,51.0,25.5,29.0,29.0,14.5,22.0,22.0,11.0,9.57143,3.57143,1
eclipse,org::eclipse::jdt::core::search::SearchMatch,34.0,11,1,300,38.0,9,111.0,25.0,40,7,843.0,117.0,21.075,378.0,79.0,9.45,465.0,75.0,11.625,236.0,35.1466,0
eclipse,org::eclipse::jdt::core::dom::rewrite::TargetSourceRangeComputer,3.0,7,1,1,9.0,0,11.0,2.0,5,4,23.0,7.0,4.6,12.0,4.0,2.4,11.0,7.0,2.2,179.857,14.205,0
eclipse,org::eclipse::jdt::internal::core::index::DiskIndex,276.0,20,1,496,294.0,0,1117.0,32.0,92,9,4436.0,799.0,48.2174,1611.0,370.0,17.5109,2825.0,799.0,30.7065,228.429,78.6207,0
eclipse,org::eclipse::jdt::internal::core::JarEntryDirectory,9.0,3,3,21,13.0,0,32.0,7.0,3,1,20.0,12.0,6.66667,47.0,47.0,15.6667,-27.0,12.0,-9.0,66.7143,0.0,0
eclipse,org::eclipse::jdt::internal::eval::CodeSnippetReturnStatement,25.0,9,4,78,40.0,0,101.0,13.0,49,6,506.0,137.0,10.3265,498.0,137.0,10.1633,8.0,13.0,0.163265,367.0,51.083,1
eclipse,org::eclipse::jdt::internal::core::util::RuntimeVisibleParameterAnnotationsAttribute,5.0,3,3,3,6.0,0,22.0,3.0,6,3,142.0,68.0,23.6667,6.0,4.0,1.0,136.0,68.0,22.6667,222.857,10.6881,0
eclipse,org::eclipse::jdt::internal::compiler::impl::LongConstant,13.0,4,2,66,14.0,0,40.0,12.0,35,6,178.0,54.0,5.08571,197.0,54.0,5.62857,-19.0,9.0,-0.542857,367.0,61.1862,0
eclipse,org::eclipse::jdt::internal::compiler::parser::RecoveredType,139.0,13,3,231,81.0,0,468.0,22.0,80,7,1549.0,505.0,19.3625,1280.0,505.0,16.0,269.0,138.0,3.3625,367.0,96.6581,0
eclipse,org::eclipse::jdt::internal::compiler::lookup::SyntheticArgumentBinding,1.0,3,4,0,5.0,0,10.0,1.0,22,5,137.0,56.0,6.22727,125.0,56.0,5.68182,12.0,5.0,0.545455,367.0,74.6257,0
eclipse,org::eclipse::jdt::core::CompletionRequestor,30.0,2,1,91,20.0,3,79.0,14.0,19,5,243.0,60.0,12.7895,50.0,21.0,2.63158,193.0,60.0,10.1579,219.857,136.486,0
eclipse,org::eclipse::jdt::core::search::TypeDeclarationMatch,1.0,2,2,0,1.0,0,3.0,1.0,17,4,106.0,23.0,6.23529,24.0,6.0,1.41176,82.0,23.0,4.82353,227.571,9.22237,0
eclipse,org::eclipse::jdt::internal::codeassist::select::SelectionOnQualifiedAllocationExpression,15.0,6,6,3,24.0,0,59.0,3.0,38,5,276.0,77.0,7.26316,237.0,77.0,6.23684,39.0,15.0,1.02632,367.0,99.7935,0
eclipse,org::eclipse::jdt::internal::compiler::ast::EqualExpression,179.0,15,6,91,289.0,0,799.0,14.0,91,9,4093.0,543.0,44.978,2902.0,552.0,31.8901,1191.0,329.0,13.0879,367.0,145.419,0
eclipse,org::eclipse::jdt::internal::core::jdom::CompilationUnit,9.0,2,2,15,13.0,0,30.0,6.0,30,4,187.0,54.0,6.23333,179.0,54.0,5.96667,8.0,4.0,0.266667,367.0,38.0183,0
eclipse,org::eclipse::jdt::internal::core::search::matching::ConstructorLocator,87.0,11,2,66,71.0,0,222.0,12.0,38,8,436.0,124.0,11.4737,248.0,50.0,6.52632,188.0,106.0,4.94737,248.571,71.0465,1
eclipse,org::eclipse::jdt::internal::compiler::parser::RecoveredUnit,34.0,7,2,55,34.0,0,158.0,11.0,47,7,622.0,205.0,13.234,535.0,205.0,11.383,87.0,59.0,1.85106,367.0,83.5916,0
eclipse,org::eclipse::jdt::internal::core::dom::rewrite::LineInformation,1.0,3,1,6,5.0,0,10.0,4.0,4,3,4.0,3.0,1.0,4.0,3.0,1.0,0.0,0.0,0.0,133.143,18.7857,0
eclipse,org::eclipse::jdt::internal::core::TypeParameterElementInfo,0.0,2,3,0,1.0,0,0.0,1.0,4,2,6.0,4.0,1.5,6.0,4.0,1.5,0.0,0.0,0.0,198.143,45.2857,0
eclipse,org::eclipse::jdt::internal::eval::CodeSnippetMessageSend,83.0,16,5,6,118.0,0,311.0,4.0,79,8,1117.0,282.0,14.1392,963.0,282.0,12.1899,154.0,52.0,1.94937,367.0,104.602,1
eclipse,org::eclipse::jdt::core::dom::EnumDeclaration,30.0,8,4,171,63.0,0,118.0,19.0,35,6,812.0,197.0,23.2,141.0,20.0,4.02857,671.0,197.0,19.1714,226.0,4.71024,0
eclipse,org::eclipse::jdt::core::search::LocalVariableDeclarationMatch,1.0,1,2,0,1.0,0,3.0,1.0,17,4,106.0,23.0,6.23529,24.0,6.0,1.41176,82.0,23.0,4.82353,227.571,9.22237,0
eclipse,org::eclipse::jdt::internal::codeassist::complete::CompletionOnSingleTypeReference,19.0,3,6,55,24.0,0,63.0,11.0,39,7,247.0,63.0,6.33333,140.0,63.0,3.58974,107.0,33.0,2.74359,367.0,119.432,0
eclipse,org::eclipse::jdt::core::dom::PostfixExpression,25.0,4,3,105,48.0,0,96.0,15.0,37,7,513.0,235.0,13.8649,322.0,235.0,8.7027,191.0,83.0,5.16216,333.143,65.5792,0
eclipse,org::eclipse::jdt::internal::core::search::indexing::IndexRequest,7.0,4,1,15,13.0,7,24.0,6.0,31,7,149.0,28.0,4.80645,153.0,28.0,4.93548,-4.0,14.0,-0.129032,334.571,64.9636,0
eclipse,org::eclipse::jdt::internal::core::util::AnnotationDefaultAttribute,2.0,2,3,1,3.0,0,7.0,2.0,6,3,108.0,51.0,18.0,6.0,4.0,1.0,102.0,51.0,17.0,222.571,11.3611,0
eclipse,org::eclipse::jdt::core::dom::TryStatement,27.0,7,3,120,59.0,0,108.0,16.0,38,7,526.0,195.0,13.8421,315.0,195.0,8.28947,211.0,91.0,5.55263,333.143,71.5997,0
eclipse,org::eclipse::jdt::core::dom::VariableDeclaration,5.0,8,2,91,19.0,2,15.0,14.0,18,7,271.0,100.0,15.0556,132.0,100.0,7.33333,139.0,60.0,7.72222,333.143,52.3927,0
eclipse,org::eclipse::jdt::internal::codeassist::complete::CompletionOnMethodTypeParameter,4.0,3,4,3,9.0,0,22.0,3.0,12,5,100.0,44.0,8.33333,12.0,4.0,1.0,88.0,44.0,7.33333,218.857,13.0314,0
eclipse,org::eclipse::jdt::internal::compiler::ast::MarkerAnnotation,5.0,2,5,3,6.0,1,16.0,3.0,15,5,122.0,42.0,8.13333,35.0,12.0,2.33333,87.0,42.0,5.8,222.714,28.4005,0
eclipse,org::eclipse::jdt::internal::compiler::ast::FloatLiteral,16.0,4,6,10,16.0,0,85.0,5.0,25,4,298.0,84.0,11.92,271.0,84.0,10.84,27.0,27.0,1.08,367.0,104.058,0
eclipse,org::eclipse::jdt::internal::compiler::ast::WhileStatement,40.0,12,3,15,85.0,0,232.0,6.0,79,7,902.0,235.0,11.4177,844.0,235.0,10.6835,58.0,57.0,0.734177,367.0,68.5146,0
eclipse,org::eclipse::jdt::internal::formatter::DefaultCodeFormatterOptions,480.0,4,1,55,281.0,0,2140.0,11.0,111,7,6733.0,874.0,60.6577,4555.0,882.0,41.036,2178.0,446.0,19.6216,246.571,23.6463,1
eclipse,org::eclipse::jdt::internal::core::ClasspathValidation,11.0,6,1,1,18.0,0,51.0,2.0,1,1,0.0,0.0,0.0,0.0,0.0,0.0,0.0,0.0,0.0,105.0,0.0,1
eclipse,org::eclipse::jdt::internal::compiler::lookup::ProblemPackageBinding,2.0,0,3,1,2.0,0,6.0,2.0,17,4,79.0,32.0,4.64706,77.0,32.0,4.52941,2.0,5.0,0.117647,367.0,54.3436,0
eclipse,org::eclipse::jdt::internal::core::search::JavaSearchDocument,14.0,4,3,15,20.0,1,51.0,6.0,20,7,147.0,40.0,7.35,112.0,29.0,5.6,35.0,14.0,1.75,236.0,15.5666,0
eclipse,org::eclipse::jdt::core::dom::Statement,10.0,26,2,10,17.0,22,48.0,5.0,36,6,336.0,136.0,9.33333,236.0,136.0,6.55556,100.0,26.0,2.77778,333.143,50.3992,0
eclipse,org::eclipse::jdt::internal::compiler::ast::Statement,21.0,35,2,55,38.0,19,99.0,11.0,59,7,611.0,103.0,10.3559,655.0,108.0,11.1017,-44.0,42.0,-0.745763,367.0,82.8071,0
eclipse,org::eclipse::jdt::core::dom::ImportDeclaration,31.0,9,2,153,61.0,0,121.0,18.0,46,8,785.0,183.0,17.0652,377.0,183.0,8.19565,408.0,121.0,8.86956,333.143,85.287,0
eclipse,org::eclipse::jdt::internal::codeassist::select::SelectionOnFieldReference,9.0,3,6,3,11.0,0,23.0,3.0,29,5,160.0,60.0,5.51724,145.0,60.0,5.0,15.0,8.0,0.517241,367.0,54.5152,0
eclipse,org::eclipse::jdt::internal::core::PackageDeclaration,11.0,4,4,21,15.0,1,30.0,7.0,39,8,169.0,49.0,4.33333,151.0,49.0,3.87179,18.0,8.0,0.461538,367.0,68.6407,0
eclipse,org::eclipse::jdt::core::dom::CompilationUnitResolver,60.0,29,2,120,106.0,0,282.0,16.0,155,12,3557.0,272.0,22.9484,2821.0,285.0,18.2,736.0,156.0,4.74839,333.143,123.398,0
eclipse,org::eclipse::jdt::internal::core::TypeVector,23.0,5,1,55,24.0,0,78.0,11.0,25,4,259.0,106.0,10.36,270.0,109.0,10.8,-11.0,7.0,-0.44,367.0,36.6702,0
eclipse,org::eclipse::jdt::internal::compiler::ast::FalseLiteral,11.0,2,6,21,14.0,0,38.0,7.0,24,4,160.0,67.0,6.66667,167.0,67.0,6.95833,-7.0,6.0,-0.291667,367.0,69.8107,0
eclipse,org::eclipse::jdt::internal::core::SourceRefElementInfo,5.0,4,2,10,6.0,3,15.0,5.0,17,5,112.0,48.0,6.58824,120.0,48.0,7.05882,-8.0,4.0,-0.470588,367.0,51.7564,0
eclipse,org::eclipse::jdt::internal::core::SourceFieldElementInfo,4.0,3,5,10,6.0,0,12.0,5.0,21,5,161.0,72.0,7.66667,178.0,72.0,8.47619,-17.0,5.0,-0.809524,367.0,58.4667,0
eclipse,org::eclipse::jdt::internal::compiler::ast::ConditionalExpression,141.0,13,5,36,142.0,0,445.0,9.0,118,9,2331.0,412.0,19.7542,1959.0,412.0,16.6017,372.0,128.0,3.15254,367.0,80.3105,0
eclipse,org::eclipse::jdt::internal::core::JarEntryFile,8.0,7,3,15,22.0,0,38.0,6.0,32,5,256.0,81.0,8.0,253.0,81.0,7.90625,3.0,22.0,0.09375,367.0,132.693,0
eclipse,org::eclipse::jdt::internal::codeassist::complete::CompletionOnMemberAccess,14.0,4,6,3,16.0,0,38.0,3.0,32,5,183.0,57.0,5.71875,150.0,57.0,4.6875,33.0,19.0,1.03125,367.0,90.2795,0
eclipse,org::eclipse::jdt::internal::core::util::ExceptionTableEntry,8.0,4,2,15,11.0,0,28.0,6.0,11,4,52.0,12.0,4.72727,40.0,9.0,3.63636,12.0,6.0,1.09091,322.714,29.8517,0
eclipse,org::eclipse::jdt::internal::compiler::ast::FieldReference,168.0,20,5,231,197.0,4,547.0,22.0,150,9,3997.0,567.0,26.6467,3783.0,567.0,25.22,214.0,114.0,1.42667,367.0,141.094,1
eclipse,org::eclipse::jdt::internal::core::CommitWorkingCopyOperation,31.0,13,2,10,66.0,0,141.0,5.0,73,7,777.0,178.0,10.6438,674.0,178.0,9.23288,103.0,41.0,1.41096,367.0,73.5067,0
eclipse,org::eclipse::jdt::internal::compiler::parser::RecoveredField,56.0,7,2,55,36.0,1,186.0,11.0,47,7,515.0,168.0,10.9574,429.0,168.0,9.12766,86.0,60.0,1.82979,367.0,100.545,0
eclipse,org::eclipse::jdt::internal::core::UserLibraryManager,20.0,11,1,21,59.0,0,128.0,7.0,22,4,506.0,120.0,23.0,625.0,208.0,28.4091,-119.0,12.0,-5.40909,217.0,133.701,0
eclipse,org::eclipse::jdt::internal::core::SourceTypeElementInfo,56.0,17,5,276,54.0,0,193.0,24.0,48,7,1007.0,298.0,20.9792,963.0,298.0,20.0625,44.0,51.0,0.916667,367.0,87.8779,0
eclipse,org::eclipse::jdt::internal::compiler::ast::JavadocAllocationExpression,49.0,13,5,10,65.0,1,142.0,5.0,46,9,293.0,35.0,6.36956,206.0,17.0,4.47826,87.0,35.0,1.8913,239.143,65.4832,0
eclipse,org::eclipse::jdt::internal::compiler::classfmt::MethodInfo,112.0,13,2,435,133.0,2,392.0,30.0,68,8,1930.0,237.0,28.3824,1503.0,237.0,22.1029,427.0,134.0,6.27941,367.0,129.777,0
eclipse,org::eclipse::jdt::core::JavaCore,217.0,58,1,2080,413.0,0,1058.0,65.0,709,15,38598.0,2955.0,54.4401,34292.0,2942.0,48.3667,4306.0,336.0,6.07334,367.0,100.595,1
eclipse,org::eclipse::jdt::internal::core::util::CodeAttribute,258.0,13,3,66,352.0,0,1081.0,12.0,30,8,221.0,85.0,7.36667,211.0,67.0,7.03333,10.0,19.0,0.333333,322.714,90.1467,1
eclipse,org::eclipse::jdt::internal::core::eval::GlobalVariableWrapper,5.0,2,1,6,10.0,0,17.0,4.0,14,4,101.0,50.0,7.21429,100.0,50.0,7.14286,1.0,5.0,0.0714286,367.0,52.8416,0
eclipse,org::eclipse::jdt::internal::compiler::classfmt::ClassFileStruct,14.0,15,1,45,15.0,5,67.0,10.0,41,7,960.0,285.0,23.4146,1208.0,297.0,29.4634,-248.0,7.0,-6.04878,367.0,64.3007,0
eclipse,org::eclipse::jdt::core::dom::TextElement,17.0,4,2,66,32.0,0,63.0,12.0,23,5,177.0,63.0,7.69565,41.0,7.0,1.78261,136.0,62.0,5.91304,229.714,15.9927,0
eclipse,org::eclipse::jdt::internal::codeassist::select::SelectionJavadocParser,34.0,6,3,36,26.0,0,123.0,9.0,9,3,28.0,8.0,3.11111,19.0,6.0,2.11111,9.0,2.0,1.0,169.571,35.3418,0
eclipse,org::eclipse::jdt::internal::core::BinaryField,23.0,14,7,91,59.0,1,81.0,14.0,45,7,337.0,78.0,7.48889,213.0,78.0,4.73333,124.0,35.0,2.75556,367.0,122.181,1
eclipse,org::eclipse::jdt::internal::core::util::CommentRecorderParser,53.0,9,2,78,34.0,1,193.0,13.0,35,9,383.0,96.0,10.9429,300.0,68.0,8.57143,83.0,28.0,2.37143,228.143,27.0653,1
eclipse,org::eclipse::jdt::core::dom::DocCommentParser,113.0,16,2,153,220.0,0,638.0,18.0,48,7,900.0,257.0,18.75,407.0,47.0,8.47917,493.0,223.0,10.2708,229.0,47.8178,1
eclipse,org::eclipse::jdt::internal::compiler::ast::MemberValuePair,60.0,18,2,6,78.0,2,189.0,4.0,41,8,485.0,75.0,11.8293,120.0,43.0,2.92683,365.0,75.0,8.90244,222.714,71.7756,0
eclipse,org::eclipse::jdt::internal::compiler::impl::Constant,898.0,47,1,528,2062.0,9,1500.0,33.0,46,5,5807.0,1581.0,126.239,6763.0,2499.0,147.022,-956.0,147.0,-20.7826,367.0,76.9932,0
eclipse,org::eclipse::jdt::core::dom::MethodInvocation,38.0,6,3,171,72.0,0,137.0,19.0,46,8,830.0,189.0,18.0435,431.0,189.0,9.36956,399.0,91.0,8.67391,333.143,99.3661,0
eclipse,org::eclipse::jdt::internal::core::util::StackMapTableAttribute,7.0,4,3,6,9.0,0,33.0,4.0,4,2,80.0,40.0,20.0,22.0,11.0,5.5,58.0,29.0,14.5,150.714,17.9286,0
eclipse,org::eclipse::jdt::internal::core::PackageFragment,103.0,30,4,528,179.0,1,356.0,33.0,104,7,1487.0,369.0,14.2981,1299.0,369.0,12.4904,188.0,39.0,1.80769,367.0,86.1225,0
eclipse,org::eclipse::jdt::internal::codeassist::select::SelectionOnQualifiedTypeReference,10.0,7,6,6,22.0,0,38.0,4.0,33,6,192.0,67.0,5.81818,180.0,67.0,5.45455,12.0,9.0,0.363636,367.0,72.7991,0
eclipse,org::eclipse::jdt::internal::core::search::JavaSearchTypeNameMatch,15.0,5,2,28,16.0,0,35.0,8.0,1,1,0.0,0.0,0.0,0.0,0.0,0.0,0.0,0.0,0.0,87.1429,0.0,0
eclipse,org::eclipse::jdt::internal::core::search::indexing::IndexManager,172.0,46,2,741,285.0,0,644.0,39.0,198,9,3617.0,488.0,18.2677,3066.0,488.0,15.4848,551.0,100.0,2.78283,367.0,105.595,1
eclipse,org::eclipse::jdt::internal::core::JarPackageFragment,27.0,12,5,78,77.0,0,127.0,13.0,51,6,633.0,170.0,12.4118,580.0,170.0,11.3725,53.0,48.0,1.03922,367.0,123.074,0
eclipse,org::eclipse::jdt::internal::codeassist::impl::AssistImportDeclaration,2.0,2,5,1,3.0,0,7.0,2.0,1,1,0.0,0.0,0.0,0.0,0.0,0.0,0.0,0.0,0.0,14.7143,0.0,0
eclipse,org::eclipse::jdt::internal::compiler::ast::IntLiteral,35.0,6,6,28,25.0,1,110.0,8.0,31,6,334.0,147.0,10.7742,361.0,164.0,11.6452,-27.0,6.0,-0.870968,367.0,53.4363,0
eclipse,org::eclipse::jdt::internal::compiler::parser::Parser,0.0,0,1,0,0.0,5,0.0,0.0,520,12,65571.0,7452.0,126.098,59724.0,7452.0,114.854,5847.0,2768.0,11.2442,367.0,96.248,1
eclipse,org::eclipse::jdt::internal::core::builder::State,142.0,20,1,378,246.0,0,560.0,28.0,74,10,1263.0,547.0,17.0676,961.0,547.0,12.9865,302.0,46.0,4.08108,329.0,59.7003,1
eclipse,org::eclipse::jdt::internal::eval::CodeSnippetEvaluator,20.0,9,2,21,49.0,0,144.0,7.0,40,8,441.0,204.0,11.025,440.0,204.0,11.0,1.0,10.0,0.025,367.0,50.6838,0
eclipse,org::eclipse::jdt::core::dom::TypeDeclarationStatement,31.0,7,3,153,60.0,0,123.0,18.0,52,9,741.0,156.0,14.25,356.0,156.0,6.84615,385.0,94.0,7.40385,333.143,96.2851,0
eclipse,org::eclipse::jdt::internal::compiler::batch::ClasspathJar,37.0,10,2,45,77.0,1,155.0,10.0,57,6,854.0,168.0,14.9825,614.0,100.0,10.7719,240.0,167.0,4.21053,367.0,138.317,1
eclipse,org::eclipse::jdt::internal::core::search::matching::JavaSearchNameEnvironment,31.0,17,1,15,55.0,0,140.0,6.0,32,7,237.0,33.0,7.40625,190.0,41.0,5.9375,47.0,28.0,1.46875,291.0,81.135,0
eclipse,org::eclipse::jdt::internal::eval::InstallException,1.0,0,1,0,1.0,0,3.0,1.0,18,4,93.0,33.0,5.16667,85.0,33.0,4.72222,8.0,9.0,0.444444,367.0,55.9708,0
eclipse,org::eclipse::jdt::internal::core::search::HierarchyScope,48.0,19,2,55,109.0,0,240.0,11.0,56,7,1082.0,225.0,19.3214,889.0,225.0,15.875,193.0,109.0,3.44643,367.0,50.3331,0
eclipse,org::eclipse::jdt::core::search::TypeNameMatch,7.0,5,1,28,25.0,1,23.0,8.0,10,2,223.0,73.0,22.3,254.0,97.0,25.4,-31.0,29.0,-3.1,89.0,2.20756,0
eclipse,org::eclipse::jdt::internal::core::SearchableEnvironmentRequestor,12.0,11,2,6,27.0,0,44.0,4.0,25,7,244.0,83.0,9.76,216.0,83.0,8.64,28.0,38.0,1.12,367.0,96.5269,0
eclipse,org::eclipse::jdt::internal::compiler::batch::CompilationUnit,12.0,6,2,15,18.0,1,50.0,6.0,39,5,302.0,73.0,7.74359,312.0,73.0,8.0,-10.0,13.0,-0.25641,367.0,61.6485,0
eclipse,org::eclipse::jdt::internal::core::dom::NaiveASTFlattener,15.0,7,2,55,31.0,0,48.0,11.0,1,1,0.0,0.0,0.0,0.0,0.0,0.0,0.0,0.0,0.0,21.1429,0.0,0
eclipse,org::eclipse::jdt::internal::compiler::lookup::MethodVerifier15,291.0,13,2,351,249.0,0,747.0,27.0,106,7,2472.0,179.0,23.3208,1233.0,137.0,11.6321,1239.0,123.0,11.6887,204.714,78.6175,1
eclipse,org::eclipse::jdt::internal::compiler::parser::RecoveryScannerData,10.0,2,1,1,2.0,0,42.0,2.0,2,1,11.0,11.0,5.5,3.0,3.0,1.5,8.0,8.0,4.0,126.0,0.142857,0
eclipse,org::eclipse::jdt::internal::core::search::matching::InternalSearchPattern,18.0,10,1,10,39.0,1,64.0,5.0,17,7,99.0,22.0,5.82353,62.0,14.0,3.64706,37.0,14.0,2.17647,217.0,62.5815,1
eclipse,org::eclipse::jdt::internal::formatter::DefaultCodeFormatter,75.0,12,2,153,110.0,0,370.0,18.0,88,10,1783.0,180.0,20.2614,1339.0,161.0,15.2159,444.0,160.0,5.04545,261.571,109.425,0
eclipse,org::eclipse::jdt::core::dom::MemberValuePair,28.0,5,2,105,56.0,0,109.0,15.0,32,6,643.0,183.0,20.0938,92.0,12.0,2.875,551.0,183.0,17.2187,226.0,5.70384,0
eclipse,org::eclipse::jdt::internal::codeassist::complete::CompletionOnImportReference,4.0,2,3,1,7.0,0,12.0,2.0,26,4,136.0,55.0,5.23077,136.0,55.0,5.23077,0.0,6.0,0.0,367.0,48.9181,0
eclipse,org::eclipse::jdt::internal::core::UserLibrary,33.0,20,1,28,78.0,0,141.0,8.0,25,5,153.0,36.0,6.12,71.0,13.0,2.84,82.0,23.0,3.28,217.0,64.2838,0
eclipse,org::eclipse::jdt::internal::compiler::ast::BinaryExpression,418.0,17,5,253,498.0,4,1782.0,23.0,81,9,7934.0,1737.0,97.9506,7679.0,1737.0,94.8025,255.0,339.0,3.14815,367.0,118.127,0
eclipse,org::eclipse::jdt::internal::core::builder::ClasspathLocation,6.0,6,1,45,13.0,3,18.0,10.0,26,9,130.0,37.0,5.0,96.0,37.0,3.69231,34.0,14.0,1.30769,329.0,71.4352,0
eclipse,org::eclipse::jdt::internal::core::ResolvedSourceType,7.0,4,7,15,12.0,1,26.0,6.0,11,4,34.0,7.0,3.09091,24.0,5.0,2.18182,10.0,6.0,0.909091,175.0,34.1513,0
eclipse,org::eclipse::jdt::internal::core::DiscardWorkingCopyOperation,8.0,8,2,6,29.0,0,41.0,4.0,13,4,52.0,18.0,4.0,56.0,31.0,4.30769,-4.0,12.0,-0.307692,261.571,48.4698,0
eclipse,org::eclipse::jdt::core::dom::ChildPropertyDescriptor,6.0,6,2,6,6.0,0,18.0,4.0,9,4,12.0,4.0,1.33333,11.0,4.0,1.22222,1.0,1.0,0.111111,224.857,76.9405,0
eclipse,org::eclipse::jdt::internal::codeassist::impl::AssistOptions,52.0,5,1,3,59.0,0,155.0,3.0,36,6,670.0,83.0,18.6111,337.0,71.0,9.36111,333.0,82.0,9.25,354.571,80.5139,0
eclipse,org::eclipse::jdt::internal::compiler::lookup::WildcardBinding,150.0,15,4,351,143.0,0,533.0,27.0,99,8,1946.0,315.0,19.6566,856.0,116.0,8.64646,1090.0,315.0,11.0101,220.714,49.8048,1
eclipse,org::eclipse::jdt::internal::compiler::ast::ArrayAllocationExpression,38.0,8,4,15,44.0,0,142.0,6.0,55,7,671.0,184.0,12.2,668.0,184.0,12.1455,3.0,22.0,0.0545455,367.0,69.3709,0
eclipse,org::eclipse::jdt::internal::core::search::matching::SecondaryTypeDeclarationPattern,4.0,2,5,6,8.0,0,13.0,4.0,2,1,0.0,0.0,0.0,0.0,0.0,0.0,0.0,0.0,0.0,133.571,0.0,1
eclipse,org::eclipse::jdt::core::dom::EnhancedForStatement,35.0,7,3,120,70.0,0,141.0,16.0,35,6,957.0,285.0,27.3429,276.0,86.0,7.88571,681.0,285.0,19.4571,239.571,12.1797,0
eclipse,org::eclipse::jdt::internal::core::JavaElementRequestor,27.0,1,1,120,40.0,1,105.0,16.0,17,5,478.0,226.0,28.1176,487.0,226.0,28.6471,-9.0,9.0,-0.529412,367.0,41.4441,0
eclipse,org::eclipse::jdt::internal::compiler::lookup::Scope,972.0,144,1,2850,836.0,3,2877.0,76.0,450,12,25117.0,1261.0,55.8156,21204.0,1261.0,47.12,3913.0,429.0,8.69556,367.0,96.5124,1
eclipse,org::eclipse::jdt::core::dom::BindingComparator,1.0,1,1,0,3.0,0,3.0,1.0,31,6,515.0,95.0,16.6129,374.0,92.0,12.0645,141.0,41.0,4.54839,193.0,33.0488,0
eclipse,org::eclipse::jdt::internal::formatter::AbortFormatting,1.0,2,1,0,2.0,0,4.0,1.0,8,4,13.0,6.0,1.625,10.0,6.0,1.25,3.0,2.0,0.375,264.857,70.2308,0
eclipse,org::eclipse::jdt::internal::core::util::ResourceCompilationUnit,4.0,2,3,1,6.0,0,15.0,2.0,9,3,17.0,10.0,1.88889,15.0,5.0,1.66667,2.0,5.0,0.222222,131.857,15.4958,0
eclipse,org::eclipse::jdt::internal::core::CompilationUnitProblemFinder,8.0,7,2,21,17.0,0,57.0,7.0,74,9,423.0,44.0,5.71622,352.0,50.0,4.75676,71.0,17.0,0.959459,325.0,119.241,0
eclipse,org::eclipse::jdt::internal::compiler::ast::PostfixExpression,10.0,3,6,15,16.0,0,39.0,6.0,36,4,374.0,76.0,10.3889,376.0,76.0,10.4444,-2.0,13.0,-0.0555556,367.0,70.9236,0
eclipse,org::eclipse::jdt::internal::compiler::problem::ProblemReporter,1033.0,156,2,81003,2603.0,1,6571.0,403.0,479,12,22297.0,2482.0,46.5491,16639.0,2576.0,34.737,5658.0,459.0,11.8121,367.0,129.576,1
eclipse,org::eclipse::jdt::internal::codeassist::complete::CompletionOnKeyword1,7.0,1,6,21,12.0,0,23.0,7.0,12,7,26.0,5.0,2.16667,15.0,4.0,1.25,11.0,5.0,0.916667,282.0,90.3571,0
eclipse,org::eclipse::jdt::internal::compiler::lookup::ClassScope,310.0,34,2,325,362.0,0,1091.0,26.0,239,12,13423.0,873.0,56.1632,12995.0,896.0,54.3724,428.0,103.0,1.79079,367.0,54.9122,1
eclipse,org::eclipse::jdt::internal::core::search::PathCollector,3.0,3,2,3,8.0,0,12.0,3.0,21,6,344.0,131.0,16.381,560.0,154.0,26.6667,-216.0,9.0,-10.2857,367.0,52.1578,0
eclipse,org::eclipse::jdt::internal::compiler::ast::BranchStatement,9.0,2,3,3,13.0,3,39.0,3.0,35,6,253.0,66.0,7.22857,236.0,66.0,6.74286,17.0,9.0,0.485714,367.0,99.738,0
eclipse,org::eclipse::jdt::internal::codeassist::complete::CompletionJavadoc,74.0,9,3,21,47.0,0,222.0,7.0,6,3,39.0,36.0,6.5,37.0,34.0,6.16667,2.0,2.0,0.333333,140.143,15.2344,0
eclipse,org::eclipse::jdt::internal::formatter::Scribe,764.0,27,1,3160,752.0,0,3184.0,80.0,172,8,6871.0,959.0,39.9477,3179.0,425.0,18.4826,3692.0,836.0,21.4651,264.857,166.729,1
eclipse,org::eclipse::jdt::internal::core::MemberElementInfo,6.0,8,3,15,6.0,3,18.0,6.0,22,6,282.0,92.0,12.8182,305.0,92.0,13.8636,-23.0,4.0,-1.04545,367.0,48.0942,0
eclipse,org::eclipse::jdt::internal::codeassist::impl::AssistPackageDeclaration,3.0,3,5,3,5.0,0,10.0,3.0,1,1,0.0,0.0,0.0,0.0,0.0,0.0,0.0,0.0,0.0,14.7143,0.0,0
eclipse,org::eclipse::jdt::core::search::SearchParticipant,8.0,7,1,45,20.0,1,30.0,10.0,39,9,544.0,138.0,13.9487,270.0,59.0,6.92308,274.0,89.0,7.02564,236.0,29.5176,0
eclipse,org::eclipse::jdt::internal::compiler::problem::AbortType,1.0,4,3,0,1.0,1,3.0,1.0,18,5,64.0,25.0,3.55556,51.0,25.0,2.83333,13.0,6.0,0.722222,367.0,93.6473,0
eclipse,org::eclipse::jdt::internal::compiler::parser::RecoveredAnnotation,39.0,16,2,78,36.0,0,184.0,13.0,2,1,58.0,58.0,29.0,16.0,16.0,8.0,42.0,42.0,21.0,20.5714,14.7143,0
eclipse,org::eclipse::jdt::internal::core::util::LocalVariableTableEntry,10.0,4,2,28,15.0,0,38.0,8.0,9,3,28.0,9.0,3.11111,29.0,10.0,3.22222,-1.0,0.0,-0.111111,322.714,52.8061,0
eclipse,org::eclipse::jdt::internal::compiler::codegen::LongCache,36.0,2,1,36,24.0,0,94.0,9.0,31,6,637.0,155.0,20.5484,629.0,155.0,20.2903,8.0,9.0,0.258065,367.0,74.9388,0
eclipse,org::eclipse::jdt::internal::core::search::matching::MatchingNodeSet,37.0,20,1,36,54.0,0,149.0,9.0,46,7,480.0,224.0,10.4348,826.0,320.0,17.9565,-346.0,16.0,-7.52174,279.571,48.9,0
eclipse,org::eclipse::jdt::internal::core::search::indexing::SourceIndexerRequestor,67.0,8,1,465,82.0,0,235.0,31.0,63,9,926.0,258.0,14.6984,829.0,302.0,13.1587,97.0,35.0,1.53968,367.0,97.8383,0
eclipse,org::eclipse::jdt::internal::compiler::ast::QualifiedNameReference,331.0,24,6,435,334.0,3,986.0,30.0,171,10,6363.0,924.0,37.2105,5607.0,935.0,32.7895,756.0,156.0,4.42105,367.0,124.878,1
eclipse,org::eclipse::jdt::internal::compiler::classfmt::InnerClassInfo,17.0,3,2,21,32.0,0,72.0,7.0,30,5,328.0,143.0,10.9333,321.0,143.0,10.7,7.0,15.0,0.233333,367.0,39.4787,0
eclipse,org::eclipse::jdt::internal::codeassist::select::SelectionOnParameterizedQualifiedTypeReference,7.0,5,8,3,15.0,0,43.0,3.0,15,5,203.0,74.0,13.5333,53.0,19.0,3.53333,150.0,74.0,10.0,207.143,10.4215,0
eclipse,org::eclipse::jdt::internal::core::search::matching::LocalVariablePattern,11.0,12,5,3,25.0,0,43.0,3.0,34,7,243.0,47.0,7.14706,245.0,51.0,7.20588,-2.0,19.0,-0.0588235,243.0,26.6238,0
eclipse,org::eclipse::jdt::internal::compiler::codegen::CodeStream,1542.0,86,1,46665,1603.0,1,6017.0,306.0,217,9,26252.0,5690.0,120.977,25827.0,5690.0,119.018,425.0,328.0,1.95853,367.0,93.3903,1
eclipse,org::eclipse::jdt::core::dom::StringLiteral,41.0,6,3,105,76.0,0,166.0,15.0,51,8,765.0,349.0,15.0,572.0,349.0,11.2157,193.0,61.0,3.78431,333.143,44.4293,1
eclipse,org::eclipse::jdt::internal::core::MovePackageFragmentRootOperation,53.0,14,3,21,74.0,0,231.0,7.0,21,5,293.0,73.0,13.9524,151.0,38.0,7.19048,142.0,46.0,6.7619,281.143,34.8649,0
eclipse,org::eclipse::jdt::internal::compiler::codegen::StackMapFrameCodeStream,92.0,15,2,666,170.0,0,395.0,37.0,29,3,2876.0,1767.0,99.1724,4032.0,2292.0,139.034,-1156.0,428.0,-39.8621,126.571,59.8261,1
eclipse,org::eclipse::jdt::internal::formatter::align::Alignment,61.0,6,1,55,32.0,0,270.0,11.0,35,6,209.0,27.0,5.97143,195.0,39.0,5.57143,14.0,14.0,0.4,264.857,46.8776,0
eclipse,org::eclipse::jdt::internal::codeassist::complete::InvalidCursorLocation,1.0,1,1,0,1.0,0,3.0,1.0,30,4,168.0,30.0,5.6,165.0,30.0,5.5,3.0,9.0,0.1,367.0,47.159,0
eclipse,org::eclipse::jdt::internal::core::search::SubTypeSearchJob,9.0,4,2,6,10.0,0,24.0,4.0,54,8,373.0,95.0,6.90741,550.0,95.0,10.1852,-177.0,13.0,-3.27778,367.0,85.2539,0
eclipse,org::eclipse::jdt::internal::core::ChangeClasspathOperation,11.0,12,2,10,23.0,3,63.0,5.0,12,3,36.0,7.0,3.0,10.0,4.0,0.833333,26.0,7.0,2.16667,105.0,69.9286,0
eclipse,org::eclipse::jdt::internal::formatter::CascadingMethodInvocationFragmentBuilder,6.0,1,2,6,12.0,0,26.0,4.0,9,4,32.0,11.0,3.55556,26.0,6.0,2.88889,6.0,6.0,0.666667,244.714,25.2679,0
eclipse,org::eclipse::jdt::internal::core::util::ASTNodeFinder,43.0,13,1,10,36.0,0,129.0,5.0,14,5,18.0,4.0,1.28571,18.0,4.0,1.28571,0.0,0.0,0.0,238.429,45.8175,0
eclipse,org::eclipse::jdt::internal::codeassist::complete::CompletionOnParameterizedQualifiedTypeReference,16.0,4,8,21,25.0,0,67.0,7.0,15,5,297.0,131.0,19.8,31.0,12.0,2.06667,266.0,131.0,17.7333,218.857,13.0702,0
eclipse,org::eclipse::jdt::core::search::LocalVariableReferenceMatch,3.0,2,2,3,4.0,0,12.0,3.0,21,4,192.0,37.0,9.14286,52.0,11.0,2.47619,140.0,36.0,6.66667,227.571,10.9219,0
eclipse,org::eclipse::jdt::internal::compiler::parser::diagnose::RangeUtil,22.0,2,1,6,16.0,0,60.0,4.0,14,6,19.0,4.0,1.35714,40.0,23.0,2.85714,-21.0,1.0,-1.5,236.143,101.602,0
eclipse,org::eclipse::jdt::internal::core::builder::QualifiedNameSet,14.0,2,1,6,10.0,0,44.0,4.0,10,6,152.0,67.0,15.2,14.0,4.0,1.4,138.0,67.0,13.8,240.857,5.47462,0
eclipse,org::eclipse::jdt::internal::codeassist::CompletionUnitStructureRequestor,43.0,15,3,91,46.0,0,128.0,14.0,2,1,9.0,9.0,4.5,0.0,0.0,0.0,9.0,9.0,4.5,14.7143,9.57143,0
eclipse,org::eclipse::jdt::internal::core::util::InnerClassesAttribute,5.0,3,3,3,5.0,0,21.0,3.0,16,5,55.0,9.0,3.4375,51.0,9.0,3.1875,4.0,4.0,0.25,322.714,65.8883,0
eclipse,org::eclipse::jdt::internal::compiler::env::AccessRestriction,3.0,6,1,3,5.0,0,11.0,3.0,16,7,151.0,39.0,9.4375,174.0,99.0,10.875,-23.0,39.0,-1.4375,193.571,30.017,0
eclipse,org::eclipse::jdt::internal::eval::CodeSnippetThisReference,20.0,6,6,55,29.0,0,75.0,11.0,44,7,326.0,98.0,7.40909,306.0,98.0,6.95455,20.0,11.0,0.454545,367.0,76.8418,0
eclipse,org::eclipse::jdt::internal::core::PackageFragmentInfo,5.0,5,3,6,7.0,1,25.0,4.0,41,6,275.0,107.0,6.70732,318.0,107.0,7.7561,-43.0,24.0,-1.04878,367.0,54.6197,0
eclipse,org::eclipse::jdt::internal::compiler::lookup::ImportConflictBinding,3.0,2,3,3,6.0,0,10.0,3.0,3,3,1.0,1.0,0.333333,1.0,1.0,0.333333,0.0,0.0,0.0,162.571,0.0,0
eclipse,org::eclipse::jdt::core::dom::PrefixExpression,25.0,4,3,105,48.0,0,97.0,15.0,38,7,536.0,253.0,14.1053,345.0,253.0,9.07895,191.0,83.0,5.02632,333.143,63.662,0
eclipse,org::eclipse::jdt::internal::compiler::parser::diagnose::LexStream,45.0,6,1,136,69.0,0,212.0,17.0,15,5,138.0,90.0,9.2,31.0,5.0,2.06667,107.0,86.0,7.13333,262.0,46.558,0
eclipse,org::eclipse::jdt::internal::core::search::indexing::AbstractIndexer,40.0,10,1,153,78.0,2,137.0,18.0,56,9,1654.0,573.0,29.5357,2240.0,731.0,40.0,-586.0,14.0,-10.4643,367.0,68.7153,0
eclipse,org::eclipse::jdt::core::dom::Annotation,15.0,11,3,78,25.0,3,53.0,13.0,21,7,409.0,125.0,19.4762,49.0,9.0,2.33333,360.0,125.0,17.1429,226.0,9.16242,0
eclipse,org::eclipse::jdt::internal::core::ClasspathAttribute,8.0,5,1,15,9.0,0,21.0,6.0,2,2,4.0,4.0,2.0,4.0,4.0,2.0,0.0,0.0,0.0,173.0,0.142857,0
eclipse,org::eclipse::jdt::internal::compiler::lookup::BinaryLocalVariableBinding,3.0,0,4,1,2.0,0,7.0,2.0,1,1,0.0,0.0,0.0,0.0,0.0,0.0,0.0,0.0,0.0,60.5714,0.0,0
eclipse,org::eclipse::jdt::internal::codeassist::complete::CompletionNodeDetector,17.0,2,2,10,6.0,0,29.0,5.0,18,7,119.0,24.0,6.61111,40.0,10.0,2.22222,79.0,24.0,4.38889,295.143,92.9208,0
eclipse,org::eclipse::jdt::core::dom::IfStatement,32.0,6,3,120,64.0,0,128.0,16.0,41,7,631.0,227.0,15.3902,379.0,227.0,9.2439,252.0,90.0,6.14634,333.143,70.4743,0
eclipse,org::eclipse::jdt::internal::core::search::matching::QualifiedTypeDeclarationPattern,25.0,7,5,10,31.0,0,100.0,5.0,48,8,490.0,54.0,10.2083,539.0,74.0,11.2292,-49.0,52.0,-1.02083,329.143,136.203,1
eclipse,org::eclipse::jdt::internal::compiler::ast::LocalDeclaration,62.0,26,4,21,79.0,3,209.0,7.0,93,9,1212.0,205.0,13.0323,1158.0,205.0,12.4516,54.0,18.0,0.580645,367.0,109.407,0
eclipse,org::eclipse::jdt::internal::core::hierarchy::ChangeCollector,68.0,13,1,66,116.0,0,254.0,12.0,11,5,43.0,27.0,3.90909,44.0,30.0,4.0,-1.0,1.0,-0.0909091,245.857,91.814,0
eclipse,org::eclipse::jdt::internal::codeassist::select::SelectionParser,166.0,34,3,1176,262.0,0,1189.0,49.0,116,7,3119.0,686.0,26.8879,2283.0,686.0,19.681,836.0,190.0,7.2069,367.0,86.6224,1
eclipse,org::eclipse::jdt::core::dom::Comment,7.0,5,2,21,8.0,3,24.0,7.0,9,3,20.0,4.0,2.22222,16.0,4.0,1.77778,4.0,2.0,0.444444,229.714,26.3143,0
eclipse,org::eclipse::jdt::internal::core::search::matching::DeclarationOfAccessedFieldsPattern,1.0,2,6,0,2.0,0,7.0,1.0,30,7,231.0,120.0,7.7,312.0,120.0,10.4,-81.0,8.0,-2.7,343.0,53.3006,1
eclipse,org::eclipse::jdt::internal::codeassist::complete::CompletionOnJavadocFieldReference,22.0,4,7,36,31.0,0,76.0,9.0,6,1,46.0,17.0,7.66667,3.0,3.0,0.5,43.0,14.0,7.16667,140.143,4.21429,0
eclipse,org::eclipse::jdt::internal::core::JavaModelCache,43.0,8,1,45,69.0,0,166.0,10.0,38,6,346.0,68.0,9.10526,237.0,54.0,6.23684,109.0,59.0,2.86842,324.571,163.814,1
eclipse,org::eclipse::jdt::internal::compiler::util::HashtableOfPackage,25.0,3,1,21,17.0,0,79.0,7.0,31,7,242.0,95.0,7.80645,238.0,95.0,7.67742,4.0,9.0,0.129032,367.0,53.6429,0
eclipse,org::eclipse::jdt::internal::core::ResolvedSourceMethod,6.0,3,7,10,9.0,1,23.0,5.0,8,4,29.0,7.0,3.625,18.0,5.0,2.25,11.0,7.0,1.375,175.0,35.0394,0
eclipse,org::eclipse::jdt::internal::core::Member,94.0,33,4,190,150.0,2,312.0,20.0,60,7,864.0,247.0,14.4,586.0,247.0,9.76667,278.0,48.0,4.63333,367.0,100.701,0
eclipse,org::eclipse::jdt::internal::core::SourceMapper,148.0,36,2,703,331.0,0,909.0,38.0,167,9,9461.0,891.0,56.6527,8615.0,891.0,51.5868,846.0,184.0,5.06587,367.0,49.3227,1
eclipse,org::eclipse::jdt::core::util::OpcodeStringValues,0.0,0,1,0,0.0,0,0.0,0.0,15,4,240.0,204.0,16.0,238.0,204.0,15.8667,2.0,3.0,0.133333,322.714,12.6012,1
eclipse,org::eclipse::jdt::core::formatter::IndentManipulation,68.0,10,1,78,70.0,0,235.0,13.0,7,3,11.0,4.0,1.57143,18.0,9.0,2.57143,-7.0,1.0,-1.0,123.857,34.1169,0
eclipse,org::eclipse::jdt::core::dom::AbstractTypeDeclaration,17.0,18,3,120,35.0,3,61.0,16.0,22,4,555.0,179.0,25.2273,64.0,12.0,2.90909,491.0,179.0,22.3182,226.0,5.52844,0
eclipse,org::eclipse::jdt::core::dom::SwitchCase,19.0,4,3,78,39.0,0,75.0,13.0,40,7,380.0,151.0,9.5,235.0,151.0,5.875,145.0,59.0,3.625,333.143,69.6068,0
eclipse,org::eclipse::jdt::internal::compiler::SourceElementParser,188.0,26,3,1225,230.0,1,849.0,50.0,124,5,4604.0,1294.0,37.129,4049.0,1294.0,32.6532,555.0,170.0,4.47581,367.0,54.1314,0
eclipse,org::eclipse::jdt::core::dom::TypeLiteral,19.0,3,3,66,37.0,0,72.0,12.0,37,7,344.0,128.0,9.2973,199.0,128.0,5.37838,145.0,59.0,3.91892,333.143,73.1208,0
eclipse,org::eclipse::jdt::internal::compiler::ast::StringLiteralConcatenation,9.0,3,6,10,15.0,0,46.0,5.0,6,3,7.0,4.0,1.16667,7.0,4.0,1.16667,0.0,0.0,0.0,213.857,55.449,0
eclipse,org::eclipse::jdt::internal::core::search::PatternSearchJob,23.0,10,1,36,31.0,1,75.0,9.0,72,9,1022.0,167.0,14.1944,1141.0,167.0,15.8472,-119.0,19.0,-1.65278,367.0,86.0914,0
eclipse,org::eclipse::jdt::internal::compiler::ast::DoStatement,32.0,11,3,15,60.0,0,163.0,6.0,73,7,947.0,197.0,12.9726,932.0,197.0,12.7671,15.0,39.0,0.205479,367.0,103.703,0
eclipse,org::eclipse::jdt::internal::core::util::Util,520.0,125,1,5356,632.0,0,1892.0,104.0,155,11,7314.0,1614.0,47.1871,2435.0,365.0,15.7097,4879.0,1581.0,31.4774,322.714,124.661,1
eclipse,org::eclipse::jdt::internal::codeassist::select::SelectionNodeFound,1.0,0,1,0,1.0,0,4.0,1.0,26,6,112.0,23.0,4.30769,101.0,23.0,3.88462,11.0,8.0,0.423077,367.0,111.855,0
eclipse,org::eclipse::jdt::internal::eval::CodeSnippetSkeleton,22.0,3,3,231,25.0,0,66.0,22.0,53,8,551.0,146.0,10.3962,517.0,146.0,9.75472,34.0,14.0,0.641509,367.0,94.3088,0
eclipse,org::eclipse::jdt::core::search::TypeNameRequestor,1.0,3,1,1,2.0,0,3.0,2.0,7,4,11.0,5.0,1.57143,7.0,2.0,1.0,4.0,4.0,0.571429,170.571,49.6623,0
eclipse,org::eclipse::jdt::internal::core::search::matching::PackageReferenceLocator,85.0,16,2,55,60.0,0,256.0,11.0,65,8,578.0,75.0,8.89231,318.0,84.0,4.89231,260.0,27.0,4.0,248.571,49.5704,1
eclipse,org::eclipse::jdt::internal::core::dom::rewrite::SourceModifier,4.0,2,1,3,8.0,0,18.0,3.0,15,8,49.0,9.0,3.26667,114.0,44.0,7.6,-65.0,2.0,-4.33333,220.143,37.4752,0
eclipse,org::eclipse::jdt::internal::codeassist::complete::CompletionOnMessageSendName,12.0,4,5,3,21.0,0,44.0,3.0,3,2,2.0,1.0,0.666667,8.0,7.0,2.66667,-6.0,0.0,-2.0,113.857,109.786,0
eclipse,org::eclipse::jdt::internal::compiler::problem::ProblemHandler,5.0,2,1,10,9.0,1,38.0,5.0,43,8,523.0,180.0,12.1628,524.0,180.0,12.186,-1.0,26.0,-0.0232558,367.0,98.6651,0
eclipse,org::eclipse::jdt::internal::core::DeltaProcessingState,79.0,33,1,231,168.0,0,419.0,22.0,63,7,1440.0,111.0,22.8571,844.0,115.0,13.3968,596.0,111.0,9.46032,258.0,71.1393,1
eclipse,org::eclipse::jdt::internal::core::SetClasspathOperation,9.0,7,3,6,21.0,0,44.0,4.0,181,8,3880.0,684.0,21.4365,3657.0,788.0,20.2044,223.0,215.0,1.23204,367.0,56.5994,1
eclipse,org::eclipse::jdt::internal::core::jdom::DOMCompilationUnit,27.0,10,3,105,39.0,0,89.0,15.0,47,7,466.0,184.0,9.91489,486.0,184.0,10.3404,-20.0,8.0,-0.425532,367.0,42.4421,0
eclipse,org::eclipse::jdt::internal::core::SetVariablesOperation,36.0,12,3,10,58.0,0,152.0,5.0,8,2,35.0,27.0,4.375,41.0,18.0,5.125,-6.0,11.0,-0.75,105.0,46.9633,0
eclipse,org::eclipse::jdt::core::dom::MarkerAnnotation,15.0,3,4,55,32.0,0,54.0,11.0,23,5,374.0,98.0,16.2609,46.0,12.0,2.0,328.0,98.0,14.2609,226.0,3.81207,0
eclipse,org::eclipse::jdt::internal::core::search::matching::TypeDeclarationPattern,65.0,9,4,36,53.0,2,240.0,9.0,82,8,2965.0,334.0,36.1585,2913.0,334.0,35.5244,52.0,98.0,0.634146,367.0,80.6135,1
eclipse,org::eclipse::jdt::internal::codeassist::select::SelectionOnSuperReference,5.0,3,7,3,10.0,0,16.0,3.0,28,5,170.0,58.0,6.07143,168.0,58.0,6.0,2.0,6.0,0.0714286,367.0,67.8765,0
eclipse,org::eclipse::jdt::internal::core::JavaModelManager,489.0,110,1,7381,1026.0,0,2475.0,122.0,459,10,16606.0,1450.0,36.1787,11374.0,1450.0,24.78,5232.0,585.0,11.3987,367.0,124.65,1
eclipse,org::eclipse::jdt::internal::core::BufferManager,15.0,15,1,36,40.0,0,70.0,9.0,45,5,662.0,164.0,14.7111,802.0,190.0,17.8222,-140.0,20.0,-3.11111,367.0,55.3455,0
eclipse,org::eclipse::jdt::internal::core::search::matching::ClasspathSourceDirectory,22.0,6,2,45,39.0,0,72.0,10.0,26,8,162.0,25.0,6.23077,172.0,59.0,6.61538,-10.0,21.0,-0.384615,291.0,112.474,0
eclipse,org::eclipse::jdt::internal::core::search::indexing::AddJarFileToIndex,51.0,15,2,21,77.0,0,195.0,7.0,101,9,1134.0,223.0,11.2277,1072.0,223.0,10.6139,62.0,19.0,0.613861,367.0,63.2878,1
eclipse,org::eclipse::jdt::core::dom::SingleVariableDeclaration,65.0,14,3,435,117.0,0,257.0,30.0,65,8,1524.0,259.0,23.4462,832.0,259.0,12.8,692.0,196.0,10.6462,333.143,89.4058,0
eclipse,org::eclipse::jdt::internal::compiler::ast::SuperReference,10.0,12,6,28,18.0,2,41.0,8.0,39,7,278.0,63.0,7.12821,275.0,63.0,7.05128,3.0,10.0,0.0769231,367.0,77.1454,0
eclipse,org::eclipse::jdt::internal::core::util::ToStringSorter,10.0,3,1,6,11.0,0,42.0,4.0,21,5,215.0,75.0,10.2381,213.0,75.0,10.1429,2.0,11.0,0.0952381,367.0,47.4591,0
eclipse,org::eclipse::jdt::internal::compiler::ast::DoubleLiteral,16.0,4,6,10,16.0,0,85.0,5.0,25,4,267.0,71.0,10.68,241.0,71.0,9.64,26.0,28.0,1.04,367.0,107.064,0
eclipse,org::eclipse::jdt::internal::compiler::util::HashtableOfIntValues,31.0,5,1,36,24.0,0,115.0,9.0,7,5,47.0,20.0,6.71429,47.0,15.0,6.71429,0.0,8.0,0.0,231.571,59.6231,0
eclipse,org::eclipse::jdt::internal::compiler::classfmt::FieldInfoWithAnnotation,10.0,5,3,10,17.0,0,40.0,5.0,4,3,127.0,70.0,31.75,1.0,1.0,0.25,126.0,70.0,31.5,158.714,14.7795,0
eclipse,org::eclipse::jdt::internal::compiler::ast::Clinit,46.0,20,3,55,79.0,0,231.0,11.0,73,7,2740.0,254.0,37.5342,2537.0,254.0,34.7534,203.0,57.0,2.78082,367.0,37.3137,1
eclipse,org::eclipse::jdt::internal::codeassist::complete::CompletionOnKeyword2,5.0,2,3,10,9.0,0,18.0,5.0,14,6,25.0,4.0,1.78571,18.0,4.0,1.28571,7.0,3.0,0.5,282.0,92.1657,0
eclipse,org::eclipse::jdt::core::compiler::CompilationProgress,0.0,2,1,10,5.0,0,0.0,5.0,1,1,0.0,0.0,0.0,0.0,0.0,0.0,0.0,0.0,0.0,12.5714,0.0,0
eclipse,org::eclipse::jdt::internal::core::dom::rewrite::ImportRewriteAnalyzer,157.0,17,1,351,306.0,0,606.0,27.0,11,1,150.0,48.0,13.6364,156.0,40.0,14.1818,-6.0,21.0,-0.545455,133.143,27.5962,1
eclipse,org::eclipse::jdt::internal::compiler::lookup::SyntheticMethodBinding,38.0,7,3,6,34.0,0,166.0,4.0,26,5,243.0,56.0,9.34615,99.0,14.0,3.80769,144.0,55.0,5.53846,190.714,54.0406,1
eclipse,org::eclipse::jdt::internal::core::dom::rewrite::NodeInfoStore,19.0,15,1,36,37.0,0,74.0,9.0,14,8,115.0,48.0,8.21429,405.0,196.0,28.9286,-290.0,4.0,-20.7143,220.143,12.3304,0
eclipse,org::eclipse::jdt::core::dom::QualifiedName,28.0,8,4,105,58.0,0,110.0,15.0,50,7,520.0,174.0,10.4,307.0,174.0,6.14,213.0,75.0,4.26,333.143,72.406,0
eclipse,org::eclipse::jdt::core::dom::SuperConstructorInvocation,29.0,5,3,120,54.0,0,101.0,16.0,40,7,654.0,164.0,16.35,324.0,164.0,8.1,330.0,77.0,8.25,333.143,84.0767,0
eclipse,org::eclipse::jdt::core::ClasspathVariableInitializer,1.0,1,1,1,2.0,0,3.0,2.0,14,4,55.0,13.0,3.92857,29.0,5.0,2.07143,26.0,9.0,1.85714,328.571,36.6545,0
eclipse,org::eclipse::jdt::internal::core::ClassFile,124.0,51,4,990,243.0,0,549.0,45.0,165,8,2290.0,594.0,13.8788,1878.0,594.0,11.3818,412.0,70.0,2.49697,367.0,88.614,0
eclipse,org::eclipse::jdt::internal::compiler::util::HashtableOfLong,22.0,2,1,21,11.0,0,74.0,7.0,9,6,27.0,15.0,3.0,18.0,6.0,2.0,9.0,9.0,1.0,281.571,121.439,0
eclipse,org::eclipse::jdt::internal::compiler::codegen::BranchLabel,52.0,25,2,66,45.0,1,199.0,12.0,17,2,196.0,93.0,11.5294,126.0,48.0,7.41176,70.0,60.0,4.11765,124.0,13.9424,1
eclipse,org::eclipse::jdt::internal::core::util::LocalVariableTypeTableEntry,10.0,4,2,28,15.0,0,38.0,8.0,6,3,226.0,110.0,37.6667,6.0,4.0,1.0,220.0,110.0,36.6667,223.571,10.0822,0
eclipse,org::eclipse::jdt::internal::compiler::lookup::AnnotationHolder,15.0,4,1,15,10.0,1,32.0,6.0,4,2,5.0,3.0,1.25,5.0,3.0,1.25,0.0,0.0,0.0,127.0,55.5714,0
eclipse,org::eclipse::jdt::internal::compiler::ast::CompoundAssignment,48.0,11,5,36,49.0,2,150.0,9.0,75,9,912.0,141.0,12.16,887.0,141.0,11.8267,25.0,20.0,0.333333,367.0,70.1057,0
eclipse,org::eclipse::jdt::core::search::TypeParameterReferenceMatch,1.0,2,2,0,2.0,0,4.0,1.0,3,3,5.0,4.0,1.66667,5.0,4.0,1.66667,0.0,0.0,0.0,177.143,3.45714,0
eclipse,org::eclipse::jdt::internal::core::ClasspathAccessRule,11.0,4,2,6,7.0,0,27.0,4.0,7,3,27.0,10.0,3.85714,26.0,9.0,3.71429,1.0,1.0,0.142857,169.143,14.3651,0
eclipse,org::eclipse::jdt::internal::core::CompilationUnit,216.0,69,4,3081,442.0,2,830.0,79.0,291,11,4847.0,924.0,16.6564,4041.0,924.0,13.8866,806.0,406.0,2.76976,367.0,96.6624,1
eclipse,org::eclipse::jdt::internal::core::search::matching::SuperTypeNamesCollector,37.0,26,1,21,61.0,0,162.0,7.0,72,9,1300.0,434.0,18.0556,1296.0,434.0,18.0,4.0,128.0,0.0555556,346.571,53.8768,0
eclipse,org::eclipse::jdt::internal::core::DocumentAdapter,3.0,2,1,3,8.0,0,12.0,3.0,2,2,4.0,4.0,2.0,4.0,4.0,2.0,0.0,0.0,0.0,177.714,4.85714,0
eclipse,org::eclipse::jdt::internal::compiler::lookup::MethodVerifier,292.0,18,1,630,267.0,1,736.0,36.0,131,10,3730.0,879.0,28.4733,3780.0,893.0,28.855,-50.0,61.0,-0.381679,367.0,119.775,1
eclipse,org::eclipse::jdt::internal::core::jdom::DOMInitializer,22.0,8,4,120,45.0,0,89.0,16.0,39,7,539.0,229.0,13.8205,570.0,229.0,14.6154,-31.0,5.0,-0.794872,367.0,40.7016,0
eclipse,org::eclipse::jdt::internal::codeassist::complete::CompletionOnJavadocTypeParamReference,6.0,2,7,10,8.0,0,17.0,5.0,6,2,12.0,9.0,2.0,3.0,1.0,0.5,9.0,9.0,1.5,140.143,2.72619,0
eclipse,org::eclipse::jdt::internal::codeassist::complete::CompletionOnQualifiedTypeReference,17.0,5,6,45,27.0,0,63.0,10.0,35,7,254.0,66.0,7.25714,180.0,66.0,5.14286,74.0,33.0,2.11429,367.0,112.943,0
eclipse,org::eclipse::jdt::internal::compiler::ast::SingleMemberAnnotation,9.0,6,5,10,14.0,0,34.0,5.0,20,6,203.0,69.0,10.15,64.0,15.0,3.2,139.0,69.0,6.95,222.714,25.4849,0
eclipse,org::eclipse::jdt::internal::core::util::BindingKeyResolver,119.0,15,2,630,113.0,0,435.0,36.0,56,5,674.0,145.0,12.0357,302.0,46.0,5.39286,372.0,115.0,6.64286,175.714,43.3241,0
eclipse,org::eclipse::jdt::internal::compiler::ast::CharLiteral,18.0,3,6,15,16.0,0,72.0,6.0,26,4,226.0,101.0,8.69231,232.0,101.0,8.92308,-6.0,6.0,-0.230769,367.0,54.665,0
eclipse,org::eclipse::jdt::internal::codeassist::impl::AssistParser,283.0,12,2,3828,340.0,2,1384.0,88.0,113,8,3649.0,1009.0,32.292,2677.0,1009.0,23.6903,972.0,271.0,8.60177,367.0,85.3402,0
eclipse,org::eclipse::jdt::internal::core::ImportDeclaration,18.0,6,4,66,30.0,1,57.0,12.0,48,7,261.0,67.0,5.4375,217.0,67.0,4.52083,44.0,10.0,0.916667,367.0,71.2041,0
eclipse,org::eclipse::jdt::internal::core::jdom::SiblingEnumeration,4.0,3,1,3,4.0,0,13.0,3.0,17,6,111.0,54.0,6.52941,105.0,54.0,6.17647,6.0,6.0,0.352941,367.0,65.4633,0
eclipse,org::eclipse::jdt::internal::codeassist::complete::CompletionOnSingleNameReference,4.0,3,7,3,8.0,0,17.0,3.0,30,6,140.0,47.0,4.66667,112.0,47.0,3.73333,28.0,7.0,0.933333,367.0,87.5214,0
eclipse,org::eclipse::jdt::internal::core::Initializer,19.0,12,5,55,41.0,1,67.0,11.0,48,8,344.0,95.0,7.16667,318.0,95.0,6.625,26.0,12.0,0.541667,367.0,52.7965,0
eclipse,org::eclipse::jdt::core::dom::rewrite::ASTRewrite,74.0,24,1,325,150.0,0,281.0,26.0,47,10,699.0,97.0,14.8723,324.0,49.0,6.89362,375.0,68.0,7.97872,220.143,54.4605,1
eclipse,org::eclipse::jdt::internal::core::search::indexing::RemoveFromIndex,8.0,3,2,3,8.0,0,25.0,3.0,47,6,287.0,72.0,6.10638,313.0,72.0,6.65957,-26.0,6.0,-0.553191,367.0,49.0383,0
eclipse,org::eclipse::jdt::internal::compiler::ast::NameReference,11.0,4,5,36,9.0,2,34.0,9.0,25,5,184.0,63.0,7.36,181.0,63.0,7.24,3.0,6.0,0.12,367.0,64.6483,0
eclipse,org::eclipse::jdt::core::dom::EnumConstantDeclaration,36.0,8,3,210,78.0,0,141.0,21.0,39,7,984.0,257.0,25.2308,197.0,49.0,5.05128,787.0,257.0,20.1795,239.571,16.3291,0
eclipse,org::eclipse::jdt::internal::core::search::matching::FieldLocator,100.0,20,3,78,89.0,0,274.0,13.0,68,9,503.0,47.0,7.39706,439.0,56.0,6.45588,64.0,40.0,0.941176,248.571,55.9912,1
eclipse,org::eclipse::jdt::internal::core::SourceField,34.0,21,6,78,67.0,1,120.0,13.0,61,7,450.0,77.0,7.37705,285.0,77.0,4.67213,165.0,35.0,2.70492,367.0,110.808,0
eclipse,org::eclipse::jdt::core::dom::DefaultBindingResolver,331.0,35,2,741,369.0,0,1106.0,39.0,189,12,6311.0,991.0,33.3915,4457.0,991.0,23.582,1854.0,123.0,9.80952,333.143,100.199,1
eclipse,org::eclipse::jdt::internal::compiler::parser::RecoveredLocalVariable,34.0,6,3,55,21.0,0,107.0,11.0,34,5,287.0,92.0,8.44118,221.0,92.0,6.5,66.0,54.0,1.94118,367.0,107.619,0
eclipse,org::eclipse::jdt::internal::codeassist::select::SelectionOnParameterizedSingleTypeReference,4.0,3,8,3,11.0,0,21.0,3.0,4,2,6.0,4.0,1.5,6.0,4.0,1.5,0.0,0.0,0.0,185.571,32.6905,0
eclipse,org::eclipse::jdt::internal::formatter::comment::JavaDocLine,5.0,3,3,3,9.0,0,15.0,3.0,3,1,2.0,1.0,0.666667,2.0,1.0,0.666667,0.0,0.0,0.0,168.857,56.0,0
eclipse,org::eclipse::jdt::internal::codeassist::complete::CompletionOnBrankStatementLabel,5.0,2,4,6,10.0,0,23.0,4.0,4,3,11.0,10.0,2.75,1.0,1.0,0.25,10.0,10.0,2.5,136.143,20.7013,0
eclipse,org::eclipse::jdt::core::dom::QualifiedType,27.0,8,3,91,53.0,0,107.0,14.0,35,6,667.0,198.0,19.0571,99.0,12.0,2.82857,568.0,198.0,16.2286,239.571,12.8297,0
eclipse,org::eclipse::jdt::internal::core::ReconcileWorkingCopyOperation,46.0,15,2,28,73.0,0,190.0,8.0,71,9,863.0,149.0,12.1549,560.0,84.0,7.88732,303.0,96.0,4.26761,278.857,137.885,0
eclipse,org::eclipse::jdt::internal::core::builder::CompilationParticipantResult,3.0,2,1,3,4.0,1,19.0,3.0,7,5,28.0,15.0,4.0,72.0,68.0,10.2857,-44.0,15.0,-6.28571,132.143,7.37755,0
eclipse,org::eclipse::jdt::core::compiler::CompilationParticipant,8.0,4,1,28,8.0,0,24.0,8.0,19,5,242.0,65.0,12.7368,199.0,108.0,10.4737,43.0,45.0,2.26316,136.571,12.768,1
eclipse,org::eclipse::jdt::internal::compiler::lookup::MethodBinding,235.0,66,2,1540,244.0,4,724.0,56.0,143,9,2802.0,441.0,19.5944,1959.0,443.0,13.6993,843.0,136.0,5.8951,367.0,144.063,1
eclipse,org::eclipse::jdt::internal::core::hierarchy::HierarchyResolver,150.0,38,1,120,174.0,0,629.0,16.0,113,8,2134.0,553.0,18.885,1731.0,553.0,15.3186,403.0,93.0,3.56637,331.857,102.769,0
eclipse,org::eclipse::jdt::internal::compiler::ast::ParameterizedSingleTypeReference,61.0,14,7,45,91.0,1,244.0,10.0,72,9,921.0,208.0,12.7917,394.0,80.0,5.47222,527.0,208.0,7.31944,223.571,53.3802,1
eclipse,org::eclipse::jdt::internal::codeassist::complete::CompletionOnJavadocMessageSend,18.0,2,6,28,26.0,0,56.0,8.0,4,1,25.0,16.0,6.25,2.0,2.0,0.5,23.0,14.0,5.75,140.143,1.84571,0
eclipse,org::eclipse::jdt::internal::core::search::indexing::AddFolderToIndex,11.0,3,2,3,19.0,0,79.0,3.0,33,7,160.0,35.0,4.84848,114.0,18.0,3.45455,46.0,17.0,1.39394,282.0,54.4366,0
eclipse,org::eclipse::jdt::internal::core::BasicCompilationUnit,19.0,7,2,21,24.0,0,71.0,7.0,44,7,402.0,70.0,9.13636,309.0,70.0,7.02273,93.0,51.0,2.11364,367.0,82.4879,0
eclipse,org::eclipse::jdt::internal::compiler::lookup::BinaryTypeBinding,293.0,37,4,666,297.0,1,947.0,37.0,178,11,3899.0,491.0,21.9045,2892.0,491.0,16.2472,1007.0,220.0,5.6573,367.0,137.097,1
eclipse,org::eclipse::jdt::internal::compiler::lookup::RawTypeBinding,33.0,9,5,78,78.0,0,129.0,13.0,67,7,756.0,160.0,11.2836,381.0,73.0,5.68657,375.0,160.0,5.59701,222.143,33.4348,0
eclipse,org::eclipse::jdt::internal::core::SortElementsOperation,37.0,16,2,55,78.0,0,281.0,11.0,50,7,784.0,172.0,15.68,448.0,100.0,8.96,336.0,141.0,6.72,281.857,107.182,0
eclipse,org::eclipse::jdt::internal::compiler::lookup::CompilationUnitScope,226.0,44,2,406,280.0,0,687.0,29.0,149,10,2389.0,507.0,16.0336,1947.0,507.0,13.0671,442.0,152.0,2.96644,367.0,96.0364,1
eclipse,org::eclipse::jdt::core::search::FieldDeclarationMatch,1.0,2,2,0,1.0,0,3.0,1.0,18,4,106.0,23.0,5.88889,26.0,6.0,1.44444,80.0,23.0,4.44444,227.571,9.22237,0
eclipse,org::eclipse::jdt::core::jdom::DOMException,1.0,2,1,0,1.0,0,3.0,1.0,22,5,105.0,32.0,4.77273,88.0,32.0,4.0,17.0,11.0,0.772727,367.0,64.6762,0
eclipse,org::eclipse::jdt::internal::compiler::flow::UnconditionalFlowInfo,342.0,24,2,703,84.0,1,1440.0,38.0,71,7,4282.0,1609.0,60.3099,3119.0,728.0,43.9296,1163.0,894.0,16.3803,367.0,173.635,0
eclipse,org::eclipse::jdt::internal::core::util::ConstantValueAttribute,3.0,3,3,3,5.0,0,11.0,3.0,15,5,35.0,9.0,2.33333,51.0,9.0,3.4,-16.0,0.0,-1.06667,322.714,60.2939,0
eclipse,org::eclipse::jdt::internal::codeassist::complete::CompletionOnClassLiteralAccess,4.0,3,5,3,10.0,0,17.0,3.0,28,4,168.0,59.0,6.0,159.0,59.0,5.67857,9.0,6.0,0.321429,367.0,52.7798,0
eclipse,org::eclipse::jdt::internal::compiler::batch::FileSystem,66.0,11,1,36,65.0,0,198.0,9.0,65,7,1096.0,168.0,16.8615,858.0,168.0,13.2,238.0,43.0,3.66154,367.0,134.997,0
eclipse,org::eclipse::jdt::internal::compiler::problem::ShouldNotImplement,1.0,2,1,0,1.0,0,3.0,1.0,19,4,81.0,25.0,4.26316,76.0,25.0,4.0,5.0,11.0,0.263158,367.0,60.7372,0
eclipse,org::eclipse::jdt::internal::codeassist::complete::CompletionScanner,260.0,11,2,28,104.0,0,796.0,8.0,86,8,2498.0,707.0,29.0465,2331.0,707.0,27.1046,167.0,129.0,1.94186,367.0,104.837,0
eclipse,org::eclipse::jdt::internal::compiler::ast::NumberLiteral,3.0,1,5,3,3.0,5,11.0,3.0,18,4,124.0,32.0,6.88889,125.0,32.0,6.94444,-1.0,5.0,-0.0555556,367.0,69.5184,0
eclipse,org::eclipse::jdt::internal::eval::CodeSnippetScope,94.0,18,3,45,118.0,0,308.0,10.0,64,10,1977.0,763.0,30.8906,2315.0,879.0,36.1719,-338.0,20.0,-5.28125,367.0,56.1353,1
eclipse,org::eclipse::jdt::internal::codeassist::select::SelectionOnImportReference,4.0,2,3,1,7.0,0,12.0,2.0,26,4,136.0,52.0,5.23077,136.0,52.0,5.23077,0.0,6.0,0.0,367.0,48.0872,0
eclipse,org::eclipse::jdt::internal::compiler::codegen::Label,1.0,0,1,1,2.0,2,3.0,2.0,58,6,1017.0,246.0,17.5345,1267.0,281.0,21.8448,-250.0,45.0,-4.31034,367.0,111.411,0
eclipse,org::eclipse::jdt::internal::compiler::ast::JavadocQualifiedTypeReference,14.0,9,6,15,27.0,1,48.0,6.0,35,9,322.0,48.0,9.2,156.0,31.0,4.45714,166.0,47.0,4.74286,239.143,58.6792,0
eclipse,org::eclipse::jdt::internal::core::search::matching::JavaSearchPattern,88.0,35,3,153,94.0,9,306.0,18.0,34,7,690.0,119.0,20.2941,319.0,84.0,9.38235,371.0,89.0,10.9118,216.0,90.7422,1
eclipse,org::eclipse::jdt::core::dom::RecoveredVariableBinding,29.0,7,2,190,47.0,0,87.0,20.0,3,1,32.0,27.0,10.6667,3.0,2.0,1.0,29.0,26.0,9.66667,65.7143,4.95536,0
eclipse,org::eclipse::jdt::core::CompletionProposal,100.0,8,2,780,105.0,0,347.0,40.0,51,10,2071.0,317.0,40.6078,224.0,30.0,4.39216,1847.0,315.0,36.2157,219.857,80.7057,1
equinox,ext::framework::a::importer::Activator,3.0,6,1,3,14.0,0,15.0,3.0,2,1,10.0,10.0,5.0,0.0,0.0,0.0,10.0,10.0,5.0,40.8571,3.14286,0
equinox,org::eclipse::osgi::framework::internal::reliablefile::ReliableFile,115.0,14,1,300,172.0,0,492.0,25.0,18,7,1431.0,532.0,79.5,1131.0,552.0,62.8333,300.0,394.0,16.6667,239.143,37.3797,0
equinox,org::osgi::framework::ServiceEvent,3.0,4,1,3,3.0,0,11.0,3.0,14,4,342.0,130.0,24.4286,337.0,123.0,24.0714,5.0,8.0,0.357143,239.143,70.6278,1
equinox,org::eclipse::osgi::framework::internal::core::BundleProtectionDomainImpl,1.0,1,2,0,1.0,0,4.0,1.0,4,2,3.0,3.0,0.75,49.0,44.0,12.25,-46.0,0.0,-11.5,178.857,4.57143,0
equinox,substitutes::z::Fz,0.0,0,1,0,0.0,0,0.0,0.0,1,1,0.0,0.0,0.0,0.0,0.0,0.0,0.0,0.0,0.0,19.1429,0.0,0
equinox,circularity::test::Activator,2.0,2,1,1,8.0,0,6.0,2.0,1,1,0.0,0.0,0.0,0.0,0.0,0.0,0.0,0.0,0.0,85.1429,0.0,0
equinox,org::eclipse::osgi::framework::internal::core::ConditionalPermissionSet,39.0,12,2,45,34.0,0,153.0,10.0,14,2,195.0,82.0,13.9286,97.0,73.0,6.92857,98.0,27.0,7.0,178.857,23.8447,0
equinox,org::eclipse::osgi::internal::module::BundleConstraint,3.0,3,2,1,3.0,0,8.0,2.0,7,3,211.0,95.0,30.1429,88.0,43.0,12.5714,123.0,95.0,17.5714,180.0,2.52539,0
equinox,org::eclipse::osgi::internal::resolver::SystemState,4.0,2,2,10,9.0,0,13.0,5.0,11,5,102.0,31.0,9.27273,83.0,40.0,7.54545,19.0,27.0,1.72727,237.714,59.7899,1
equinox,org::eclipse::osgi::internal::module::VersionSupplier,7.0,10,1,36,12.0,3,21.0,9.0,7,3,100.0,42.0,14.2857,15.0,7.0,2.14286,85.0,38.0,12.1429,180.0,30.1943,0
equinox,org::osgi::framework::ServicePermission,22.0,7,1,45,29.0,0,77.0,10.0,13,4,1117.0,492.0,85.9231,1187.0,520.0,91.3077,-70.0,8.0,-5.38462,239.143,62.685,1
equinox,org::eclipse::osgi::framework::internal::core::FrameworkProperties,8.0,22,1,6,17.0,0,24.0,4.0,3,2,1.0,1.0,0.333333,1.0,1.0,0.333333,0.0,0.0,0.0,127.143,10.4286,0
equinox,nativetest::d::Activator,2.0,4,1,1,8.0,0,8.0,2.0,1,1,0.0,0.0,0.0,0.0,0.0,0.0,0.0,0.0,0.0,42.0,0.0,0
equinox,substitutes::y::Ay,0.0,0,1,0,0.0,0,0.0,0.0,1,1,0.0,0.0,0.0,0.0,0.0,0.0,0.0,0.0,0.0,19.1429,0.0,0
equinox,org::eclipse::osgi::framework::internal::core::ConsoleMsg,0.0,0,2,0,0.0,0,0.0,0.0,10,5,206.0,169.0,20.6,83.0,36.0,8.3,123.0,133.0,12.3,239.143,68.6332,0
equinox,substitutes::x::Kx,0.0,0,1,0,0.0,0,0.0,0.0,1,1,0.0,0.0,0.0,0.0,0.0,0.0,0.0,0.0,0.0,19.1429,0.0,0
equinox,org::eclipse::equinox::launcher::Main,410.0,40,1,2016,836.0,1,1805.0,64.0,44,3,2587.0,2021.0,58.7955,2332.0,2011.0,53.0,255.0,65.0,5.79545,81.1429,32.9348,1
equinox,nativetest::b2::Activator,2.0,4,1,1,8.0,0,9.0,2.0,1,1,0.0,0.0,0.0,0.0,0.0,0.0,0.0,0.0,0.0,53.0,0.0,0
equinox,org::eclipse::osgi::internal::baseadaptor::DefaultClassLoader,38.0,12,2,190,54.0,0,120.0,20.0,8,1,499.0,237.0,62.375,19.0,10.0,2.375,480.0,237.0,60.0,125.857,3.11451,0
equinox,org::eclipse::osgi::framework::internal::core::StartLevelEvent,4.0,1,1,6,4.0,0,15.0,4.0,9,6,74.0,49.0,8.22222,102.0,50.0,11.3333,-28.0,0.0,-3.11111,239.143,12.5,0
equinox,org::eclipse::equinox::internal::launcher::Constants,0.0,0,1,0,0.0,0,0.0,0.0,2,1,7.0,7.0,3.5,1.0,1.0,0.5,6.0,6.0,3.0,81.0,14.0,1
equinox,org::eclipse::osgi::tests::appadmin::SimpleApp,5.0,2,1,1,10.0,0,30.0,2.0,1,1,0.0,0.0,0.0,0.0,0.0,0.0,0.0,0.0,0.0,39.7143,0.0,0
equinox,org::eclipse::core::runtime::internal::stats::StatsManager,38.0,17,1,210,108.0,0,149.0,21.0,7,1,123.0,55.0,17.5714,23.0,10.0,3.28571,100.0,54.0,14.2857,162.143,40.2032,0
equinox,org::eclipse::osgi::baseadaptor::bundlefile::DirZipBundleEntry,9.0,3,2,21,14.0,0,32.0,7.0,5,1,150.0,73.0,30.0,3.0,3.0,0.6,147.0,73.0,29.4,125.857,0.797143,0
equinox,org::eclipse::osgi::framework::internal::core::BundlePermissionCollection,0.0,2,1,0,1.0,2,0.0,1.0,9,6,29.0,8.0,3.22222,28.0,9.0,3.11111,1.0,5.0,0.111111,239.143,76.4384,0
equinox,org::eclipse::osgi::util::TextProcessor,34.0,5,1,15,36.0,0,114.0,6.0,7,1,265.0,195.0,37.8571,148.0,100.0,21.1429,117.0,95.0,16.7143,124.714,40.4232,1
equinox,org::eclipse::osgi::framework::internal::core::DependentPolicy,24.0,5,1,15,35.0,1,83.0,6.0,4,2,28.0,17.0,7.0,28.0,18.0,7.0,0.0,9.0,0.0,163.0,58.2398,1
equinox,org::eclipse::osgi::internal::resolver::GenericSpecificationImpl,31.0,12,3,91,35.0,0,65.0,14.0,1,1,0.0,0.0,0.0,0.0,0.0,0.0,0.0,0.0,0.0,118.714,0.0,1
equinox,org::eclipse::osgi::tests::services::resolver::SimplePlatformAdmin,1.0,2,2,0,3.0,0,4.0,1.0,2,2,1.0,1.0,0.5,2.0,2.0,1.0,-1.0,0.0,-0.5,159.714,34.8571,0
equinox,org::eclipse::core::runtime::internal::adaptor::Locker_JavaNio,10.0,6,1,6,20.0,0,73.0,4.0,7,3,13.0,8.0,1.85714,21.0,9.0,3.0,-8.0,0.0,-1.14286,162.143,36.5934,0
equinox,thread::locktest::Class1,0.0,1,1,0,1.0,0,0.0,1.0,1,1,0.0,0.0,0.0,0.0,0.0,0.0,0.0,0.0,0.0,85.1429,0.0,0
equinox,legacy::lazystart::b::excluded::b::BBExcluded,0.0,1,1,0,1.0,0,0.0,1.0,1,1,0.0,0.0,0.0,0.0,0.0,0.0,0.0,0.0,0.0,85.1429,0.0,0
equinox,org::eclipse::osgi::internal::signedcontent::PKCS7DateParser,6.0,1,1,1,15.0,0,27.0,2.0,1,1,0.0,0.0,0.0,0.0,0.0,0.0,0.0,0.0,0.0,27.2857,0.0,0
equinox,chain::test::d::Activator,2.0,2,1,1,8.0,0,6.0,2.0,1,1,0.0,0.0,0.0,0.0,0.0,0.0,0.0,0.0,0.0,85.1429,0.0,0
equinox,substitutes::y::Ny,0.0,0,1,0,0.0,0,0.0,0.0,1,1,0.0,0.0,0.0,0.0,0.0,0.0,0.0,0.0,0.0,19.1429,0.0,0
equinox,osgi::lazystart::LazySimple,1.0,1,1,0,2.0,0,3.0,1.0,1,1,0.0,0.0,0.0,0.0,0.0,0.0,0.0,0.0,0.0,85.1429,0.0,0
equinox,substitutes::x::Ix,0.0,0,1,0,0.0,0,0.0,0.0,1,1,0.0,0.0,0.0,0.0,0.0,0.0,0.0,0.0,0.0,19.1429,0.0,0
equinox,org::eclipse::osgi::internal::module::ResolverExport,6.0,5,2,15,11.0,0,19.0,6.0,13,3,316.0,122.0,24.3077,147.0,94.0,11.3077,169.0,122.0,13.0,180.0,7.31691,0
equinox,org::eclipse::osgi::internal::resolver::StateObjectFactoryImpl,46.0,30,1,210,177.0,0,221.0,21.0,37,7,599.0,79.0,16.1892,302.0,73.0,8.16216,297.0,76.0,8.02703,239.143,80.1037,0
equinox,org::eclipse::osgi::framework::internal::core::StartLevelManager,109.0,26,1,406,199.0,0,430.0,29.0,32,6,546.0,125.0,17.0625,546.0,122.0,17.0625,0.0,41.0,0.0,218.714,75.8618,1
equinox,org::eclipse::core::runtime::internal::adaptor::EclipseAppLauncher,30.0,13,1,21,45.0,0,100.0,7.0,9,1,51.0,19.0,5.66667,16.0,4.0,1.77778,35.0,19.0,3.88889,136.143,62.4594,0
equinox,org::eclipse::osgi::framework::internal::core::Msg,0.0,0,2,0,0.0,0,0.0,0.0,18,5,143.0,93.0,7.94444,84.0,34.0,4.66667,59.0,59.0,3.27778,239.143,80.2717,1
equinox,org::eclipse::osgi::internal::resolver::BundleDescriptionImpl,147.0,24,2,2775,180.0,0,425.0,75.0,55,6,1135.0,308.0,20.6364,509.0,110.0,9.25454,626.0,198.0,11.3818,239.143,73.7424,1
equinox,org::eclipse::core::runtime::internal::adaptor::Locker_JavaIo,9.0,3,1,6,14.0,0,44.0,4.0,4,1,20.0,18.0,5.0,4.0,2.0,1.0,16.0,16.0,4.0,162.143,114.014,0
equinox,org::eclipse::osgi::internal::resolver::StateMsg,0.0,0,2,0,0.0,0,0.0,0.0,15,5,59.0,15.0,3.93333,53.0,35.0,3.53333,6.0,8.0,0.4,230.857,82.6053,1
equinox,org::eclipse::osgi::framework::internal::core::BundleSource,3.0,0,1,3,3.0,0,10.0,3.0,6,5,20.0,12.0,3.33333,24.0,16.0,4.0,-4.0,0.0,-0.666667,239.143,29.4929,0
equinox,org::eclipse::osgi::storagemanager::StorageManager,122.0,21,1,378,252.0,0,503.0,28.0,11,2,210.0,131.0,19.0909,171.0,121.0,15.5455,39.0,32.0,3.54545,127.857,7.57279,1
equinox,org::osgi::framework::FrameworkEvent,4.0,10,1,6,4.0,0,15.0,4.0,17,4,499.0,201.0,29.3529,437.0,166.0,25.7059,62.0,35.0,3.64706,239.143,66.2665,1
equinox,org::eclipse::osgi::internal::resolver::StateDeltaImpl,28.0,5,1,36,57.0,0,95.0,9.0,18,6,196.0,49.0,10.8889,147.0,38.0,8.16667,49.0,20.0,2.72222,239.143,44.8418,1
equinox,org::eclipse::osgi::framework::internal::core::SystemBundleActivator,14.0,7,1,6,30.0,0,55.0,4.0,17,6,112.0,70.0,6.58824,135.0,86.0,7.94118,-23.0,4.0,-1.35294,239.143,24.6786,1
equinox,org::eclipse::osgi::framework::internal::core::AliasMapper,22.0,9,1,6,36.0,0,98.0,4.0,10,5,175.0,131.0,17.5,222.0,174.0,22.2,-47.0,6.0,-4.7,239.143,9.99592,0
equinox,org::eclipse::osgi::baseadaptor::bundlefile::DirBundleFile,14.0,6,2,21,29.0,0,62.0,7.0,6,1,249.0,113.0,41.5,36.0,33.0,6.0,213.0,113.0,35.5,125.857,4.91394,0
equinox,legacy::lazystart::b::excluded::a::BAExcluded,0.0,1,1,0,1.0,0,0.0,1.0,1,1,0.0,0.0,0.0,0.0,0.0,0.0,0.0,0.0,0.0,85.1429,0.0,0
equinox,substitutes::y::Ly,0.0,0,1,0,0.0,0,0.0,0.0,1,1,0.0,0.0,0.0,0.0,0.0,0.0,0.0,0.0,0.0,19.1429,0.0,0
equinox,org::eclipse::osgi::framework::internal::reliablefile::ReliableFileOutputStream,10.0,6,1,10,22.0,0,54.0,5.0,13,7,204.0,102.0,15.6923,160.0,118.0,12.3077,44.0,40.0,3.38462,239.143,28.458,0
equinox,org::eclipse::osgi::internal::module::VersionHashMap,28.0,9,2,21,41.0,0,63.0,7.0,13,3,415.0,162.0,31.9231,149.0,126.0,11.4615,266.0,162.0,20.4615,180.0,8.47401,1
equinox,org::eclipse::osgi::framework::internal::core::MultiSourcePackage,10.0,2,2,10,9.0,0,31.0,5.0,14,6,139.0,33.0,9.92857,70.0,20.0,5.0,69.0,25.0,4.92857,239.143,64.4224,1
equinox,org::eclipse::osgi::internal::provisional::service::security::AuthorizationEvent,5.0,5,1,10,5.0,0,18.0,5.0,1,1,0.0,0.0,0.0,0.0,0.0,0.0,0.0,0.0,0.0,13.0,0.0,0
equinox,org::eclipse::core::runtime::internal::adaptor::EclipseCommandProvider,37.0,17,1,45,115.0,0,188.0,10.0,13,2,175.0,118.0,13.4615,90.0,32.0,6.92308,85.0,107.0,6.53846,162.143,117.165,0
equinox,org::eclipse::core::runtime::internal::stats::BundleStats,26.0,3,1,231,28.0,0,73.0,22.0,2,1,2.0,2.0,1.0,2.0,2.0,1.0,0.0,0.0,0.0,162.143,51.1429,0
equinox,legacy::lazystart::FalseExceptionLegacy2,1.0,1,1,0,2.0,0,3.0,1.0,1,1,0.0,0.0,0.0,0.0,0.0,0.0,0.0,0.0,0.0,85.1429,0.0,0
equinox,org::osgi::service::permissionadmin::PermissionInfo,57.0,7,1,45,55.0,0,217.0,10.0,16,4,1064.0,372.0,66.5,1148.0,441.0,71.75,-84.0,38.0,-5.25,239.143,67.3051,1
equinox,org::eclipse::osgi::baseadaptor::bundlefile::MRUBundleFileList,33.0,7,1,55,36.0,0,125.0,11.0,12,1,436.0,142.0,36.3333,48.0,29.0,4.0,388.0,142.0,32.3333,125.857,15.2654,1
equinox,org::eclipse::core::runtime::internal::adaptor::PluginParser,107.0,16,1,435,219.0,0,403.0,30.0,10,2,35.0,7.0,3.5,23.0,5.0,2.3,12.0,7.0,1.2,162.143,32.0939,1
equinox,osgi::lazystart::c::excluded::b::CBExcluded,0.0,1,1,0,1.0,0,0.0,1.0,1,1,0.0,0.0,0.0,0.0,0.0,0.0,0.0,0.0,0.0,85.1429,0.0,0
equinox,org::eclipse::osgi::tests::bundles::BundleInstaller,30.0,19,1,66,83.0,0,155.0,12.0,6,1,78.0,29.0,13.0,16.0,11.0,2.66667,62.0,28.0,10.3333,85.1429,45.7198,1
equinox,substitutes::y::Jy,0.0,0,1,0,0.0,0,0.0,0.0,1,1,0.0,0.0,0.0,0.0,0.0,0.0,0.0,0.0,0.0,19.1429,0.0,0
equinox,host::multiple::exports::PublicClass2,0.0,0,1,0,0.0,0,0.0,0.0,1,1,0.0,0.0,0.0,0.0,0.0,0.0,0.0,0.0,0.0,40.8571,0.0,0
equinox,org::eclipse::osgi::internal::resolver::VersionConstraintImpl,13.0,14,2,45,15.0,5,36.0,10.0,14,5,114.0,42.0,8.14286,148.0,41.0,10.5714,-34.0,19.0,-2.42857,239.143,52.2932,1
equinox,org::eclipse::osgi::framework::eventmgr::EventThread,16.0,5,1,15,16.0,0,70.0,6.0,9,5,194.0,140.0,21.5556,204.0,161.0,22.6667,-10.0,13.0,-1.11111,239.143,22.2452,0
equinox,legacy::lazystart::SimpleLegacy,1.0,1,1,0,2.0,0,3.0,1.0,1,1,0.0,0.0,0.0,0.0,0.0,0.0,0.0,0.0,0.0,85.1429,0.0,0
equinox,org::eclipse::osgi::internal::signedcontent::Base64,28.0,1,1,3,7.0,0,153.0,3.0,1,1,0.0,0.0,0.0,0.0,0.0,0.0,0.0,0.0,0.0,27.2857,0.0,0
equinox,org::eclipse::osgi::internal::baseadaptor::BasePermissionStorage,13.0,2,1,28,21.0,0,49.0,8.0,3,1,166.0,83.0,55.3333,0.0,0.0,0.0,166.0,83.0,55.3333,125.857,0.5,0
equinox,host::multiple::exports::PrivateClass2,0.0,0,1,0,0.0,0,0.0,0.0,1,1,0.0,0.0,0.0,0.0,0.0,0.0,0.0,0.0,0.0,40.8571,0.0,0
equinox,org::eclipse::osgi::framework::internal::core::ServiceRegistryImpl,17.0,2,1,15,37.0,0,110.0,6.0,3,1,7.0,5.0,2.33333,7.0,5.0,2.33333,0.0,0.0,0.0,162.143,56.9592,1
equinox,org::eclipse::core::runtime::internal::stats::ResourceBundleStats,13.0,4,1,55,26.0,0,56.0,11.0,2,1,2.0,2.0,1.0,2.0,2.0,1.0,0.0,0.0,0.0,162.143,51.1429,0
equinox,org::eclipse::core::runtime::internal::adaptor::EclipseClassLoadingHook,57.0,16,1,78,101.0,0,180.0,13.0,12,1,569.0,264.0,47.4167,111.0,47.0,9.25,458.0,264.0,38.1667,125.714,4.5059,0
equinox,org::eclipse::osgi::internal::signedcontent::SignedContentImpl,33.0,13,1,91,43.0,0,86.0,14.0,2,1,9.0,9.0,4.5,3.0,3.0,1.5,6.0,6.0,3.0,27.2857,16.4286,0
equinox,org::eclipse::osgi::baseadaptor::bundlefile::BundleEntry,11.0,12,1,28,18.0,4,49.0,8.0,7,1,219.0,79.0,31.2857,5.0,2.0,0.714286,214.0,79.0,30.5714,125.857,2.44749,0
equinox,org::eclipse::osgi::internal::module::ResolverImpl,534.0,39,1,2016,1009.0,0,1543.0,64.0,96,3,4201.0,1063.0,43.7604,1315.0,360.0,13.6979,2886.0,1063.0,30.0625,180.0,42.1587,1
equinox,osgi::lazystart::c::excluded::a::CAExcluded,0.0,1,1,0,1.0,0,0.0,1.0,1,1,0.0,0.0,0.0,0.0,0.0,0.0,0.0,0.0,0.0,85.1429,0.0,0
equinox,nativetest::c::Activator,2.0,4,1,1,8.0,0,8.0,2.0,1,1,0.0,0.0,0.0,0.0,0.0,0.0,0.0,0.0,0.0,42.0,0.0,0
equinox,org::eclipse::osgi::framework::internal::protocol::MultiplexingURLStreamHandler,23.0,10,1,66,121.0,0,173.0,12.0,4,1,7.0,3.0,1.75,15.0,7.0,3.75,-8.0,0.0,-2.0,124.286,76.8163,0
equinox,org::eclipse::osgi::service::resolver::DisabledInfo,13.0,11,1,10,11.0,0,28.0,5.0,4,1,4.0,2.0,1.0,3.0,2.0,0.75,1.0,1.0,0.25,34.8571,20.5714,1
equinox,substitutes::q::AFq,0.0,0,1,0,0.0,0,0.0,0.0,1,1,0.0,0.0,0.0,0.0,0.0,0.0,0.0,0.0,0.0,19.1429,0.0,0
equinox,legacy::lazystart::TrueExceptionLegacy1,1.0,2,1,0,3.0,0,4.0,1.0,1,1,0.0,0.0,0.0,0.0,0.0,0.0,0.0,0.0,0.0,85.1429,0.0,0
equinox,org::eclipse::osgi::framework::internal::core::Framework,251.0,77,1,1653,523.0,0,1250.0,58.0,134,8,2262.0,325.0,16.8806,2219.0,502.0,16.5597,43.0,159.0,0.320896,239.143,66.8093,1
equinox,org::osgi::service::condpermadmin::ConditionInfo,46.0,8,1,36,51.0,0,186.0,9.0,9,1,388.0,161.0,43.1111,343.0,134.0,38.1111,45.0,27.0,5.0,178.857,28.7121,1
equinox,org::eclipse::osgi::framework::internal::core::PermissionsHash,9.0,4,1,6,14.0,0,30.0,4.0,9,5,82.0,68.0,9.11111,90.0,77.0,10.0,-8.0,1.0,-0.888889,239.143,13.6638,0
equinox,org::eclipse::osgi::service::pluginconversion::PluginConversionException,2.0,0,1,1,2.0,0,6.0,2.0,7,4,37.0,29.0,5.28571,10.0,4.0,1.42857,27.0,27.0,3.85714,217.714,50.1622,0
equinox,nativetest::b1::Activator,2.0,4,1,1,8.0,0,9.0,2.0,1,1,0.0,0.0,0.0,0.0,0.0,0.0,0.0,0.0,0.0,53.0,0.0,0
equinox,org::eclipse::osgi::internal::signedcontent::BERProcessor,39.0,5,1,45,38.0,0,145.0,10.0,1,1,0.0,0.0,0.0,0.0,0.0,0.0,0.0,0.0,0.0,27.2857,0.0,0
equinox,org::eclipse::osgi::framework::log::FrameworkLogEntry,8.0,21,1,28,8.0,0,30.0,8.0,12,5,149.0,94.0,12.4167,25.0,6.0,2.08333,124.0,93.0,10.3333,229.143,77.0153,0
equinox,exporter::importer::Activator,2.0,1,1,1,3.0,0,7.0,2.0,1,1,0.0,0.0,0.0,0.0,0.0,0.0,0.0,0.0,0.0,21.5714,0.0,0
equinox,org::eclipse::osgi::internal::baseadaptor::DevClassLoadingHook,21.0,6,1,55,27.0,0,61.0,11.0,6,1,205.0,76.0,34.1667,9.0,3.0,1.5,196.0,76.0,32.6667,125.714,6.77073,0
equinox,org::eclipse::core::runtime::internal::stats::ClassloaderStats,36.0,12,1,190,102.0,0,172.0,20.0,3,1,15.0,13.0,5.0,8.0,6.0,2.66667,7.0,7.0,2.33333,162.143,91.8762,0
equinox,org::eclipse::core::runtime::internal::adaptor::ClasspathManifest,15.0,10,1,15,23.0,0,47.0,6.0,6,1,184.0,88.0,30.6667,22.0,13.0,3.66667,162.0,88.0,27.0,125.857,0.482143,0
equinox,org::eclipse::osgi::internal::resolver::StateHelperImpl,98.0,16,1,171,171.0,0,248.0,19.0,32,5,517.0,45.0,16.1563,347.0,101.0,10.8438,170.0,45.0,5.3125,223.714,82.9298,1
equinox,circularity::test::a::Activator,2.0,4,1,1,11.0,0,11.0,2.0,1,1,0.0,0.0,0.0,0.0,0.0,0.0,0.0,0.0,0.0,85.1429,0.0,0
equinox,org::osgi::framework::PackagePermission,22.0,7,1,45,29.0,0,76.0,10.0,12,4,1191.0,522.0,99.25,1243.0,542.0,103.583,-52.0,8.0,-4.33333,239.143,62.356,1
equinox,org::eclipse::osgi::internal::resolver::StateWriter,119.0,34,1,435,341.0,0,501.0,30.0,43,7,872.0,184.0,20.2791,316.0,49.0,7.34884,556.0,139.0,12.9302,239.143,82.4025,1
equinox,org::eclipse::osgi::framework::internal::core::FrameworkSecurityManager,29.0,7,1,21,71.0,0,121.0,7.0,9,2,142.0,51.0,15.7778,104.0,42.0,11.5556,38.0,19.0,4.22222,177.857,43.168,0
equinox,org::eclipse::core::runtime::internal::adaptor::BundleLocalizationImpl,1.0,2,1,1,3.0,0,3.0,2.0,3,1,2.0,2.0,0.666667,5.0,3.0,1.66667,-3.0,0.0,-1.0,162.143,51.1429,0
equinox,org::eclipse::osgi::internal::module::PermissionChecker,18.0,10,1,1,28.0,0,48.0,2.0,13,3,167.0,40.0,12.8462,52.0,26.0,4.0,115.0,40.0,8.84615,180.0,15.7083,0
equinox,org::eclipse::osgi::framework::internal::core::SecurePermissionStorage,12.0,3,1,21,23.0,0,69.0,7.0,3,1,14.0,13.0,4.66667,15.0,14.0,5.0,-1.0,0.0,-0.333333,162.143,22.3673,0
equinox,org::eclipse::core::runtime::internal::adaptor::EclipseLogHook,18.0,16,1,66,53.0,0,81.0,12.0,3,1,250.0,125.0,83.3333,0.0,0.0,0.0,250.0,125.0,83.3333,125.286,0.214286,1
equinox,org::eclipse::osgi::framework::internal::core::SystemBundle,22.0,18,3,153,44.0,0,103.0,18.0,30,6,428.0,233.0,14.2667,425.0,266.0,14.1667,3.0,54.0,0.1,239.143,50.6575,1
equinox,chain::test::c::Activator,2.0,2,1,1,8.0,0,6.0,2.0,1,1,0.0,0.0,0.0,0.0,0.0,0.0,0.0,0.0,0.0,85.1429,0.0,0
equinox,org::eclipse::osgi::framework::internal::core::PackageSource,15.0,6,1,66,18.0,3,39.0,12.0,19,6,126.0,32.0,6.63158,45.0,11.0,2.36842,81.0,27.0,4.26316,239.143,61.3379,1
equinox,org::eclipse::osgi::framework::internal::core::ServiceRegistrationImpl,59.0,12,1,136,79.0,0,336.0,17.0,23,6,1022.0,649.0,44.4348,1092.0,739.0,47.4783,-70.0,95.0,-3.04348,218.714,53.0108,1
equinox,org::eclipse::osgi::framework::internal::protocol::reference::ReferenceURLConnection,15.0,7,1,21,27.0,0,48.0,7.0,15,6,151.0,74.0,10.0667,178.0,83.0,11.8667,-27.0,18.0,-1.8,239.143,36.4551,0
equinox,org::eclipse::osgi::internal::profile::DefaultProfileLogger,73.0,14,1,253,122.0,0,294.0,23.0,3,1,94.0,86.0,31.3333,8.0,7.0,2.66667,86.0,85.0,28.6667,162.143,28.8571,0
equinox,org::eclipse::osgi::internal::module::GenericCapability,4.0,4,2,6,7.0,0,13.0,4.0,1,1,0.0,0.0,0.0,0.0,0.0,0.0,0.0,0.0,0.0,118.714,0.0,0
equinox,org::eclipse::osgi::framework::internal::core::PolicyHandler,41.0,10,1,36,66.0,0,143.0,9.0,5,2,28.0,13.0,5.6,19.0,12.0,3.8,9.0,9.0,1.8,163.0,89.9388,1
equinox,org::eclipse::osgi::framework::internal::core::ServiceUse,17.0,9,1,6,48.0,0,133.0,4.0,20,7,439.0,259.0,21.95,524.0,306.0,26.2,-85.0,14.0,-4.25,239.143,64.603,1
equinox,org::eclipse::osgi::internal::resolver::BundleDeltaImpl,19.0,5,2,28,26.0,0,45.0,8.0,9,5,52.0,15.0,5.77778,25.0,9.0,2.77778,27.0,8.0,3.0,239.143,42.8819,1
equinox,org::eclipse::osgi::internal::profile::Profile,26.0,9,1,28,46.0,0,92.0,8.0,3,1,55.0,48.0,18.3333,20.0,14.0,6.66667,35.0,34.0,11.6667,162.143,29.1403,0
equinox,org::eclipse::core::runtime::internal::adaptor::URLConverterImpl,4.0,3,1,3,7.0,0,12.0,3.0,4,1,28.0,13.0,7.0,28.0,13.0,7.0,0.0,4.0,0.0,162.143,36.4898,1
equinox,org::eclipse::core::runtime::internal::adaptor::ContextFinder,36.0,6,1,45,55.0,0,108.0,10.0,21,2,263.0,67.0,12.5238,172.0,29.0,8.19048,91.0,43.0,4.33333,162.143,51.9723,0
equinox,org::eclipse::osgi::baseadaptor::bundlefile::BundleFile,17.0,28,1,91,39.0,5,55.0,14.0,13,1,421.0,183.0,32.3846,17.0,5.0,1.30769,404.0,183.0,31.0769,125.857,8.91347,1
equinox,legacy::lazystart::c::Activator,2.0,2,1,1,8.0,0,6.0,2.0,1,1,0.0,0.0,0.0,0.0,0.0,0.0,0.0,0.0,0.0,85.1429,0.0,0
equinox,chain::test::b::BChain,0.0,0,1,0,0.0,1,0.0,0.0,1,1,0.0,0.0,0.0,0.0,0.0,0.0,0.0,0.0,0.0,85.1429,0.0,0
equinox,ext::extclasspath::a::importer::Activator,3.0,6,1,3,14.0,0,15.0,3.0,2,1,10.0,10.0,5.0,0.0,0.0,0.0,10.0,10.0,5.0,40.8571,3.14286,0
equinox,org::eclipse::osgi::internal::signedcontent::TrustEngineListener,35.0,17,1,36,72.0,0,130.0,9.0,3,1,3.0,2.0,1.0,3.0,2.0,1.0,0.0,0.0,0.0,27.2857,19.5238,1
equinox,substitutes::x::Ax,0.0,0,1,0,0.0,0,0.0,0.0,1,1,0.0,0.0,0.0,0.0,0.0,0.0,0.0,0.0,0.0,19.1429,0.0,0
equinox,org::eclipse::osgi::internal::resolver::BaseDescriptionImpl,5.0,7,1,6,4.0,4,14.0,4.0,5,3,81.0,38.0,16.2,5.0,3.0,1.0,76.0,38.0,15.2,180.0,1.85891,1
equinox,org::eclipse::core::runtime::internal::adaptor::EclipseLazyStarter,65.0,24,1,171,107.0,0,196.0,19.0,10,1,547.0,202.0,54.7,100.0,73.0,10.0,447.0,159.0,44.7,125.714,17.9888,1
equinox,org::eclipse::core::runtime::adaptor::LocationManager,72.0,18,1,171,149.0,0,244.0,19.0,37,7,541.0,47.0,14.6216,285.0,27.0,7.7027,256.0,44.0,6.91892,226.857,72.8463,1
equinox,org::eclipse::osgi::internal::signedcontent::PKCS7Processor,62.0,19,1,153,147.0,0,369.0,18.0,1,1,0.0,0.0,0.0,0.0,0.0,0.0,0.0,0.0,0.0,27.2857,0.0,1
equinox,org::eclipse::osgi::internal::signedcontent::SignatureBlockProcessor,73.0,20,1,136,171.0,0,399.0,17.0,1,1,0.0,0.0,0.0,0.0,0.0,0.0,0.0,0.0,0.0,27.2857,0.0,1
equinox,org::eclipse::osgi::framework::internal::protocol::MultiplexingFactory,22.0,14,1,45,72.0,2,94.0,10.0,2,1,1.0,1.0,0.5,1.0,1.0,0.5,0.0,0.0,0.0,124.286,7.57143,0
equinox,org::eclipse::core::runtime::internal::adaptor::EclipseEnvironmentInfo,46.0,9,1,171,66.0,0,160.0,19.0,7,1,27.0,15.0,3.85714,19.0,14.0,2.71429,8.0,8.0,1.14286,162.143,73.9894,0
equinox,org::eclipse::osgi::internal::signedcontent::BundleInstallListener,5.0,6,3,1,9.0,0,19.0,2.0,2,1,1.0,1.0,0.5,1.0,1.0,0.5,0.0,0.0,0.0,27.2857,14.2857,0
equinox,org::eclipse::core::runtime::internal::adaptor::Semaphore,7.0,6,1,6,8.0,0,28.0,4.0,3,1,3.0,2.0,1.0,3.0,2.0,1.0,0.0,0.0,0.0,162.143,61.0476,0
equinox,osgi::lazystart::LazyExclude1,1.0,2,1,0,3.0,0,4.0,1.0,1,1,0.0,0.0,0.0,0.0,0.0,0.0,0.0,0.0,0.0,85.1429,0.0,0
equinox,substitutes::x::Nx,0.0,0,1,0,0.0,0,0.0,0.0,1,1,0.0,0.0,0.0,0.0,0.0,0.0,0.0,0.0,0.0,19.1429,0.0,0
equinox,osgi::lazystart::b::excluded::b::BBExcluded,0.0,1,1,0,1.0,0,0.0,1.0,1,1,0.0,0.0,0.0,0.0,0.0,0.0,0.0,0.0,0.0,85.1429,0.0,0
equinox,org::eclipse::equinox::launcher::WebStartMain,49.0,16,2,78,118.0,0,198.0,13.0,14,2,312.0,136.0,22.2857,338.0,242.0,24.1429,-26.0,75.0,-1.85714,81.1429,11.4899,1
equinox,org::eclipse::core::runtime::internal::adaptor::LocationHelper,7.0,5,1,1,18.0,0,27.0,2.0,1,1,0.0,0.0,0.0,0.0,0.0,0.0,0.0,0.0,0.0,82.7143,0.0,0
equinox,org::eclipse::core::runtime::internal::adaptor::DefaultStartupMonitor,6.0,9,1,3,16.0,0,32.0,3.0,2,1,16.0,16.0,8.0,3.0,3.0,1.5,13.0,13.0,6.5,81.2857,7.42857,0
equinox,org::eclipse::osgi::framework::internal::protocol::ContentHandlerFactory,23.0,18,2,15,46.0,0,107.0,6.0,20,6,161.0,50.0,8.05,122.0,60.0,6.1,39.0,24.0,1.95,239.143,75.8651,0
equinox,osgi::lazystart::c::Activator,2.0,2,1,1,8.0,0,6.0,2.0,1,1,0.0,0.0,0.0,0.0,0.0,0.0,0.0,0.0,0.0,85.1429,0.0,0
equinox,org::eclipse::osgi::framework::internal::core::BundleResourceHandler,67.0,15,1,78,107.0,2,210.0,13.0,16,4,670.0,280.0,41.875,97.0,29.0,6.0625,573.0,280.0,35.8125,180.0,11.5712,1
equinox,org::eclipse::osgi::framework::internal::core::BundleHost,126.0,28,2,210,174.0,1,456.0,21.0,77,7,790.0,125.0,10.2597,1000.0,183.0,12.987,-210.0,49.0,-2.72727,239.143,73.3463,1
equinox,org::eclipse::core::runtime::internal::adaptor::BasicLocation,44.0,13,1,136,69.0,0,140.0,17.0,7,2,93.0,56.0,13.2857,42.0,22.0,6.0,51.0,34.0,7.28571,162.143,114.169,1
equinox,org::eclipse::osgi::internal::resolver::GenericDescriptionImpl,10.0,7,2,28,18.0,0,30.0,8.0,1,1,0.0,0.0,0.0,0.0,0.0,0.0,0.0,0.0,0.0,118.714,0.0,1
equinox,org::eclipse::osgi::framework::internal::core::FrameworkCommandProvider,288.0,46,3,2145,677.0,0,1434.0,66.0,40,7,2866.0,1355.0,71.65,2438.0,1432.0,60.95,428.0,145.0,10.7,239.143,39.0123,1
equinox,osgi::lazystart::LazyInclude1,1.0,2,1,0,3.0,0,4.0,1.0,1,1,0.0,0.0,0.0,0.0,0.0,0.0,0.0,0.0,0.0,85.1429,0.0,0
equinox,org::eclipse::osgi::framework::internal::core::FrameworkCommandInterpreter,64.0,16,1,171,137.0,0,289.0,19.0,19,6,627.0,454.0,33.0,633.0,481.0,33.3158,-6.0,14.0,-0.315789,239.143,31.5443,0
equinox,org::eclipse::osgi::internal::baseadaptor::SystemBundleData,28.0,17,2,91,58.0,0,138.0,14.0,5,1,361.0,177.0,72.2,1.0,1.0,0.2,360.0,177.0,72.0,125.857,1.08271,1
equinox,org::eclipse::osgi::internal::baseadaptor::BundleUpdate,15.0,17,1,6,72.0,0,97.0,4.0,6,1,310.0,154.0,51.6667,5.0,4.0,0.833333,305.0,154.0,50.8333,125.857,0.506912,0
equinox,org::eclipse::osgi::internal::resolver::StateReader,146.0,23,1,630,331.0,0,596.0,36.0,50,7,1467.0,430.0,29.34,516.0,170.0,10.32,951.0,374.0,19.02,239.143,74.5032,1
equinox,org::eclipse::osgi::internal::signedcontent::SignedBundleFile,52.0,12,2,190,67.0,0,124.0,20.0,3,1,13.0,11.0,4.33333,4.0,2.0,1.33333,9.0,9.0,3.0,27.2857,18.0,0
equinox,org::eclipse::osgi::framework::internal::core::ConditionalPermissionInfoImpl,48.0,16,1,55,68.0,0,182.0,11.0,18,2,232.0,62.0,12.8889,102.0,56.0,5.66667,130.0,62.0,7.22222,178.857,26.6299,0
equinox,org::eclipse::osgi::internal::signedcontent::SignedContentMessages,0.0,0,2,0,0.0,0,0.0,0.0,2,1,3.0,3.0,1.5,1.0,1.0,0.5,2.0,2.0,1.0,27.2857,12.1429,0
equinox,org::eclipse::osgi::framework::eventmgr::EventListeners,22.0,10,1,15,18.0,0,88.0,6.0,11,5,260.0,142.0,23.6364,99.0,49.0,9.0,161.0,131.0,14.6364,239.143,34.961,1
equinox,xfriends::test3::Activator,2.0,2,1,1,10.0,0,15.0,2.0,1,1,0.0,0.0,0.0,0.0,0.0,0.0,0.0,0.0,0.0,40.8571,0.0,0
equinox,org::eclipse::osgi::util::NLS,48.0,26,1,28,79.0,6,214.0,8.0,19,4,490.0,237.0,25.7895,193.0,62.0,10.1579,297.0,230.0,15.6316,176.143,45.9746,0
equinox,org::eclipse::osgi::framework::debug::Debug,11.0,21,1,3,18.0,0,33.0,3.0,21,5,401.0,170.0,19.0952,204.0,141.0,9.71429,197.0,170.0,9.38095,239.143,45.7075,0
equinox,org::eclipse::osgi::framework::internal::core::PackageAdminImpl,187.0,39,1,300,268.0,0,535.0,25.0,71,6,1323.0,371.0,18.6338,1984.0,747.0,27.9437,-661.0,28.0,-9.30986,218.714,54.4563,1
equinox,org::eclipse::osgi::internal::baseadaptor::BaseHookConfigurator,1.0,4,1,0,7.0,0,7.0,1.0,5,1,60.0,28.0,12.0,2.0,1.0,0.4,58.0,28.0,11.6,125.0,0.22619,0
equinox,org::eclipse::osgi::baseadaptor::bundlefile::ZipBundleFile,85.0,20,2,120,138.0,0,231.0,16.0,13,1,646.0,285.0,49.6923,22.0,7.0,1.69231,624.0,285.0,48.0,125.857,6.21384,1
equinox,substitutes::y::By,0.0,0,1,0,0.0,0,0.0,0.0,1,1,0.0,0.0,0.0,0.0,0.0,0.0,0.0,0.0,0.0,19.1429,0.0,0
equinox,substitutes::x::Lx,0.0,0,1,0,0.0,0,0.0,0.0,1,1,0.0,0.0,0.0,0.0,0.0,0.0,0.0,0.0,0.0,19.1429,0.0,0
equinox,osgi::lazystart::b::excluded::a::BAExcluded,0.0,1,1,0,1.0,0,0.0,1.0,1,1,0.0,0.0,0.0,0.0,0.0,0.0,0.0,0.0,0.0,85.1429,0.0,0
equinox,org::eclipse::osgi::framework::internal::core::BundleLoader,264.0,39,1,1035,350.0,1,862.0,46.0,105,7,2604.0,285.0,24.8,2537.0,387.0,24.1619,67.0,111.0,0.638095,239.143,68.7444,1
equinox,org::eclipse::osgi::framework::internal::core::ExportedPackageImpl,21.0,11,1,36,36.0,0,61.0,9.0,23,7,207.0,61.0,9.0,153.0,56.0,6.65217,54.0,36.0,2.34783,239.143,67.7108,1
equinox,org::eclipse::osgi::framework::internal::protocol::URLStreamHandlerProxy,31.0,11,1,120,49.0,0,110.0,16.0,16,6,139.0,71.0,8.6875,209.0,120.0,13.0625,-70.0,3.0,-4.375,239.143,49.0504,0
equinox,org::osgi::framework::InvalidSyntaxException,4.0,1,1,6,5.0,0,14.0,4.0,16,4,313.0,110.0,19.5625,221.0,64.0,13.8125,92.0,46.0,5.75,239.143,71.078,1
equinox,org::eclipse::osgi::baseadaptor::loader::ClasspathManager,117.0,26,1,496,196.0,0,393.0,32.0,18,1,1356.0,572.0,75.3333,140.0,52.0,7.77778,1216.0,572.0,67.5556,125.857,9.93753,1
equinox,org::eclipse::osgi::framework::internal::core::SystemBundleLoader,39.0,13,2,66,58.0,0,112.0,12.0,14,6,155.0,89.0,11.0714,74.0,22.0,5.28571,81.0,75.0,5.78571,239.143,148.258,1
equinox,org::eclipse::osgi::internal::baseadaptor::AdaptorUtil,37.0,26,1,45,72.0,0,169.0,10.0,8,1,449.0,199.0,56.125,8.0,4.0,1.0,441.0,199.0,55.125,125.857,9.10945,1
equinox,org::eclipse::osgi::framework::util::SecureAction,28.0,28,1,171,104.0,0,200.0,19.0,27,5,472.0,102.0,17.4815,143.0,44.0,5.2963,329.0,66.0,12.1852,224.0,70.8021,1
equinox,org::eclipse::osgi::framework::internal::protocol::reference::Handler,5.0,4,1,3,8.0,0,13.0,3.0,7,5,45.0,27.0,6.42857,62.0,34.0,8.85714,-17.0,0.0,-2.42857,239.143,19.9016,0
equinox,org::eclipse::osgi::baseadaptor::loader::FragmentClasspath,6.0,7,1,10,11.0,0,23.0,5.0,5,1,147.0,72.0,29.4,2.0,2.0,0.4,145.0,72.0,29.0,125.857,0.705539,0
equinox,org::eclipse::osgi::framework::internal::core::AbstractBundle,142.0,57,1,1953,295.0,2,712.0,63.0,67,5,789.0,93.0,11.7761,905.0,230.0,13.5075,-116.0,89.0,-1.73134,218.714,63.453,1
equinox,org::eclipse::osgi::framework::internal::reliablefile::ReliableFileInputStream,14.0,2,1,28,16.0,0,54.0,8.0,12,7,220.0,104.0,18.3333,104.0,78.0,8.66667,116.0,102.0,9.66667,239.143,31.0792,0
equinox,host::multiple::exports::onlyone::PublicClass1,0.0,0,1,0,0.0,0,0.0,0.0,1,1,0.0,0.0,0.0,0.0,0.0,0.0,0.0,0.0,0.0,40.8571,0.0,0
equinox,substitutes::z::Ez,0.0,0,1,0,0.0,0,0.0,0.0,1,1,0.0,0.0,0.0,0.0,0.0,0.0,0.0,0.0,0.0,19.1429,0.0,0
equinox,substitutes::x::Jx,0.0,0,1,0,0.0,0,0.0,0.0,1,1,0.0,0.0,0.0,0.0,0.0,0.0,0.0,0.0,0.0,19.1429,0.0,0
equinox,org::eclipse::osgi::internal::baseadaptor::BundleInstall,18.0,17,1,6,59.0,0,89.0,4.0,4,1,265.0,132.0,66.25,3.0,3.0,0.75,262.0,132.0,65.5,125.857,0.500809,0
equinox,nativetest::a2::Activator,2.0,4,1,1,8.0,0,9.0,2.0,1,1,0.0,0.0,0.0,0.0,0.0,0.0,0.0,0.0,0.0,53.0,0.0,0
equinox,org::eclipse::osgi::framework::internal::core::BundleCombinedPermissions,22.0,7,2,36,22.0,0,63.0,9.0,18,6,251.0,128.0,13.9444,265.0,149.0,14.7222,-14.0,26.0,-0.777778,239.143,49.6773,0
equinox,org::eclipse::osgi::tests::appadmin::FailedApp,2.0,1,1,1,3.0,0,6.0,2.0,1,1,0.0,0.0,0.0,0.0,0.0,0.0,0.0,0.0,0.0,39.7143,0.0,0
equinox,client2::multiple::exports::Activator,2.0,2,1,1,18.0,0,26.0,2.0,1,1,0.0,0.0,0.0,0.0,0.0,0.0,0.0,0.0,0.0,40.8571,0.0,0
equinox,org::eclipse::osgi::internal::provisional::service::security::AuthorizationStatus,0.0,0,1,0,0.0,0,0.0,0.0,1,1,0.0,0.0,0.0,0.0,0.0,0.0,0.0,0.0,0.0,13.0,0.0,0
equinox,org::eclipse::core::runtime::adaptor::EclipseStarter,300.0,54,1,1128,605.0,0,1217.0,48.0,169,7,2958.0,124.0,17.503,1610.0,128.0,9.52663,1348.0,104.0,7.97633,239.143,63.7094,1
equinox,org::eclipse::osgi::service::resolver::VersionRange,34.0,15,1,28,39.0,0,81.0,8.0,9,3,342.0,161.0,38.0,16.0,6.0,1.77778,326.0,161.0,36.2222,180.0,3.12239,1
equinox,org::eclipse::osgi::internal::module::GroupingChecker,44.0,7,1,28,71.0,0,130.0,8.0,26,3,1624.0,335.0,62.4615,881.0,340.0,33.8846,743.0,335.0,28.5769,180.0,39.1218,0
equinox,org::eclipse::core::runtime::internal::adaptor::EclipseErrorHandler,17.0,7,1,55,22.0,0,68.0,11.0,4,1,280.0,165.0,70.0,62.0,62.0,15.5,218.0,165.0,54.5,125.857,0.401531,1
equinox,legacy::lazystart::TrueExceptionLegacy2,1.0,1,1,0,2.0,0,3.0,1.0,1,1,0.0,0.0,0.0,0.0,0.0,0.0,0.0,0.0,0.0,85.1429,0.0,0
equinox,org::eclipse::osgi::baseadaptor::bundlefile::ZipBundleEntry,10.0,7,2,21,24.0,0,45.0,7.0,8,1,280.0,101.0,35.0,12.0,6.0,1.5,268.0,101.0,33.5,125.857,23.3423,1
equinox,org::osgi::framework::BundleException,4.0,20,1,6,5.0,1,13.0,4.0,18,4,344.0,101.0,19.1111,324.0,106.0,18.0,20.0,28.0,1.11111,239.143,59.1516,1
equinox,org::eclipse::osgi::framework::internal::core::SystemPolicy,11.0,4,1,15,18.0,0,48.0,6.0,2,2,3.0,3.0,1.5,3.0,3.0,1.5,0.0,0.0,0.0,163.0,144.857,1
equinox,org::eclipse::osgi::framework::util::Headers,31.0,11,1,210,49.0,1,103.0,21.0,20,5,483.0,249.0,24.15,496.0,276.0,24.8,-13.0,23.0,-0.65,239.143,51.7232,1
equinox,org::eclipse::osgi::framework::internal::core::PermissionAdminImpl,69.0,23,1,91,120.0,0,318.0,14.0,26,3,224.0,63.0,8.61538,309.0,186.0,11.8846,-85.0,35.0,-3.26923,218.714,50.9311,0
equinox,org::eclipse::osgi::internal::baseadaptor::InvalidVersion,3.0,2,2,3,3.0,0,10.0,3.0,5,1,91.0,43.0,18.2,4.0,3.0,0.8,87.0,43.0,17.4,125.857,3.32967,0
equinox,substitutes::y::My,0.0,0,1,0,0.0,0,0.0,0.0,1,1,0.0,0.0,0.0,0.0,0.0,0.0,0.0,0.0,0.0,19.1429,0.0,0
equinox,org::eclipse::osgi::internal::resolver::ComputeNodeOrder,8.0,2,1,1,18.0,0,47.0,2.0,7,3,11.0,4.0,1.57143,13.0,4.0,1.85714,-2.0,0.0,-0.285714,217.286,71.4545,0
equinox,org::eclipse::osgi::framework::util::KeyedHashSet,82.0,13,1,231,70.0,0,285.0,22.0,5,1,982.0,489.0,196.4,3.0,2.0,0.6,979.0,489.0,195.8,125.857,0.532296,0
equinox,chain::test::b::Activator,2.0,2,1,1,8.0,0,6.0,2.0,1,1,0.0,0.0,0.0,0.0,0.0,0.0,0.0,0.0,0.0,85.1429,0.0,0
equinox,org::eclipse::osgi::internal::resolver::UserState,11.0,5,2,6,22.0,0,33.0,4.0,10,4,110.0,37.0,11.0,91.0,25.0,9.1,19.0,27.0,1.9,237.714,36.3065,1
equinox,org::eclipse::osgi::internal::signedcontent::SignedBundleHook,56.0,27,1,105,99.0,0,203.0,15.0,4,1,5.0,2.0,1.25,5.0,2.0,1.25,0.0,0.0,0.0,27.2857,11.0857,1
equinox,org::eclipse::core::runtime::internal::adaptor::PluginConverterImpl,165.0,26,1,666,397.0,0,610.0,37.0,16,3,80.0,27.0,5.0,60.0,15.0,3.75,20.0,12.0,1.25,162.143,36.6125,0
equinox,org::eclipse::osgi::internal::resolver::HostSpecificationImpl,18.0,10,3,36,18.0,0,33.0,9.0,11,6,88.0,26.0,8.0,39.0,13.0,3.54545,49.0,13.0,4.45455,239.143,58.4562,1
equinox,org::osgi::framework::BundlePermission,26.0,7,1,45,33.0,0,90.0,10.0,18,4,849.0,551.0,47.1667,871.0,570.0,48.3889,-22.0,44.0,-1.22222,239.143,64.3996,1
equinox,org::eclipse::osgi::internal::signedcontent::LegacyVerifierFactory,2.0,4,1,1,6.0,0,10.0,2.0,1,1,0.0,0.0,0.0,0.0,0.0,0.0,0.0,0.0,0.0,27.2857,0.0,1
equinox,org::eclipse::osgi::framework::internal::core::GlobalPolicy,9.0,5,1,6,17.0,0,38.0,4.0,4,2,46.0,29.0,11.5,37.0,26.0,9.25,9.0,20.0,2.25,163.0,58.2391,1
equinox,org::eclipse::osgi::framework::internal::core::BundleContextImpl,149.0,35,1,595,220.0,0,654.0,35.0,35,6,504.0,74.0,14.4,394.0,77.0,11.2571,110.0,37.0,3.14286,218.714,65.8846,1
equinox,legacy::lazystart::b::Activator,2.0,2,1,1,8.0,0,6.0,2.0,1,1,0.0,0.0,0.0,0.0,0.0,0.0,0.0,0.0,0.0,85.1429,0.0,0
equinox,org::eclipse::osgi::framework::debug::FrameworkDebugOptions,29.0,14,1,45,63.0,0,108.0,10.0,5,2,8.0,4.0,1.6,3.0,3.0,0.6,5.0,3.0,1.0,162.143,18.125,0
equinox,org::eclipse::osgi::internal::module::ResolverConstraint,36.0,11,1,190,37.0,3,97.0,20.0,8,1,101.0,86.0,12.625,15.0,10.0,1.875,86.0,76.0,10.75,155.0,90.215,0
equinox,org::eclipse::osgi::internal::module::MappedList,13.0,3,1,21,26.0,1,44.0,7.0,1,1,0.0,0.0,0.0,0.0,0.0,0.0,0.0,0.0,0.0,155.0,0.0,1
equinox,org::eclipse::osgi::framework::internal::protocol::URLStreamHandlerSetter,2.0,1,1,1,3.0,0,6.0,2.0,6,5,17.0,9.0,2.83333,35.0,28.0,5.83333,-18.0,1.0,-3.0,239.143,33.7731,0
equinox,org::eclipse::osgi::framework::internal::core::SingleSourcePackage,10.0,5,2,21,14.0,1,28.0,7.0,14,6,91.0,24.0,6.5,56.0,10.0,4.0,35.0,14.0,2.5,239.143,59.6986,1
equinox,org::osgi::framework::FrameworkUtil,2.0,8,1,1,3.0,0,4.0,2.0,11,2,134.0,84.0,12.1818,109.0,83.0,9.90909,25.0,79.0,2.27273,153.714,14.8571,1
equinox,org::eclipse::osgi::framework::internal::core::ManifestLocalization,40.0,12,1,28,63.0,0,134.0,8.0,25,6,230.0,69.0,9.2,207.0,60.0,8.28,23.0,21.0,0.92,227.286,34.2242,1
equinox,org::eclipse::core::runtime::internal::adaptor::EclipseAdaptorHook,30.0,19,1,78,85.0,0,124.0,13.0,11,2,454.0,210.0,41.2727,38.0,14.0,3.45455,416.0,210.0,37.8182,125.857,8.03398,1
equinox,org::eclipse::osgi::framework::internal::core::Constants,2.0,8,1,1,2.0,0,6.0,2.0,39,6,457.0,75.0,11.7179,238.0,66.0,6.10256,219.0,75.0,5.61538,239.143,52.698,1
equinox,org::osgi::service::condpermadmin::BundleLocationCondition,10.0,6,1,3,20.0,0,59.0,3.0,12,2,234.0,80.0,19.5,160.0,58.0,13.3333,74.0,60.0,6.16667,178.714,29.7265,1
equinox,org::eclipse::osgi::internal::service::security::DefaultAuthorizationEngine,26.0,17,2,21,36.0,0,77.0,7.0,6,1,111.0,78.0,18.5,30.0,19.0,5.0,81.0,59.0,13.5,27.2857,11.7194,0
equinox,org::eclipse::osgi::internal::signedcontent::SignedStorageHook,54.0,23,2,190,108.0,0,209.0,20.0,1,1,0.0,0.0,0.0,0.0,0.0,0.0,0.0,0.0,0.0,27.2857,0.0,1
equinox,org::eclipse::osgi::framework::internal::core::FrameworkConsole,40.0,21,1,120,82.0,0,208.0,16.0,32,7,383.0,130.0,11.9687,394.0,93.0,12.3125,-11.0,37.0,-0.34375,239.143,134.957,1
equinox,org::eclipse::osgi::framework::internal::protocol::ContentHandlerProxy,22.0,10,1,21,31.0,0,79.0,7.0,15,6,124.0,60.0,8.26667,158.0,86.0,10.5333,-34.0,3.0,-2.26667,239.143,53.3629,0
equinox,org::eclipse::osgi::internal::resolver::ResolverErrorImpl,15.0,1,1,15,25.0,0,52.0,6.0,7,1,28.0,10.0,4.0,4.0,3.0,0.571429,24.0,10.0,3.42857,145.286,41.6582,1
equinox,substitutes::y::Ky,0.0,0,1,0,0.0,0,0.0,0.0,1,1,0.0,0.0,0.0,0.0,0.0,0.0,0.0,0.0,0.0,19.1429,0.0,0
equinox,org::osgi::framework::AdminPermission,59.0,11,1,66,78.0,0,246.0,12.0,31,4,2965.0,768.0,95.6452,2272.0,442.0,73.2903,693.0,619.0,22.3548,239.143,75.5909,1
equinox,org::eclipse::osgi::internal::signedcontent::SignerInfoImpl,16.0,7,1,28,16.0,0,45.0,8.0,1,1,0.0,0.0,0.0,0.0,0.0,0.0,0.0,0.0,0.0,27.2857,0.0,0
equinox,org::eclipse::core::launcher::Main,1.0,1,1,0,2.0,0,3.0,1.0,3,1,12.0,8.0,4.0,5.0,3.0,1.66667,7.0,6.0,2.33333,81.0,19.2381,0
equinox,org::eclipse::osgi::baseadaptor::BaseData,86.0,38,1,1225,114.0,1,248.0,50.0,15,1,1033.0,442.0,68.8667,73.0,28.0,4.86667,960.0,442.0,64.0,125.857,3.26151,1
equinox,osgi::lazystart::b::Activator,2.0,2,1,1,8.0,0,6.0,2.0,1,1,0.0,0.0,0.0,0.0,0.0,0.0,0.0,0.0,0.0,85.1429,0.0,0
equinox,org::eclipse::osgi::framework::adaptor::BundleProtectionDomain,1.0,0,1,0,1.0,1,3.0,1.0,8,2,57.0,37.0,7.125,57.0,42.0,7.125,0.0,33.0,0.0,179.0,2.4787,0
equinox,org::eclipse::osgi::framework::adaptor::FilePath,52.0,7,1,55,66.0,0,141.0,11.0,3,2,4.0,2.0,1.33333,4.0,2.0,1.33333,0.0,0.0,0.0,159.0,76.4286,0
equinox,org::eclipse::osgi::internal::baseadaptor::DevClassPathHelper,5.0,8,1,6,10.0,0,25.0,4.0,3,1,234.0,117.0,78.0,0.0,0.0,0.0,234.0,117.0,78.0,125.857,0.5,0
equinox,osgi::lazystart::LazyExclude2,1.0,1,1,0,2.0,0,3.0,1.0,1,1,0.0,0.0,0.0,0.0,0.0,0.0,0.0,0.0,0.0,85.1429,0.0,0
equinox,org::eclipse::osgi::baseadaptor::BaseAdaptor,60.0,34,1,528,114.0,0,252.0,33.0,15,1,1146.0,550.0,76.4,127.0,51.0,8.46667,1019.0,550.0,67.9333,125.857,0.858639,1
equinox,org::eclipse::osgi::internal::resolver::ImportPackageSpecificationImpl,58.0,17,3,78,71.0,0,128.0,13.0,20,3,394.0,146.0,19.7,85.0,27.0,4.25,309.0,146.0,15.45,180.0,10.7237,1
equinox,org::eclipse::osgi::framework::internal::core::FilteredSourcePackage,30.0,4,3,45,36.0,0,66.0,10.0,9,3,212.0,86.0,23.5556,28.0,10.0,3.11111,184.0,86.0,20.4444,180.0,6.76954,1
equinox,org::eclipse::osgi::internal::resolver::NativeCodeSpecificationImpl,49.0,15,3,21,42.0,0,117.0,7.0,4,1,41.0,15.0,10.25,29.0,14.0,7.25,12.0,8.0,3.0,42.0,10.446,1
equinox,org::osgi::framework::BundleEvent,3.0,27,1,3,3.0,0,11.0,3.0,18,4,526.0,140.0,29.2222,449.0,144.0,24.9444,77.0,33.0,4.27778,239.143,77.5598,1
equinox,org::eclipse::osgi::internal::baseadaptor::BundleUninstall,4.0,4,1,6,10.0,0,21.0,4.0,3,1,136.0,68.0,45.3333,0.0,0.0,0.0,136.0,68.0,45.3333,125.857,0.5,0
equinox,org::eclipse::osgi::internal::resolver::NativeCodeDescriptionImpl,40.0,14,2,190,57.0,0,142.0,20.0,1,1,0.0,0.0,0.0,0.0,0.0,0.0,0.0,0.0,0.0,42.0,0.0,1
equinox,org::eclipse::osgi::internal::baseadaptor::BaseStorage,286.0,67,3,2016,566.0,0,1041.0,64.0,31,1,2656.0,1111.0,85.6774,126.0,33.0,4.06452,2530.0,1111.0,81.6129,125.857,9.31847,1
equinox,org::eclipse::osgi::framework::internal::protocol::bundleresource::Handler,8.0,6,2,1,15.0,0,22.0,2.0,13,4,78.0,16.0,6.0,56.0,10.0,4.30769,22.0,10.0,1.69231,231.429,65.7912,0
equinox,org::osgi::framework::Version,32.0,29,1,55,40.0,1,130.0,11.0,11,2,775.0,360.0,70.4545,60.0,23.0,5.45455,715.0,360.0,65.0,180.0,3.36479,1
equinox,xfriends::test2::Activator,2.0,2,1,1,10.0,0,15.0,2.0,1,1,0.0,0.0,0.0,0.0,0.0,0.0,0.0,0.0,0.0,40.8571,0.0,0
equinox,org::eclipse::osgi::storagemanager::ManagedOutputStream,11.0,3,1,55,14.0,0,37.0,11.0,6,1,7.0,3.0,1.16667,2.0,1.0,0.333333,5.0,2.0,0.833333,127.857,34.7551,1
equinox,org::eclipse::osgi::baseadaptor::loader::ClasspathEntry,7.0,7,1,10,8.0,0,24.0,5.0,5,1,163.0,80.0,32.6,2.0,2.0,0.4,161.0,80.0,32.2,125.857,0.685364,0
equinox,org::eclipse::osgi::framework::internal::core::Util,29.0,5,1,10,31.0,0,99.0,5.0,7,5,200.0,190.0,28.5714,210.0,200.0,30.0,-10.0,0.0,-1.42857,239.143,7.53071,0
equinox,osgi::lazystart::LazyInclude2,1.0,1,1,0,2.0,0,3.0,1.0,1,1,0.0,0.0,0.0,0.0,0.0,0.0,0.0,0.0,0.0,85.1429,0.0,0
equinox,chain::test::a::AChain,0.0,1,2,0,1.0,0,0.0,1.0,1,1,0.0,0.0,0.0,0.0,0.0,0.0,0.0,0.0,0.0,85.1429,0.0,0
equinox,org::eclipse::osgi::internal::resolver::ReadOnlyState,38.0,2,1,703,74.0,0,114.0,38.0,24,5,210.0,45.0,8.75,101.0,41.0,4.20833,109.0,27.0,4.54167,230.143,68.6218,1
equinox,substitutes::y::Iy,0.0,0,1,0,0.0,0,0.0,0.0,1,1,0.0,0.0,0.0,0.0,0.0,0.0,0.0,0.0,0.0,19.1429,0.0,0
equinox,client1::multiple::exports::Activator,2.0,2,1,1,18.0,0,26.0,2.0,1,1,0.0,0.0,0.0,0.0,0.0,0.0,0.0,0.0,0.0,40.8571,0.0,0
equinox,org::eclipse::osgi::internal::module::ResolverImport,6.0,5,2,10,10.0,0,17.0,5.0,9,3,383.0,177.0,42.5556,161.0,70.0,17.8889,222.0,177.0,24.6667,180.0,1.96792,0
equinox,org::eclipse::osgi::framework::internal::protocol::NullURLStreamHandlerService,10.0,1,1,55,21.0,0,30.0,11.0,7,5,24.0,16.0,3.42857,85.0,43.0,12.1429,-61.0,0.0,-8.71429,239.143,25.3869,0
equinox,org::eclipse::osgi::framework::internal::core::FilteredServiceListener,19.0,11,2,3,27.0,0,54.0,3.0,13,7,156.0,52.0,12.0,116.0,60.0,8.92308,40.0,23.0,3.07692,239.143,77.5147,1
equinox,org::eclipse::core::runtime::adaptor::EclipseLog,91.0,24,1,406,205.0,0,424.0,29.0,38,6,795.0,296.0,20.9211,173.0,39.0,4.55263,622.0,257.0,16.3684,229.0,53.9493,0
equinox,org::eclipse::osgi::internal::baseadaptor::StateManager,36.0,12,1,190,66.0,1,114.0,20.0,9,1,671.0,341.0,74.5556,43.0,37.0,4.77778,628.0,341.0,69.7778,125.857,2.92463,1
equinox,org::eclipse::osgi::baseadaptor::HookRegistry,38.0,28,1,253,77.0,0,144.0,23.0,12,1,662.0,282.0,55.1667,56.0,22.0,4.66667,606.0,282.0,50.5,125.857,4.61135,0
equinox,org::eclipse::osgi::service::security::TrustEngine,5.0,7,1,36,16.0,1,16.0,9.0,3,1,5.0,3.0,1.66667,1.0,1.0,0.333333,4.0,3.0,1.33333,27.2857,14.2,0
equinox,org::eclipse::osgi::framework::internal::core::BundleLoaderProxy,52.0,25,1,153,73.0,0,159.0,18.0,47,7,688.0,157.0,14.6383,575.0,161.0,12.234,113.0,46.0,2.40426,239.143,56.9778,1
equinox,org::eclipse::osgi::util::ManifestElement,72.0,26,1,153,128.0,0,257.0,18.0,32,7,877.0,162.0,27.4062,813.0,331.0,25.4063,64.0,102.0,2.0,237.143,40.9471,0
equinox,org::eclipse::osgi::framework::internal::core::RegisteredPolicy,24.0,6,2,6,36.0,0,86.0,4.0,4,2,33.0,21.0,8.25,29.0,19.0,7.25,4.0,13.0,1.0,163.0,57.4805,1
equinox,org::eclipse::osgi::framework::eventmgr::ListenerQueue,10.0,9,1,6,17.0,0,47.0,4.0,10,4,55.0,27.0,5.5,51.0,27.0,5.1,4.0,2.0,0.4,218.857,29.1065,1
equinox,org::eclipse::core::runtime::internal::adaptor::EclipseStorageHook,102.0,29,2,741,217.0,0,367.0,39.0,9,1,980.0,406.0,108.889,88.0,61.0,9.77778,892.0,406.0,99.1111,125.857,7.39883,1
equinox,org::osgi::service::url::AbstractURLStreamHandlerService,9.0,2,1,45,19.0,0,28.0,10.0,9,4,345.0,149.0,38.3333,361.0,152.0,40.1111,-16.0,8.0,-1.77778,239.143,63.3379,1
equinox,org::eclipse::osgi::framework::internal::core::OSGi,8.0,7,1,28,18.0,0,31.0,8.0,12,6,116.0,86.0,9.66667,127.0,95.0,10.5833,-11.0,0.0,-0.916667,239.143,24.7007,1
equinox,test1::Activator,2.0,2,1,1,8.0,0,6.0,2.0,1,1,0.0,0.0,0.0,0.0,0.0,0.0,0.0,0.0,0.0,85.1429,0.0,0
equinox,nativetest::a1::Activator,2.0,4,1,1,8.0,0,9.0,2.0,1,1,0.0,0.0,0.0,0.0,0.0,0.0,0.0,0.0,0.0,53.0,0.0,0
equinox,org::eclipse::osgi::internal::signedcontent::SignedContentFile,15.0,4,1,36,27.0,0,56.0,9.0,1,1,0.0,0.0,0.0,0.0,0.0,0.0,0.0,0.0,0.0,11.0,0.0,0
equinox,org::eclipse::equinox::launcher::JNIBridge,19.0,4,1,105,41.0,0,94.0,15.0,8,1,51.0,22.0,6.375,22.0,7.0,2.75,29.0,22.0,3.625,81.1429,15.549,0
equinox,org::eclipse::core::runtime::internal::adaptor::MessageHelper,8.0,9,1,3,26.0,0,28.0,3.0,1,1,0.0,0.0,0.0,0.0,0.0,0.0,0.0,0.0,0.0,82.7143,0.0,0
equinox,substitutes::x::Bx,0.0,0,1,0,0.0,0,0.0,0.0,1,1,0.0,0.0,0.0,0.0,0.0,0.0,0.0,0.0,0.0,19.1429,0.0,0
equinox,org::eclipse::osgi::framework::internal::core::ConditionalPermissions,42.0,9,1,36,60.0,0,148.0,9.0,14,2,157.0,61.0,11.2143,89.0,28.0,6.35714,68.0,33.0,4.85714,178.857,14.7607,0
equinox,legacy::lazystart::c::excluded::b::CBExcluded,0.0,1,1,0,1.0,0,0.0,1.0,1,1,0.0,0.0,0.0,0.0,0.0,0.0,0.0,0.0,0.0,85.1429,0.0,0
equinox,org::eclipse::osgi::internal::module::GenericConstraint,12.0,5,2,15,16.0,0,25.0,6.0,2,1,2.0,2.0,1.0,2.0,2.0,1.0,0.0,0.0,0.0,118.714,75.4286,0
equinox,org::eclipse::osgi::framework::internal::core::NullPackageSource,10.0,2,2,28,12.0,0,31.0,8.0,15,6,85.0,20.0,5.66667,41.0,9.0,2.73333,44.0,12.0,2.93333,239.143,56.2202,1
equinox,org::eclipse::osgi::internal::resolver::StateImpl,211.0,38,1,2016,385.0,2,705.0,64.0,78,6,1442.0,252.0,18.4872,663.0,124.0,8.5,779.0,128.0,9.98718,239.143,93.6404,1
equinox,org::eclipse::osgi::internal::service::security::KeyStoreTrustEngine,42.0,11,2,120,101.0,0,177.0,16.0,5,1,53.0,28.0,10.6,18.0,7.0,3.6,35.0,21.0,7.0,27.2857,17.9946,0
equinox,org::osgi::service::condpermadmin::BundleSignerCondition,5.0,4,1,1,9.0,0,13.0,2.0,11,2,111.0,28.0,10.0909,151.0,55.0,13.7273,-40.0,7.0,-3.63636,173.857,26.7143,1
equinox,chain::test::a::Activator,2.0,2,1,1,8.0,0,6.0,2.0,1,1,0.0,0.0,0.0,0.0,0.0,0.0,0.0,0.0,0.0,85.1429,0.0,0
equinox,org::eclipse::osgi::framework::internal::core::BundleFragment,49.0,12,2,136,60.0,0,186.0,17.0,36,6,350.0,78.0,9.72222,511.0,141.0,14.1944,-161.0,51.0,-4.47222,239.143,38.1771,1
equinox,org::eclipse::osgi::framework::internal::core::BundleURLConnection,18.0,5,1,45,23.0,0,71.0,10.0,5,1,14.0,6.0,2.8,12.0,5.0,2.4,2.0,1.0,0.4,162.143,36.2653,0
equinox,org::eclipse::osgi::framework::internal::protocol::StreamHandlerFactory,29.0,19,2,21,52.0,0,122.0,7.0,24,6,269.0,92.0,11.2083,245.0,115.0,10.2083,24.0,19.0,1.0,239.143,64.3563,1
equinox,org::eclipse::osgi::framework::internal::protocol::MultiplexingContentHandler,3.0,3,1,1,5.0,0,11.0,2.0,2,1,1.0,1.0,0.5,1.0,1.0,0.5,0.0,0.0,0.0,124.286,7.57143,0
equinox,org::eclipse::osgi::framework::internal::core::ParentPolicy,3.0,0,1,3,3.0,0,12.0,3.0,1,1,0.0,0.0,0.0,0.0,0.0,0.0,0.0,0.0,0.0,163.0,0.0,1
equinox,org::eclipse::osgi::framework::internal::core::Tokenizer,27.0,5,1,15,17.0,0,95.0,6.0,3,2,2.0,2.0,0.666667,2.0,2.0,0.666667,0.0,0.0,0.0,162.143,51.1429,0
equinox,org::eclipse::osgi::framework::eventmgr::ListElement,1.0,2,1,0,1.0,0,4.0,1.0,4,3,7.0,4.0,1.75,7.0,4.0,1.75,0.0,0.0,0.0,218.857,27.1837,0
equinox,org::eclipse::osgi::framework::eventmgr::EventManager,9.0,7,1,6,10.0,0,39.0,4.0,16,5,500.0,170.0,31.25,233.0,106.0,14.5625,267.0,170.0,16.6875,239.143,62.1743,1
equinox,legacy::lazystart::a::Activator,2.0,2,1,1,8.0,0,6.0,2.0,1,1,0.0,0.0,0.0,0.0,0.0,0.0,0.0,0.0,0.0,85.1429,0.0,0
equinox,org::eclipse::osgi::internal::baseadaptor::AdaptorMsg,0.0,0,2,0,0.0,0,0.0,0.0,7,1,136.0,59.0,19.4286,18.0,13.0,2.57143,118.0,59.0,16.8571,125.857,11.438,0
equinox,thread::locktest::Activator,4.0,5,1,3,18.0,0,21.0,3.0,1,1,0.0,0.0,0.0,0.0,0.0,0.0,0.0,0.0,0.0,85.1429,0.0,0
equinox,legacy::lazystart::FalseExceptionLegacy1,1.0,2,1,0,3.0,0,4.0,1.0,1,1,0.0,0.0,0.0,0.0,0.0,0.0,0.0,0.0,0.0,85.1429,0.0,0
equinox,legacy::lazystart::c::excluded::a::CAExcluded,0.0,1,1,0,1.0,0,0.0,1.0,1,1,0.0,0.0,0.0,0.0,0.0,0.0,0.0,0.0,0.0,85.1429,0.0,0
equinox,org::eclipse::osgi::framework::internal::protocol::bundleentry::Handler,3.0,5,2,1,8.0,0,11.0,2.0,12,4,52.0,12.0,4.33333,50.0,15.0,4.16667,2.0,4.0,0.166667,231.429,59.2857,0
equinox,org::eclipse::core::runtime::internal::adaptor::CachedManifest,39.0,10,1,36,78.0,0,107.0,9.0,8,1,89.0,33.0,11.125,41.0,17.0,5.125,48.0,30.0,6.0,162.143,79.3034,0
equinox,org::eclipse::osgi::signedcontent::InvalidContentException,3.0,2,1,3,4.0,0,10.0,3.0,3,1,3.0,2.0,1.0,1.0,1.0,0.333333,2.0,1.0,0.666667,27.2857,12.1429,0
equinox,org::eclipse::osgi::framework::internal::core::FilterImpl,304.0,18,1,406,249.0,0,1003.0,29.0,20,6,1193.0,577.0,59.65,1018.0,670.0,50.9,175.0,81.0,8.75,218.714,118.121,1
equinox,org::eclipse::osgi::internal::resolver::ExportPackageDescriptionImpl,35.0,10,2,91,43.0,0,90.0,14.0,12,3,305.0,92.0,25.4167,77.0,31.0,6.41667,228.0,92.0,19.0,180.0,9.5452,1
equinox,host::multiple::exports::PublicClass1,0.0,0,1,0,0.0,0,0.0,0.0,1,1,0.0,0.0,0.0,0.0,0.0,0.0,0.0,0.0,0.0,40.8571,0.0,0
equinox,org::eclipse::osgi::internal::provisional::service::security::AuthorizationEngine,6.0,7,1,10,16.0,1,20.0,5.0,1,1,0.0,0.0,0.0,0.0,0.0,0.0,0.0,0.0,0.0,13.0,0.0,1
equinox,org::eclipse::osgi::internal::signedcontent::DigestedInputStream,17.0,7,1,21,21.0,0,57.0,7.0,1,1,0.0,0.0,0.0,0.0,0.0,0.0,0.0,0.0,0.0,27.2857,0.0,0
equinox,org::eclipse::osgi::internal::resolver::StateBuilder,168.0,29,1,276,337.0,0,516.0,24.0,57,6,932.0,191.0,16.3509,314.0,30.0,5.50877,618.0,183.0,10.8421,239.143,82.1517,1
equinox,org::eclipse::core::runtime::internal::stats::ClassStats,20.0,3,1,190,24.0,0,64.0,20.0,2,1,2.0,2.0,1.0,2.0,2.0,1.0,0.0,0.0,0.0,162.143,51.1429,0
equinox,host::multiple::exports::PrivateClass1,0.0,0,1,0,0.0,0,0.0,0.0,1,1,0.0,0.0,0.0,0.0,0.0,0.0,0.0,0.0,0.0,40.8571,0.0,0
equinox,org::eclipse::osgi::internal::resolver::BundleSpecificationImpl,12.0,9,3,21,16.0,0,25.0,7.0,8,5,54.0,20.0,6.75,15.0,4.0,1.875,39.0,18.0,4.875,239.143,61.6508,1
equinox,org::eclipse::osgi::framework::internal::core::ConditionalPermissionAdminImpl,29.0,14,1,28,61.0,0,116.0,8.0,14,2,203.0,45.0,14.5,74.0,16.0,5.28571,129.0,38.0,9.21429,178.857,20.4771,0
equinox,org::eclipse::osgi::framework::internal::core::ReferenceInputStream,3.0,4,1,3,4.0,0,9.0,3.0,2,1,2.0,2.0,1.0,2.0,2.0,1.0,0.0,0.0,0.0,162.143,51.1429,0
equinox,osgi::lazystart::a::Activator,2.0,2,1,1,8.0,0,6.0,2.0,1,1,0.0,0.0,0.0,0.0,0.0,0.0,0.0,0.0,0.0,85.1429,0.0,0
equinox,org::eclipse::osgi::internal::signedcontent::DNChainMatching,66.0,6,1,28,101.0,0,262.0,8.0,1,1,0.0,0.0,0.0,0.0,0.0,0.0,0.0,0.0,0.0,27.2857,0.0,0
equinox,org::eclipse::core::runtime::internal::adaptor::EclipseAdaptorMsg,0.0,0,2,0,0.0,0,0.0,0.0,6,2,281.0,139.0,46.8333,4.0,3.0,0.666667,277.0,139.0,46.1667,125.857,0.653279,0
equinox,org::eclipse::osgi::internal::baseadaptor::BaseClassLoadingHook,30.0,8,1,45,37.0,0,78.0,10.0,7,1,221.0,91.0,31.5714,0.0,0.0,0.0,221.0,91.0,31.5714,125.714,4.79961,1
equinox,org::eclipse::osgi::baseadaptor::bundlefile::NestedDirBundleFile,13.0,4,2,21,23.0,0,37.0,7.0,5,1,166.0,81.0,33.2,3.0,3.0,0.6,163.0,81.0,32.6,125.857,0.768503,1
equinox,org::eclipse::osgi::framework::launcher::Launcher,40.0,10,1,55,80.0,0,200.0,11.0,19,6,119.0,37.0,6.26316,177.0,83.0,9.31579,-58.0,3.0,-3.05263,239.143,47.1332,1
equinox,org::eclipse::osgi::framework::internal::core::ServiceReferenceImpl,36.0,13,2,91,43.0,0,116.0,14.0,17,5,139.0,27.0,8.17647,41.0,8.0,2.41176,98.0,27.0,5.76471,218.714,66.6906,1
equinox,org::eclipse::osgi::baseadaptor::bundlefile::FileBundleEntry,7.0,3,2,21,12.0,0,26.0,7.0,5,1,188.0,92.0,37.6,3.0,3.0,0.6,185.0,92.0,37.0,125.857,0.737082,0
equinox,fragment::test::attach::host::a::Activator,2.0,2,1,1,8.0,0,6.0,2.0,1,1,0.0,0.0,0.0,0.0,0.0,0.0,0.0,0.0,0.0,85.1429,0.0,0
equinox,org::osgi::util::tracker::ServiceTracker,67.0,23,1,120,65.0,0,285.0,16.0,26,3,3032.0,837.0,116.615,2652.0,892.0,102.0,380.0,142.0,14.6154,219.0,44.9991,1
equinox,org::eclipse::osgi::framework::internal::core::BundleRepository,26.0,7,1,15,39.0,0,111.0,6.0,25,6,195.0,40.0,7.8,212.0,36.0,8.48,-17.0,29.0,-0.68,239.143,23.567,1
equinox,org::eclipse::osgi::internal::module::ResolverBundle,195.0,22,2,990,322.0,0,513.0,45.0,36,3,1590.0,480.0,44.1667,407.0,185.0,11.3056,1183.0,480.0,32.8611,180.0,32.9569,1
equinox,substitutes::x::Mx,0.0,0,1,0,0.0,0,0.0,0.0,1,1,0.0,0.0,0.0,0.0,0.0,0.0,0.0,0.0,0.0,19.1429,0.0,0
equinox,substitutes::q::BFq,0.0,0,1,0,0.0,0,0.0,0.0,1,1,0.0,0.0,0.0,0.0,0.0,0.0,0.0,0.0,0.0,19.1429,0.0,0
equinox,org::eclipse::osgi::internal::baseadaptor::BaseStorageHook,106.0,37,2,780,206.0,0,332.0,40.0,21,2,889.0,302.0,42.3333,91.0,47.0,4.33333,798.0,302.0,38.0,125.857,10.1938,1
lucene,org::apache::lucene::search::spans::SpanOrQuery,29.0,17,3,55,59.0,0,170.0,11.0,12,6,12.0,1.0,1.0,12.0,1.0,1.0,0.0,0.0,0.0,244.714,95.4643,1
lucene,org::apache::lucene::index::DocumentsWriter,177.0,34,1,2415,263.0,0,829.0,70.0,49,3,2311.0,644.0,47.1633,3683.0,2030.0,75.1633,-1372.0,218.0,-28.0,66.0,35.1323,1
lucene,org::apache::lucene::document::Document,46.0,179,1,120,99.0,0,138.0,16.0,32,10,424.0,58.0,13.25,238.0,51.0,7.4375,186.0,51.0,5.8125,368.143,168.949,0
lucene,org::apache::lucene::search::highlight::SimpleSpanFragmenter,10.0,5,1,3,12.0,0,40.0,3.0,2,2,2.0,1.0,1.0,2.0,1.0,1.0,0.0,0.0,0.0,23.1429,8.07143,0
lucene,org::apache::lucene::ant::FileExtensionDocumentHandler,3.0,5,1,0,7.0,0,19.0,1.0,2,1,2.0,1.0,1.0,2.0,1.0,1.0,0.0,0.0,0.0,325.857,39.7857,0
lucene,org::apache::lucene::analysis::Token,66.0,128,1,465,72.0,0,240.0,31.0,24,9,999.0,468.0,41.625,251.0,69.0,10.4583,748.0,420.0,31.1667,368.143,314.776,0
lucene,org::apache::lucene::search::FieldDoc,1.0,0,2,0,1.0,0,4.0,1.0,7,4,30.0,20.0,4.28571,19.0,9.0,2.71429,11.0,11.0,1.57143,242.143,32.4762,0
lucene,org::tartarus::snowball::ext::DanishStemmer,51.0,1,2,21,32.0,0,345.0,7.0,1,1,1.0,1.0,1.0,1.0,1.0,1.0,0.0,0.0,0.0,6.57143,0.0,0
lucene,org::apache::lucene::search::SortField,13.0,6,1,21,20.0,0,44.0,7.0,14,7,134.0,36.0,9.57143,22.0,5.0,1.57143,112.0,33.0,8.0,242.143,50.0437,1
lucene,org::apache::lucene::document::AbstractField,60.0,16,2,231,57.0,3,182.0,22.0,6,3,349.0,274.0,58.1667,283.0,274.0,47.1667,66.0,38.0,11.0,121.571,103.953,0
lucene,org::apache::lucene::benchmark::byTask::utils::Config,37.0,23,1,66,120.0,0,182.0,12.0,10,4,422.0,324.0,42.2,342.0,324.0,34.2,80.0,49.0,8.0,90.5714,15.8812,0
lucene,org::apache::lucene::benchmark::quality::utils::DocNameExtractor,3.0,5,1,1,5.0,0,13.0,2.0,1,1,1.0,1.0,1.0,1.0,1.0,1.0,0.0,0.0,0.0,62.7143,0.0,0
lucene,org::apache::lucene::analysis::cjk::CJKAnalyzer,2.0,2,2,1,5.0,0,6.0,2.0,5,3,5.0,1.0,1.0,5.0,1.0,1.0,0.0,0.0,0.0,250.143,13.9429,0
lucene,org::apache::lucene::search::HitIterator,6.0,4,1,10,11.0,0,20.0,5.0,6,4,14.0,6.0,2.33333,13.0,6.0,2.16667,1.0,2.0,0.166667,180.143,57.3265,0
lucene,org::apache::lucene::misc::HighFreqTerms,9.0,8,1,1,26.0,0,40.0,2.0,3,2,3.0,1.0,1.0,3.0,1.0,1.0,0.0,0.0,0.0,307.429,40.4286,0
lucene,org::apache::lucene::index::FormatPostingsDocsConsumer,0.0,2,1,1,2.0,1,0.0,2.0,0,0,0.0,0.0,0.0,0.0,0.0,0.0,0.0,0.0,0.0,0.0,0.0,0
lucene,org::apache::lucene::search::IndexSearcher,18.0,65,3,36,30.0,2,61.0,9.0,36,11,291.0,39.0,8.08333,297.0,51.0,8.25,-6.0,39.0,-0.166667,368.143,164.852,0
lucene,org::apache::lucene::store::db::DbIndexOutput,16.0,4,2,28,34.0,0,86.0,8.0,2,1,2.0,1.0,1.0,2.0,1.0,1.0,0.0,0.0,0.0,179.286,15.2143,0
lucene,org::apache::lucene::search::highlight::TokenGroup,13.0,6,1,45,24.0,0,54.0,10.0,1,1,1.0,1.0,1.0,1.0,1.0,1.0,0.0,0.0,0.0,219.286,0.0,0
lucene,org::apache::lucene::index::MergeDocIDRemapper,15.0,4,1,1,8.0,0,76.0,2.0,1,1,1.0,1.0,1.0,1.0,1.0,1.0,0.0,0.0,0.0,30.8571,0.0,1
lucene,org::apache::lucene::benchmark::byTask::tasks::RepSelectByPrefTask,10.0,8,4,3,33.0,0,39.0,3.0,3,2,76.0,42.0,25.3333,45.0,42.0,15.0,31.0,31.0,10.3333,90.5714,10.3929,0
lucene,org::apache::lucene::analysis::PorterStemFilter,4.0,3,3,1,10.0,0,14.0,2.0,8,5,79.0,26.0,9.875,119.0,51.0,14.875,-40.0,1.0,-5.0,368.143,137.492,0
lucene,org::apache::lucene::search::PhraseScorer,33.0,8,3,78,44.0,2,107.0,13.0,18,8,322.0,120.0,17.8889,269.0,82.0,14.9444,53.0,38.0,2.94444,368.143,125.349,0
lucene,org::apache::lucene::analysis::WordlistLoader,10.0,6,1,1,18.0,0,44.0,2.0,9,4,83.0,32.0,9.22222,72.0,29.0,8.0,11.0,32.0,1.22222,216.286,70.0826,0
lucene,org::apache::lucene::analysis::CharTokenizer,13.0,3,3,10,15.0,3,55.0,5.0,10,6,84.0,27.0,8.4,107.0,51.0,10.7,-23.0,9.0,-2.3,349.857,198.361,1
lucene,org::apache::lucene::benchmark::byTask::tasks::ResetSystemEraseTask,2.0,2,4,1,4.0,0,7.0,2.0,4,3,52.0,48.0,13.0,60.0,48.0,15.0,-8.0,0.0,-2.0,90.5714,11.467,0
lucene,org::apache::lucene::queryParser::surround::query::ComposedQuery,24.0,9,2,105,64.0,4,73.0,15.0,3,3,8.0,6.0,2.66667,7.0,5.0,2.33333,1.0,1.0,0.333333,170.143,73.4286,0
lucene,org::apache::lucene::xmlparser::builders::SpanBuilderBase,1.0,1,2,0,2.0,6,3.0,1.0,2,1,17.0,16.0,8.5,2.0,1.0,1.0,15.0,15.0,7.5,136.571,45.042,0
lucene,org::apache::lucene::store::Directory,18.0,74,1,153,35.0,7,64.0,18.0,22,6,241.0,45.0,10.9545,128.0,51.0,5.81818,113.0,45.0,5.13636,368.143,217.232,1
lucene,org::apache::lucene::xmlparser::builders::DuplicateFilterBuilder,5.0,4,1,1,15.0,0,34.0,2.0,2,2,2.0,1.0,1.0,4.0,3.0,2.0,-2.0,0.0,-1.0,53.1429,24.9286,0
lucene,org::apache::lucene::xmlparser::builders::BooleanQueryBuilder,10.0,11,1,3,25.0,0,56.0,3.0,7,2,37.0,16.0,5.28571,26.0,12.0,3.71429,11.0,15.0,1.57143,136.571,35.1892,0
lucene,org::apache::lucene::index::DocInverterPerField,18.0,14,2,3,35.0,0,130.0,3.0,2,1,3.0,2.0,1.5,11.0,10.0,5.5,-8.0,0.0,-4.0,11.7143,3.14286,1
lucene,org::apache::lucene::analysis::el::GreekLowerCaseFilter,4.0,4,3,1,6.0,0,19.0,2.0,3,3,9.0,8.0,3.0,15.0,13.0,5.0,-6.0,0.0,-2.0,180.286,154.032,0
lucene,org::apache::lucene::index::ReadOnlySegmentReader,4.0,3,4,3,6.0,0,9.0,3.0,1,1,1.0,1.0,1.0,1.0,1.0,1.0,0.0,0.0,0.0,6.57143,0.0,0
lucene,org::apache::lucene::search::spans::SpanNotQuery,21.0,11,3,66,34.0,0,144.0,12.0,11,7,108.0,26.0,9.81818,22.0,8.0,2.0,86.0,22.0,7.81818,244.714,113.093,0
lucene,org::apache::lucene::benchmark::byTask::tasks::RepSumByNameTask,6.0,7,3,3,27.0,0,39.0,3.0,3,2,82.0,43.0,27.3333,46.0,43.0,15.3333,36.0,36.0,12.0,90.5714,10.3537,0
lucene,org::apache::lucene::index::InvertedDocEndConsumer,0.0,2,1,10,5.0,1,0.0,5.0,1,1,1.0,1.0,1.0,1.0,1.0,1.0,0.0,0.0,0.0,11.7143,0.0,0
lucene,org::apache::lucene::search::highlight::SpanGradientFormatter,6.0,4,2,1,12.0,0,35.0,2.0,3,3,7.0,6.0,2.33333,8.0,5.0,2.66667,-1.0,1.0,-0.333333,190.0,95.7143,0
lucene,org::apache::lucene::xmlparser::CoreParser,7.0,23,1,15,41.0,1,87.0,6.0,9,2,60.0,29.0,6.66667,4.0,1.0,0.444444,56.0,28.0,6.22222,136.571,69.35,0
lucene,org::apache::lucene::analysis::compound::hyphenation::HyphenationException,1.0,1,1,0,1.0,0,3.0,1.0,1,1,1.0,1.0,1.0,1.0,1.0,1.0,0.0,0.0,0.0,20.7143,0.0,0
lucene,org::apache::lucene::xmlparser::builders::FilteredQueryBuilder,2.0,6,1,1,9.0,0,18.0,2.0,3,2,18.0,16.0,6.0,5.0,3.0,1.66667,13.0,15.0,4.33333,136.0,49.4048,0
lucene,org::apache::lucene::benchmark::stats::MemUsage,2.0,2,1,3,8.0,0,13.0,3.0,3,2,1.0,1.0,0.333333,2.0,1.0,0.666667,-1.0,0.0,-0.333333,99.0,0.0,0
lucene,org::apache::lucene::index::ParallelReader,67.0,10,2,325,156.0,0,267.0,26.0,22,7,413.0,118.0,18.7727,138.0,23.0,6.27273,275.0,113.0,12.5,177.857,87.8565,0
lucene,org::apache::lucene::store::ChecksumIndexInput,8.0,3,2,28,18.0,0,28.0,8.0,1,1,1.0,1.0,1.0,1.0,1.0,1.0,0.0,0.0,0.0,34.2857,0.0,0
lucene,org::apache::lucene::analysis::compound::DictionaryCompoundWordTokenFilter,12.0,2,4,1,14.0,0,36.0,2.0,1,1,1.0,1.0,1.0,1.0,1.0,1.0,0.0,0.0,0.0,20.7143,0.0,0
lucene,org::apache::lucene::store::SingleInstanceLockFactory,3.0,3,2,3,6.0,0,13.0,3.0,4,2,13.0,6.0,3.25,9.0,5.0,2.25,4.0,4.0,1.0,110.143,13.7802,0
lucene,org::apache::lucene::analysis::ar::ArabicNormalizationFilter,4.0,5,3,1,8.0,0,15.0,2.0,0,0,0.0,0.0,0.0,0.0,0.0,0.0,0.0,0.0,0.0,0.0,0.0,0
lucene,org::apache::lucene::analysis::StopAnalyzer,4.0,6,2,3,12.0,0,17.0,3.0,12,7,69.0,17.0,5.75,67.0,51.0,5.58333,2.0,17.0,0.166667,368.143,208.59,0
lucene,org::apache::lucene::analysis::PerFieldAnalyzerWrapper,9.0,3,2,15,13.0,0,30.0,6.0,9,6,59.0,16.0,6.55556,61.0,51.0,6.77778,-2.0,14.0,-0.222222,262.857,104.37,0
lucene,org::apache::lucene::index::IndexReader,48.0,153,1,1225,124.0,6,214.0,50.0,95,13,1990.0,132.0,20.9474,1099.0,202.0,11.5684,891.0,98.0,9.37895,368.143,207.691,1
lucene,org::apache::lucene::wordnet::SynLookup,13.0,9,1,1,43.0,0,78.0,2.0,2,2,2.0,1.0,1.0,2.0,1.0,1.0,0.0,0.0,0.0,245.286,25.0714,0
lucene,org::apache::lucene::queryParser::surround::parser::QueryParserTokenManager,217.0,4,1,190,103.0,0,604.0,20.0,1,1,1.0,1.0,1.0,1.0,1.0,1.0,0.0,0.0,0.0,170.143,0.0,0
lucene,org::apache::lucene::analysis::ngram::EdgeNGramTokenFilter,10.0,3,3,3,17.0,0,45.0,3.0,3,3,20.0,16.0,6.66667,18.0,16.0,6.0,2.0,2.0,0.666667,82.1429,68.0,1
lucene,org::apache::lucene::search::ExtendedFieldCacheImpl,3.0,3,2,6,9.0,0,9.0,4.0,4,2,80.0,59.0,20.0,15.0,11.0,3.75,65.0,48.0,16.25,49.0,16.5536,0
lucene,org::apache::lucene::benchmark::byTask::tasks::NewRoundTask,3.0,3,2,3,6.0,0,10.0,3.0,3,2,45.0,43.0,15.0,45.0,43.0,15.0,0.0,0.0,0.0,90.5714,10.9968,0
lucene,org::apache::lucene::benchmark::byTask::stats::Points,6.0,11,1,15,12.0,0,23.0,6.0,3,2,92.0,85.0,30.6667,344.0,258.0,114.667,-252.0,0.0,-84.0,90.5714,11.0512,0
lucene,org::apache::lucene::analysis::miscellaneous::PrefixAwareTokenFilter,15.0,5,2,36,24.0,2,63.0,9.0,2,2,16.0,15.0,8.0,44.0,43.0,22.0,-28.0,0.0,-14.0,14.0,6.5625,0
lucene,org::apache::lucene::queryParser::Token,4.0,0,1,6,5.0,0,13.0,4.0,2,2,56.0,55.0,28.0,13.0,12.0,6.5,43.0,43.0,21.5,264.857,257.041,0
lucene,org::apache::lucene::store::Lock,8.0,13,1,3,12.0,9,29.0,3.0,20,8,184.0,50.0,9.2,165.0,51.0,8.25,19.0,25.0,0.95,366.857,165.044,1
lucene,org::apache::lucene::index::FreqProxTermsWriter,43.0,14,2,45,53.0,0,229.0,10.0,2,1,61.0,60.0,30.5,41.0,40.0,20.5,20.0,20.0,10.0,11.7143,2.52927,0
lucene,org::apache::lucene::analysis::compound::hyphenation::Hyphen,6.0,2,1,1,7.0,0,19.0,2.0,1,1,1.0,1.0,1.0,1.0,1.0,1.0,0.0,0.0,0.0,20.7143,0.0,0
lucene,org::apache::lucene::index::InvertedDocConsumerPerThread,0.0,2,1,6,4.0,1,0.0,4.0,1,1,1.0,1.0,1.0,1.0,1.0,1.0,0.0,0.0,0.0,11.7143,0.0,0
lucene,org::apache::lucene::analysis::Analyzer,4.0,50,1,15,9.0,33,12.0,6.0,11,8,78.0,28.0,7.09091,88.0,51.0,8.0,-10.0,27.0,-0.909091,368.143,237.31,1
lucene,org::apache::lucene::xmlparser::builders::LikeThisQueryBuilder,10.0,12,1,1,29.0,0,58.0,2.0,6,3,64.0,38.0,10.6667,10.0,5.0,1.66667,54.0,38.0,9.0,136.571,36.9531,0
lucene,org::apache::lucene::xmlparser::builders::RangeFilterBuilder,1.0,3,1,1,6.0,0,10.0,2.0,3,2,18.0,16.0,6.0,5.0,3.0,1.66667,13.0,15.0,4.33333,136.571,49.9444,0
lucene,org::tartarus::snowball::ext::LovinsStemmer,262.0,1,2,561,137.0,0,1501.0,34.0,1,1,1.0,1.0,1.0,1.0,1.0,1.0,0.0,0.0,0.0,6.57143,0.0,0
lucene,org::apache::lucene::util::UnicodeUtil,20.0,8,1,1,7.0,0,115.0,2.0,1,1,1.0,1.0,1.0,1.0,1.0,1.0,0.0,0.0,0.0,28.0,0.0,0
lucene,org::apache::lucene::document::NumberTools,10.0,6,1,1,19.0,0,51.0,2.0,5,5,13.0,6.0,2.6,12.0,5.0,2.4,1.0,1.0,0.2,202.143,59.011,0
lucene,org::apache::lucene::search::ExactPhraseScorer,7.0,5,4,1,9.0,0,28.0,2.0,10,7,39.0,13.0,3.9,75.0,51.0,7.5,-36.0,3.0,-3.6,368.143,182.044,0
lucene,org::apache::lucene::store::FSDirectory,2.0,1,2,1,2.0,3,6.0,2.0,81,10,1262.0,128.0,15.5802,890.0,108.0,10.9877,372.0,51.0,4.59259,368.143,204.577,1
lucene,org::apache::lucene::ant::TextDocument,4.0,6,1,3,19.0,0,31.0,3.0,2,1,2.0,1.0,1.0,2.0,1.0,1.0,0.0,0.0,0.0,325.857,39.7857,0
lucene,org::apache::lucene::xmlparser::builders::SpanNotBuilder,2.0,5,3,1,8.0,0,19.0,2.0,3,1,25.0,16.0,8.33333,22.0,20.0,7.33333,3.0,15.0,1.0,136.571,30.8114,0
lucene,org::apache::lucene::store::instantiated::InstantiatedIndexReader,64.0,16,2,276,123.0,0,174.0,24.0,4,2,122.0,119.0,30.5,60.0,57.0,15.0,62.0,62.0,15.5,29.8571,15.2482,1
lucene,org::tartarus::snowball::ext::PortugueseStemmer,155.0,1,2,66,92.0,0,866.0,12.0,1,1,1.0,1.0,1.0,1.0,1.0,1.0,0.0,0.0,0.0,6.57143,0.0,0
lucene,org::apache::lucene::util::CloseableThreadLocal,8.0,5,1,6,18.0,1,43.0,4.0,2,1,15.0,14.0,7.5,6.0,5.0,3.0,9.0,9.0,4.5,3.42857,0.266667,0
lucene,org::apache::lucene::index::FormatPostingsTermsWriter,6.0,4,2,10,11.0,0,30.0,5.0,0,0,0.0,0.0,0.0,0.0,0.0,0.0,0.0,0.0,0.0,0.0,0.0,0
lucene,org::apache::lucene::index::MergeScheduler,0.0,1,1,1,2.0,3,0.0,2.0,4,1,10.0,5.0,2.5,7.0,3.0,1.75,3.0,3.0,0.75,55.1429,12.7143,0
lucene,org::apache::lucene::index::TermInfo,2.0,2,1,1,2.0,0,12.0,2.0,4,3,29.0,13.0,7.25,61.0,51.0,15.25,-32.0,5.0,-8.0,368.143,152.256,0
lucene,org::apache::lucene::search::ComplexExplanation,8.0,12,2,10,14.0,0,20.0,5.0,5,5,11.0,6.0,2.2,11.0,5.0,2.2,0.0,1.0,0.0,119.286,47.7403,0
lucene,org::apache::lucene::search::DocIdSetIterator,0.0,26,1,6,4.0,4,0.0,4.0,1,1,1.0,1.0,1.0,1.0,1.0,1.0,0.0,0.0,0.0,35.5714,0.0,0
lucene,org::apache::lucene::store::db::DbDirectory,21.0,9,2,91,63.0,0,102.0,14.0,3,1,3.0,1.0,1.0,3.0,1.0,1.0,0.0,0.0,0.0,247.0,24.2381,0
lucene,org::apache::lucene::search::CheckHits,46.0,20,1,45,105.0,0,214.0,10.0,3,2,3.0,1.0,1.0,3.0,1.0,1.0,0.0,0.0,0.0,200.429,44.8571,0
lucene,org::apache::lucene::index::Term,16.0,74,1,45,18.0,0,37.0,10.0,14,8,73.0,13.0,5.21429,73.0,51.0,5.21429,0.0,11.0,0.0,368.143,194.02,0
lucene,org::apache::lucene::demo::SearchFiles,47.0,12,1,6,78.0,0,206.0,4.0,13,8,338.0,151.0,26.0,174.0,51.0,13.3846,164.0,111.0,12.6154,349.571,231.055,0
lucene,org::apache::lucene::demo::html::ParseException,24.0,4,1,3,28.0,0,87.0,3.0,3,2,8.0,6.0,2.66667,8.0,6.0,2.66667,0.0,0.0,0.0,264.857,220.839,0
lucene,org::apache::lucene::queryParser::surround::query::NotQuery,2.0,3,3,1,9.0,0,12.0,2.0,2,2,7.0,6.0,3.5,6.0,5.0,3.0,1.0,1.0,0.5,170.143,60.2449,0
lucene,org::tartarus::snowball::Among,2.0,2,1,0,5.0,0,18.0,1.0,1,1,1.0,1.0,1.0,1.0,1.0,1.0,0.0,0.0,0.0,6.57143,0.0,0
lucene,org::apache::lucene::search::NonMatchingScorer,6.0,2,3,15,10.0,0,10.0,6.0,2,2,7.0,6.0,3.5,6.0,5.0,3.0,1.0,1.0,0.5,193.286,80.0816,0
lucene,org::apache::lucene::index::TermVectorsTermsWriterPerThread,10.0,3,2,21,12.0,0,42.0,7.0,1,1,1.0,1.0,1.0,1.0,1.0,1.0,0.0,0.0,0.0,11.7143,0.0,0
lucene,org::apache::lucene::search::Explanation,18.0,29,1,55,32.0,1,63.0,11.0,7,5,49.0,25.0,7.0,67.0,51.0,9.57143,-18.0,18.0,-2.57143,299.286,146.085,0
lucene,org::apache::lucene::index::TermVectorsWriter,27.0,13,1,6,43.0,0,163.0,4.0,14,8,340.0,126.0,24.2857,425.0,310.0,30.3571,-85.0,52.0,-6.07143,241.714,115.235,0
lucene,org::apache::lucene::search::spans::NearSpansOrdered,50.0,6,2,91,63.0,0,166.0,14.0,3,3,42.0,35.0,14.0,16.0,10.0,5.33333,26.0,25.0,8.66667,101.714,79.1939,1
lucene,org::apache::lucene::util::BitVector,31.0,8,1,78,52.0,0,128.0,13.0,11,6,142.0,75.0,12.9091,78.0,51.0,7.09091,64.0,68.0,5.81818,368.143,248.907,0
lucene,org::apache::lucene::search::regex::RegexTermEnum,8.0,6,3,10,18.0,0,34.0,5.0,2,1,2.0,1.0,1.0,2.0,1.0,1.0,0.0,0.0,0.0,151.571,0.857143,0
lucene,org::apache::lucene::search::BoostingQuery,5.0,2,2,3,8.0,0,39.0,3.0,4,3,22.0,19.0,5.5,4.0,1.0,1.0,18.0,18.0,4.5,136.571,63.013,0
lucene,org::apache::lucene::analysis::ngram::NGramTokenizer,6.0,2,3,1,7.0,0,27.0,2.0,5,2,58.0,52.0,11.6,58.0,52.0,11.6,0.0,1.0,0.0,93.7143,14.9483,0
lucene,org::apache::lucene::queryParser::ParseException,24.0,8,1,3,29.0,0,90.0,3.0,4,3,8.0,6.0,2.0,12.0,6.0,3.0,-4.0,0.0,-1.0,264.857,220.839,0
lucene,org::apache::lucene::benchmark::byTask::feeds::NoMoreDataException,0.0,6,1,0,1.0,0,0.0,1.0,1,1,1.0,1.0,1.0,1.0,1.0,1.0,0.0,0.0,0.0,80.2857,0.0,0
lucene,org::apache::lucene::demo::html::HTMLParser,179.0,15,1,496,177.0,0,574.0,32.0,14,6,125.0,34.0,8.92857,100.0,28.0,7.14286,25.0,19.0,1.78571,264.857,56.4354,0
lucene,org::apache::lucene::queryParser::surround::query::BasicQueryFactory,7.0,4,1,15,12.0,0,18.0,6.0,2,2,7.0,6.0,3.5,6.0,5.0,3.0,1.0,1.0,0.5,170.143,60.2449,0
lucene,org::apache::lucene::analysis::br::BrazilianAnalyzer,3.0,4,2,3,10.0,0,15.0,3.0,9,3,9.0,1.0,1.0,9.0,1.0,1.0,0.0,0.0,0.0,250.143,19.0794,0
lucene,org::apache::lucene::search::Similarity,7.0,29,1,78,17.0,4,22.0,13.0,28,11,694.0,250.0,24.7857,282.0,51.0,10.0714,412.0,204.0,14.7143,368.143,162.464,1
lucene,org::apache::lucene::search::highlight::SimpleFragmenter,6.0,7,1,10,6.0,0,20.0,5.0,1,1,1.0,1.0,1.0,1.0,1.0,1.0,0.0,0.0,0.0,234.714,0.0,0
lucene,org::apache::lucene::index::SegmentTermVector,15.0,3,1,28,18.0,1,50.0,8.0,6,4,34.0,26.0,5.66667,62.0,49.0,10.3333,-28.0,22.0,-4.66667,241.714,56.9538,0
lucene,org::apache::lucene::benchmark::Constants,0.0,0,1,0,0.0,0,0.0,0.0,2,2,1.0,1.0,0.5,1.0,1.0,0.5,0.0,0.0,0.0,99.0,0.0,0
lucene,org::apache::lucene::benchmark::byTask::tasks::WarmTask,6.0,0,3,15,6.0,0,18.0,6.0,4,3,69.0,60.0,17.25,62.0,60.0,15.5,7.0,4.0,1.75,90.5714,10.8944,0
lucene,org::apache::lucene::index::DefaultSkipListReader,10.0,3,2,28,17.0,0,58.0,8.0,3,1,116.0,114.0,38.6667,116.0,114.0,38.6667,0.0,0.0,0.0,70.8571,49.8498,0
lucene,org::apache::lucene::analysis::el::GreekAnalyzer,5.0,3,2,3,11.0,0,25.0,3.0,3,3,4.0,3.0,1.33333,4.0,2.0,1.33333,0.0,1.0,0.0,180.286,131.893,0
lucene,org::apache::lucene::xmlparser::builders::SpanOrBuilder,4.0,5,3,1,13.0,0,19.0,2.0,2,1,17.0,16.0,8.5,2.0,1.0,1.0,15.0,15.0,7.5,136.571,45.042,0
lucene,org::apache::lucene::search::function::CustomScoreQuery,28.0,9,2,78,44.0,2,88.0,13.0,5,2,172.0,165.0,34.4,56.0,49.0,11.2,116.0,116.0,23.2,70.1429,27.4377,0
lucene,org::apache::lucene::index::SortedTermVectorMapper,21.0,4,2,6,19.0,0,59.0,4.0,1,1,1.0,1.0,1.0,1.0,1.0,1.0,0.0,0.0,0.0,63.2857,0.0,0
lucene,org::apache::lucene::analysis::sinks::TokenTypeSinkTokenizer,4.0,3,4,1,5.0,0,10.0,2.0,2,2,2.0,1.0,1.0,2.0,1.0,1.0,0.0,0.0,0.0,43.7143,18.3571,0
lucene,org::apache::lucene::search::spans::SpanWeight,12.0,10,2,21,50.0,1,97.0,7.0,8,6,64.0,22.0,8.0,45.0,20.0,5.625,19.0,16.0,2.375,244.714,78.933,0
lucene,org::apache::lucene::search::FuzzyTermEnum,36.0,6,3,66,51.0,0,135.0,12.0,15,6,498.0,201.0,33.2,366.0,177.0,24.4,132.0,106.0,8.8,368.143,161.324,0
lucene,org::apache::lucene::search::function::ShortFieldSource,8.0,4,3,10,13.0,0,43.0,5.0,2,1,3.0,2.0,1.5,3.0,2.0,1.5,0.0,0.0,0.0,70.1429,18.0952,0
lucene,org::apache::lucene::search::payloads::BoostingTermQuery,5.0,4,4,3,6.0,0,13.0,3.0,10,3,56.0,43.0,5.6,51.0,26.0,5.1,5.0,31.0,0.5,80.0,9.34694,0
lucene,org::apache::lucene::search::highlight::TokenSources,5.0,2,1,1,7.0,0,21.0,2.0,5,5,70.0,43.0,14.0,18.0,8.0,3.6,52.0,36.0,10.4,190.0,146.902,0
lucene,org::apache::lucene::demo::html::ParserThread,2.0,6,1,1,11.0,0,23.0,2.0,4,4,31.0,13.0,7.75,68.0,51.0,17.0,-37.0,1.0,-9.25,349.571,143.184,0
lucene,org::tartarus::snowball::ext::EnglishStemmer,206.0,1,2,136,127.0,0,1131.0,17.0,1,1,1.0,1.0,1.0,1.0,1.0,1.0,0.0,0.0,0.0,6.57143,0.0,0
lucene,org::apache::lucene::index::TermVectorEntry,18.0,6,1,66,16.0,0,51.0,12.0,1,1,1.0,1.0,1.0,1.0,1.0,1.0,0.0,0.0,0.0,63.2857,0.0,0
lucene,org::apache::lucene::LucenePackage,2.0,1,1,1,3.0,0,4.0,2.0,3,3,7.0,6.0,2.33333,6.0,5.0,2.0,1.0,1.0,0.333333,186.571,74.3265,0
lucene,org::apache::lucene::index::FieldSortedTermVectorMapper,5.0,4,2,10,9.0,0,19.0,5.0,1,1,1.0,1.0,1.0,1.0,1.0,1.0,0.0,0.0,0.0,63.2857,0.0,0
lucene,org::apache::lucene::store::BufferedIndexInput,30.0,7,2,78,36.0,4,131.0,13.0,12,5,145.0,52.0,12.0833,52.0,13.0,4.33333,93.0,48.0,7.75,211.857,132.914,0
lucene,org::apache::lucene::index::FieldInfos,32.0,18,1,78,52.0,0,107.0,13.0,25,11,398.0,110.0,15.92,238.0,51.0,9.52,160.0,77.0,6.4,368.143,198.416,1
lucene,org::apache::lucene::index::TermInfosReader,39.0,8,1,105,55.0,0,154.0,15.0,26,9,334.0,89.0,12.8462,221.0,51.0,8.5,113.0,54.0,4.34615,368.143,251.482,1
lucene,org::apache::lucene::swing::models::RestaurantInfo,17.0,3,1,153,20.0,0,51.0,18.0,2,2,2.0,1.0,1.0,4.0,3.0,2.0,-2.0,0.0,-1.0,187.0,91.8571,0
lucene,org::apache::lucene::benchmark::byTask::tasks::TaskSequence,72.0,11,2,253,89.0,0,240.0,23.0,12,4,430.0,295.0,35.8333,348.0,295.0,29.0,82.0,25.0,6.83333,90.5714,18.2093,0
lucene,org::apache::lucene::index::FreqProxTermsWriterPerThread,5.0,2,2,10,6.0,0,13.0,5.0,1,1,1.0,1.0,1.0,1.0,1.0,1.0,0.0,0.0,0.0,11.7143,0.0,0
lucene,org::apache::lucene::index::DocInverter,9.0,4,2,21,33.0,0,53.0,7.0,1,1,1.0,1.0,1.0,1.0,1.0,1.0,0.0,0.0,0.0,11.7143,0.0,0
lucene,org::apache::lucene::util::SortedVIntList,10.0,4,2,15,13.0,0,62.0,6.0,1,1,1.0,1.0,1.0,1.0,1.0,1.0,0.0,0.0,0.0,35.5714,0.0,0
lucene,org::apache::lucene::analysis::cn::ChineseAnalyzer,2.0,2,2,1,4.0,0,7.0,2.0,2,2,2.0,1.0,1.0,2.0,1.0,1.0,0.0,0.0,0.0,250.143,2.14286,0
lucene,org::apache::lucene::store::je::JEDirectory,21.0,8,2,91,64.0,0,102.0,14.0,4,4,9.0,6.0,2.25,9.0,5.0,2.25,0.0,1.0,0.0,143.857,52.7143,0
lucene,org::apache::lucene::search::highlight::GradientFormatter,23.0,5,1,21,46.0,1,132.0,7.0,4,2,4.0,1.0,1.0,4.0,1.0,1.0,0.0,0.0,0.0,196.714,0.75,0
lucene,org::apache::lucene::wordnet::Syns2Index,18.0,8,1,6,62.0,0,154.0,4.0,6,3,6.0,1.0,1.0,6.0,1.0,1.0,0.0,0.0,0.0,308.0,69.1667,0
lucene,org::apache::lucene::index::MergePolicy,1.0,1,1,15,7.0,1,3.0,6.0,8,1,72.0,19.0,9.0,24.0,13.0,3.0,48.0,18.0,6.0,55.1429,15.2698,0
lucene,org::apache::lucene::search::QueryUtils,25.0,26,1,28,56.0,0,167.0,8.0,11,5,352.0,128.0,32.0,192.0,128.0,17.4545,160.0,58.0,14.5455,151.143,74.1039,0
lucene,org::apache::lucene::index::memory::SynonymTokenFilter,14.0,3,3,6,17.0,0,56.0,4.0,5,4,128.0,100.0,25.6,125.0,100.0,25.0,3.0,3.0,0.6,148.571,46.856,0
lucene,org::apache::lucene::search::DisjunctionSumScorer,31.0,5,3,36,41.0,0,98.0,9.0,5,3,95.0,85.0,19.0,71.0,62.0,14.2,24.0,23.0,4.8,193.286,88.7594,0
lucene,org::apache::lucene::store::NativeFSLockFactory,14.0,8,2,10,28.0,0,53.0,5.0,9,2,213.0,119.0,23.6667,194.0,92.0,21.5556,19.0,27.0,2.11111,103.286,12.9215,0
lucene,org::apache::lucene::queryParser::surround::query::SpanNearClauseFactory,16.0,8,1,55,39.0,0,50.0,11.0,3,2,7.0,6.0,2.33333,19.0,13.0,6.33333,-12.0,1.0,-4.0,170.143,60.2449,0
lucene,org::apache::lucene::search::spell::PlainTextDictionary,2.0,2,1,1,4.0,0,6.0,2.0,1,1,1.0,1.0,1.0,1.0,1.0,1.0,0.0,0.0,0.0,205.143,0.0,0
lucene,org::apache::lucene::store::BufferedIndexOutput,14.0,1,2,28,18.0,0,58.0,8.0,7,4,63.0,35.0,9.0,18.0,7.0,2.57143,45.0,33.0,6.42857,210.143,89.0612,0
lucene,org::apache::lucene::document::MapFieldSelector,4.0,2,2,1,5.0,0,9.0,2.0,5,3,18.0,15.0,3.6,9.0,5.0,1.8,9.0,10.0,1.8,121.571,47.5873,0
lucene,org::apache::lucene::search::MockFilter,3.0,3,2,6,6.0,0,10.0,4.0,3,2,3.0,1.0,1.0,3.0,1.0,1.0,0.0,0.0,0.0,200.429,44.8571,0
lucene,org::apache::lucene::store::instantiated::InstantiatedIndex,43.0,20,1,136,128.0,0,226.0,17.0,3,2,87.0,83.0,29.0,11.0,7.0,3.66667,76.0,76.0,25.3333,29.8571,15.4795,0
lucene,org::apache::lucene::index::FieldReaderException,1.0,0,1,0,1.0,0,3.0,1.0,4,3,97.0,79.0,24.25,88.0,79.0,22.0,9.0,7.0,2.25,121.571,84.5449,0
lucene,org::apache::lucene::store::LockFactory,2.0,6,1,6,4.0,6,6.0,4.0,6,2,32.0,11.0,5.33333,14.0,5.0,2.33333,18.0,9.0,3.0,110.143,26.9509,0
lucene,org::apache::lucene::benchmark::quality::trec::QueryDriver,1.0,8,1,0,18.0,0,35.0,1.0,2,2,3.0,2.0,1.5,2.0,1.0,1.0,1.0,1.0,0.5,51.0,7.42857,0
lucene,org::apache::lucene::index::TermsHashConsumerPerField,0.0,1,1,15,6.0,2,0.0,6.0,2,1,2.0,1.0,1.0,1.0,1.0,0.5,1.0,1.0,0.5,11.7143,1.28571,0
lucene,org::apache::lucene::xmlparser::builders::TermsQueryBuilder,4.0,11,1,1,22.0,0,37.0,2.0,4,3,21.0,16.0,5.25,12.0,6.0,3.0,9.0,12.0,2.25,119.143,44.5442,0
lucene,org::apache::lucene::search::spans::TermSpans,16.0,5,2,45,23.0,0,64.0,10.0,2,1,16.0,15.0,8.0,2.0,1.0,1.0,14.0,14.0,7.0,80.0,68.4375,0
lucene,org::apache::lucene::demo::html::TokenMgrError,17.0,5,1,6,26.0,0,57.0,4.0,3,2,3.0,1.0,1.0,3.0,1.0,1.0,0.0,0.0,0.0,264.857,159.143,0
lucene,org::apache::lucene::search::TopDocs,3.0,6,1,3,3.0,1,11.0,3.0,7,4,50.0,15.0,7.14286,67.0,51.0,9.57143,-17.0,13.0,-2.42857,368.143,151.086,0
lucene,org::apache::lucene::benchmark::quality::trec::TrecJudge,21.0,7,1,6,45.0,0,77.0,4.0,1,1,1.0,1.0,1.0,1.0,1.0,1.0,0.0,0.0,0.0,62.7143,0.0,0
lucene,org::apache::lucene::demo::html::SimpleCharStream,47.0,6,1,190,38.0,0,256.0,20.0,4,4,65.0,46.0,16.25,27.0,18.0,6.75,38.0,38.0,9.5,264.857,227.662,0
lucene,org::apache::lucene::index::TermsHashConsumerPerThread,0.0,2,1,6,4.0,2,0.0,4.0,1,1,1.0,1.0,1.0,1.0,1.0,1.0,0.0,0.0,0.0,11.7143,0.0,0
lucene,org::apache::lucene::index::FormatPostingsPositionsConsumer,0.0,2,1,1,2.0,1,0.0,2.0,0,0,0.0,0.0,0.0,0.0,0.0,0.0,0.0,0.0,0.0,0.0,0.0,0
lucene,org::apache::lucene::queryParser::surround::parser::QueryParser,174.0,20,1,903,221.0,0,583.0,43.0,1,1,1.0,1.0,1.0,1.0,1.0,1.0,0.0,0.0,0.0,170.143,0.0,0
lucene,org::apache::lucene::store::instantiated::InstantiatedTermPositions,9.0,4,2,21,15.0,0,35.0,7.0,1,1,1.0,1.0,1.0,1.0,1.0,1.0,0.0,0.0,0.0,29.8571,0.0,0
lucene,org::apache::lucene::analysis::el::GreekCharsets,79.0,2,1,0,2.0,0,225.0,1.0,2,2,1.0,1.0,0.5,2.0,1.0,1.0,-1.0,0.0,-0.5,180.286,0.0,0
lucene,org::apache::lucene::benchmark::stats::QueryData,10.0,4,1,6,10.0,0,26.0,4.0,3,2,1.0,1.0,0.333333,2.0,1.0,0.666667,-1.0,0.0,-0.333333,99.0,0.0,0
lucene,org::apache::lucene::benchmark::byTask::feeds::FileBasedQueryMaker,9.0,8,2,0,24.0,0,49.0,1.0,2,2,2.0,1.0,1.0,2.0,1.0,1.0,0.0,0.0,0.0,81.0,9.0,0
lucene,org::tartarus::snowball::ext::FinnishStemmer,140.0,1,2,78,85.0,0,877.0,13.0,1,1,1.0,1.0,1.0,1.0,1.0,1.0,0.0,0.0,0.0,6.57143,0.0,0
lucene,org::apache::lucene::search::highlight::SpanScorer,19.0,7,1,45,29.0,0,77.0,10.0,3,3,7.0,5.0,2.33333,7.0,5.0,2.33333,0.0,0.0,0.0,23.1429,15.8775,0
lucene,org::apache::lucene::search::regex::RegexQuery,10.0,6,3,15,17.0,0,27.0,6.0,1,1,1.0,1.0,1.0,1.0,1.0,1.0,0.0,0.0,0.0,151.571,0.0,0
lucene,org::apache::lucene::document::Field,17.0,14,3,15,13.0,0,49.0,6.0,46,10,991.0,136.0,21.5435,684.0,199.0,14.8696,307.0,133.0,6.67391,368.143,189.416,1
lucene,org::tartarus::snowball::ext::TurkishStemmer,479.0,1,2,861,312.0,0,2864.0,42.0,1,1,1.0,1.0,1.0,1.0,1.0,1.0,0.0,0.0,0.0,6.57143,0.0,0
lucene,org::apache::lucene::analysis::WhitespaceTokenizer,2.0,19,4,1,3.0,0,6.0,2.0,5,2,22.0,13.0,4.4,59.0,51.0,11.8,-37.0,1.0,-7.4,349.857,135.565,0
lucene,org::apache::lucene::demo::DeleteFiles,3.0,4,1,1,14.0,0,32.0,2.0,7,5,46.0,18.0,6.57143,69.0,51.0,9.85714,-23.0,9.0,-3.28571,349.571,154.186,0
lucene,org::apache::lucene::xmlparser::builders::FuzzyLikeThisQueryBuilder,3.0,6,1,1,16.0,0,22.0,2.0,2,1,17.0,16.0,8.5,2.0,1.0,1.0,15.0,15.0,7.5,136.571,45.042,0
lucene,org::apache::lucene::index::InvertedDocConsumerPerField,0.0,1,1,6,4.0,1,0.0,4.0,1,1,1.0,1.0,1.0,1.0,1.0,1.0,0.0,0.0,0.0,11.7143,0.0,0
lucene,org::apache::lucene::index::SegmentMergeInfo,12.0,6,1,10,14.0,0,44.0,5.0,6,4,48.0,17.0,8.0,73.0,51.0,12.1667,-25.0,14.0,-4.16667,368.143,170.17,0
lucene,org::apache::lucene::search::FuzzyLikeThisQuery,24.0,18,2,15,68.0,0,141.0,6.0,8,4,98.0,52.0,12.25,78.0,47.0,9.75,20.0,17.0,2.5,136.571,56.8426,0
lucene,org::apache::lucene::index::FieldInvertState,7.0,4,1,21,7.0,0,29.0,7.0,0,0,0.0,0.0,0.0,0.0,0.0,0.0,0.0,0.0,0.0,0.0,0.0,0
lucene,org::apache::lucene::index::DocFieldConsumersPerThread,7.0,3,2,10,12.0,0,37.0,5.0,1,1,1.0,1.0,1.0,1.0,1.0,1.0,0.0,0.0,0.0,11.7143,0.0,0
lucene,org::apache::lucene::store::GCJIndexInput,5.0,2,2,55,14.0,0,14.0,11.0,4,3,9.0,6.0,2.25,9.0,5.0,2.25,0.0,1.0,0.0,211.286,74.3492,0
lucene,org::apache::lucene::store::MMapDirectory,2.0,0,3,1,3.0,0,5.0,2.0,8,5,159.0,128.0,19.875,44.0,16.0,5.5,115.0,116.0,14.375,210.143,10.2749,1
lucene,org::apache::lucene::store::instantiated::InstantiatedTermEnum,12.0,3,2,15,23.0,0,51.0,6.0,2,2,2.0,1.0,1.0,2.0,1.0,1.0,0.0,0.0,0.0,29.8571,7.64286,1
lucene,org::apache::lucene::wordnet::SynExpand,12.0,9,1,1,38.0,0,70.0,2.0,1,1,1.0,1.0,1.0,1.0,1.0,1.0,0.0,0.0,0.0,195.143,0.0,0
lucene,org::apache::lucene::xmlparser::builders::MatchAllDocsQueryBuilder,1.0,2,1,1,3.0,0,3.0,2.0,2,1,17.0,16.0,8.5,2.0,1.0,1.0,15.0,15.0,7.5,132.286,41.0084,0
lucene,org::apache::lucene::benchmark::quality::utils::QualityQueriesFinder,15.0,9,1,10,33.0,0,64.0,5.0,1,1,1.0,1.0,1.0,1.0,1.0,1.0,0.0,0.0,0.0,62.7143,0.0,0
lucene,org::apache::lucene::benchmark::byTask::tasks::WriteLineDocTask,17.0,10,2,21,41.0,0,73.0,7.0,2,1,4.0,3.0,2.0,3.0,2.0,1.5,1.0,1.0,0.5,63.0,1.60714,0
lucene,org::apache::lucene::store::LockObtainFailedException,1.0,3,1,0,1.0,0,3.0,1.0,1,1,1.0,1.0,1.0,1.0,1.0,1.0,0.0,0.0,0.0,85.0,0.0,0
lucene,org::apache::lucene::search::WildcardQuery,7.0,10,3,6,12.0,0,19.0,4.0,9,6,56.0,13.0,6.22222,73.0,51.0,8.11111,-17.0,11.0,-1.88889,368.143,172.074,0
lucene,org::apache::lucene::search::TimeLimitedCollector,8.0,5,2,15,12.0,0,30.0,6.0,2,1,40.0,39.0,20.0,2.0,1.0,1.0,38.0,38.0,19.0,34.1429,4.875,1
lucene,org::apache::lucene::benchmark::byTask::feeds::ReutersQueryMaker,7.0,6,2,3,35.0,0,48.0,3.0,5,4,121.0,107.0,24.2,164.0,107.0,32.8,-43.0,0.0,-8.6,90.5714,11.3022,0
lucene,org::apache::lucene::xmlparser::builders::TermsFilterBuilder,4.0,8,1,1,15.0,0,32.0,2.0,7,4,50.0,23.0,7.14286,48.0,27.0,6.85714,2.0,15.0,0.285714,136.571,30.3743,0
lucene,org::apache::lucene::analysis::ar::ArabicNormalizer,18.0,2,1,3,5.0,0,27.0,3.0,0,0,0.0,0.0,0.0,0.0,0.0,0.0,0.0,0.0,0.0,0.0,0.0,0
lucene,org::apache::lucene::swing::models::TableSearcher,30.0,16,1,153,84.0,0,165.0,18.0,6,6,20.0,10.0,3.33333,23.0,13.0,3.83333,-3.0,1.0,-0.5,187.0,63.5,0
lucene,org::apache::lucene::ant::HtmlDocument,16.0,14,1,21,58.0,0,98.0,7.0,3,1,3.0,1.0,1.0,3.0,1.0,1.0,0.0,0.0,0.0,325.857,53.2381,0
lucene,org::apache::lucene::search::WildcardTermEnum,26.0,5,3,15,31.0,0,133.0,6.0,13,7,278.0,119.0,21.3846,228.0,118.0,17.5385,50.0,72.0,3.84615,368.143,80.5118,0
lucene,org::apache::lucene::queryParser::surround::parser::FastCharStream,19.0,3,1,91,24.0,0,75.0,14.0,2,2,7.0,6.0,3.5,6.0,5.0,3.0,1.0,1.0,0.5,170.143,60.2449,0
lucene,org::apache::lucene::search::similar::MoreLikeThis,68.0,18,1,496,105.0,0,285.0,32.0,1,1,1.0,1.0,1.0,1.0,1.0,1.0,0.0,0.0,0.0,194.286,0.0,0
lucene,org::apache::lucene::index::StoredFieldsWriterPerField,6.0,6,2,3,10.0,0,31.0,3.0,1,1,1.0,1.0,1.0,1.0,1.0,1.0,0.0,0.0,0.0,11.7143,0.0,0
lucene,org::apache::lucene::analysis::ru::RussianLowerCaseFilter,4.0,4,3,1,6.0,0,19.0,2.0,4,2,4.0,1.0,1.0,4.0,1.0,1.0,0.0,0.0,0.0,316.286,26.1071,0
lucene,org::apache::lucene::benchmark::byTask::feeds::SimpleSloppyPhraseQueryMaker,10.0,2,3,0,16.0,0,46.0,1.0,4,3,83.0,63.0,20.75,66.0,63.0,16.5,17.0,17.0,4.25,90.5714,13.0981,0
lucene,org::apache::lucene::index::IndexFileNameFilter,18.0,2,1,6,22.0,0,46.0,4.0,6,5,66.0,52.0,11.0,17.0,5.0,2.83333,49.0,47.0,8.16667,173.857,76.8528,0
lucene,org::apache::lucene::analysis::payloads::TypeAsPayloadTokenFilter,5.0,4,3,1,9.0,0,12.0,2.0,2,2,7.0,6.0,3.5,6.0,5.0,3.0,1.0,1.0,0.5,43.7143,31.4694,0
lucene,org::apache::lucene::search::DocIdSet,0.0,8,1,1,2.0,3,0.0,2.0,1,1,1.0,1.0,1.0,1.0,1.0,1.0,0.0,0.0,0.0,35.5714,0.0,0
lucene,org::apache::lucene::index::CharBlockPool,4.0,4,1,3,6.0,0,21.0,3.0,2,1,8.0,7.0,4.0,8.0,7.0,4.0,0.0,0.0,0.0,30.0,16.0,0
lucene,org::apache::lucene::index::IndexModifier,39.0,8,1,253,84.0,1,189.0,23.0,22,7,230.0,106.0,10.4545,133.0,28.0,6.04545,97.0,79.0,4.40909,174.286,66.6702,0
lucene,org::tartarus::snowball::ext::SpanishStemmer,162.0,1,2,66,104.0,0,919.0,12.0,1,1,1.0,1.0,1.0,1.0,1.0,1.0,0.0,0.0,0.0,6.57143,0.0,0
lucene,org::apache::lucene::analysis::snowball::SnowballAnalyzer,3.0,4,2,1,8.0,0,13.0,2.0,4,2,4.0,1.0,1.0,4.0,1.0,1.0,0.0,0.0,0.0,302.714,36.6071,0
lucene,org::apache::lucene::index::IndexFileNames,8.0,9,1,3,6.0,0,20.0,3.0,13,6,175.0,89.0,13.4615,30.0,8.0,2.30769,145.0,83.0,11.1538,173.857,98.0906,0
lucene,org::apache::lucene::misc::SweetSpotSimilarity,18.0,6,3,36,36.0,0,94.0,9.0,3,3,11.0,6.0,3.66667,10.0,5.0,3.33333,1.0,1.0,0.333333,123.857,31.013,0
lucene,org::apache::lucene::store::db::DbLock,4.0,1,2,6,4.0,0,11.0,4.0,2,1,2.0,1.0,1.0,2.0,1.0,1.0,0.0,0.0,0.0,247.0,26.4286,0
lucene,org::tartarus::snowball::ext::FrenchStemmer,219.0,1,2,91,150.0,0,1295.0,14.0,1,1,1.0,1.0,1.0,1.0,1.0,1.0,0.0,0.0,0.0,6.57143,0.0,0
lucene,org::apache::lucene::search::ConstantScoreQuery,12.0,11,2,28,16.0,0,30.0,8.0,9,5,187.0,158.0,20.7778,175.0,158.0,19.4444,12.0,6.0,1.33333,151.143,23.3155,0
lucene,org::apache::lucene::store::LockReleaseFailedException,1.0,2,1,0,1.0,0,3.0,1.0,1,1,1.0,1.0,1.0,1.0,1.0,1.0,0.0,0.0,0.0,46.8571,0.0,0
lucene,org::apache::lucene::analysis::de::GermanStemmer,58.0,4,1,28,123.0,0,171.0,8.0,12,5,12.0,1.0,1.0,12.0,1.0,1.0,0.0,0.0,0.0,367.143,78.2381,0
lucene,org::apache::lucene::index::MultiReader,57.0,9,2,378,84.0,0,215.0,28.0,35,9,711.0,203.0,20.3143,771.0,433.0,22.0286,-60.0,196.0,-1.71429,241.857,126.647,1
lucene,org::apache::lucene::queryParser::surround::query::DistanceQuery,13.0,8,3,21,36.0,0,68.0,7.0,2,2,7.0,6.0,3.5,6.0,5.0,3.0,1.0,1.0,0.5,170.143,60.2449,0
lucene,org::apache::lucene::search::ConstantScoreRangeQuery,3.0,3,4,3,5.0,0,10.0,3.0,6,3,25.0,16.0,4.16667,149.0,138.0,24.8333,-124.0,13.0,-20.6667,151.143,111.337,0
lucene,org::apache::lucene::analysis::TeeTokenFilter,2.0,6,3,1,4.0,0,10.0,2.0,4,2,24.0,17.0,6.0,6.0,4.0,1.5,18.0,17.0,4.5,44.8571,37.256,0
lucene,org::apache::lucene::util::cache::Cache,2.0,2,1,15,8.0,2,6.0,6.0,2,1,6.0,5.0,3.0,1.0,1.0,0.5,5.0,5.0,2.5,19.7143,0.119048,0
lucene,org::apache::lucene::search::TermsFilter,15.0,6,2,15,36.0,0,63.0,6.0,7,3,101.0,30.0,14.4286,22.0,16.0,3.14286,79.0,30.0,11.2857,136.571,98.8543,0
lucene,org::apache::lucene::store::IndexInput,24.0,46,1,120,37.0,12,89.0,16.0,6,4,88.0,29.0,14.6667,15.0,7.0,2.5,73.0,27.0,12.1667,211.857,126.529,0
lucene,org::apache::lucene::index::MockIndexInput,7.0,2,3,10,6.0,0,28.0,5.0,3,3,10.0,6.0,3.33333,12.0,6.0,4.0,-2.0,1.0,-0.666667,211.857,68.2286,0
lucene,org::apache::lucene::search::Collector,4.0,2,2,1,3.0,0,25.0,2.0,0,0,0.0,0.0,0.0,0.0,0.0,0.0,0.0,0.0,0.0,0.0,0.0,0
lucene,org::apache::lucene::queryParser::precedence::PrecedenceQueryParser,244.0,24,1,1081,284.0,1,822.0,47.0,7,1,7.0,1.0,1.0,7.0,1.0,1.0,0.0,0.0,0.0,187.286,0.979592,0
lucene,org::apache::lucene::index::TermEnum,3.0,42,1,15,9.0,6,7.0,6.0,6,4,49.0,23.0,8.16667,65.0,51.0,10.8333,-16.0,23.0,-2.66667,368.143,132.746,0
lucene,org::apache::lucene::store::MockRAMInputStream,6.0,4,3,3,11.0,0,44.0,3.0,4,2,33.0,19.0,8.25,15.0,7.0,3.75,18.0,12.0,4.5,83.4286,15.0433,0
lucene,org::apache::lucene::wikipedia::analysis::WikipediaTokenizerImpl,139.0,6,1,231,77.0,0,422.0,22.0,6,2,551.0,268.0,91.8333,604.0,276.0,100.667,-53.0,0.0,-8.83333,39.7143,1.63158,0
lucene,org::apache::lucene::util::OpenBitSetIterator,16.0,2,2,10,7.0,0,73.0,5.0,1,1,1.0,1.0,1.0,1.0,1.0,1.0,0.0,0.0,0.0,35.5714,0.0,0
lucene,org::apache::lucene::search::DefaultSimilarity,10.0,8,2,45,19.0,3,32.0,10.0,4,3,20.0,13.0,5.0,59.0,51.0,14.75,-39.0,1.0,-9.75,308.857,109.871,0
lucene,org::apache::lucene::index::InvertedDocConsumer,1.0,2,1,15,6.0,1,3.0,6.0,1,1,1.0,1.0,1.0,1.0,1.0,1.0,0.0,0.0,0.0,11.7143,0.0,0
lucene,org::apache::lucene::analysis::ngram::NGramTokenFilter,8.0,3,3,3,13.0,0,32.0,3.0,3,2,10.0,9.0,3.33333,14.0,12.0,4.66667,-4.0,0.0,-1.33333,82.1429,67.6286,1
lucene,org::apache::lucene::search::MultiSearcher,25.0,13,3,78,38.0,1,111.0,13.0,28,9,387.0,166.0,13.8214,210.0,51.0,7.5,177.0,161.0,6.32143,368.143,140.47,1
lucene,org::apache::lucene::queryParser::surround::query::SrndQuery,12.0,11,1,66,25.0,3,30.0,12.0,3,3,9.0,6.0,3.0,14.0,8.0,4.66667,-5.0,1.0,-1.66667,170.143,51.0794,0
lucene,org::apache::lucene::analysis::compound::hyphenation::HyphenationTree,61.0,9,2,78,67.0,0,270.0,13.0,1,1,1.0,1.0,1.0,1.0,1.0,1.0,0.0,0.0,0.0,20.7143,0.0,0
lucene,org::apache::lucene::index::StoredFieldsWriterPerThread,7.0,3,2,10,9.0,0,32.0,5.0,1,1,1.0,1.0,1.0,1.0,1.0,1.0,0.0,0.0,0.0,11.7143,0.0,0
lucene,org::apache::lucene::search::function::ByteFieldSource,8.0,4,3,10,13.0,0,43.0,5.0,2,1,2.0,1.0,1.0,2.0,1.0,1.0,0.0,0.0,0.0,70.1429,13.5714,0
lucene,org::apache::lucene::queryParser::surround::query::OrQuery,8.0,6,3,6,15.0,0,29.0,4.0,2,2,7.0,6.0,3.5,6.0,5.0,3.0,1.0,1.0,0.5,170.143,60.2449,0
lucene,org::apache::lucene::search::SpanFilterResult,4.0,3,1,6,4.0,0,13.0,4.0,2,2,24.0,23.0,12.0,3.0,2.0,1.5,21.0,21.0,10.5,64.0,27.244,0
lucene,org::apache::lucene::analysis::ar::ArabicStemFilter,4.0,5,3,1,8.0,0,20.0,2.0,0,0,0.0,0.0,0.0,0.0,0.0,0.0,0.0,0.0,0.0,0.0,0.0,0
lucene,org::apache::lucene::index::LogByteSizeMergePolicy,6.0,2,3,15,7.0,0,20.0,6.0,3,1,17.0,13.0,5.66667,7.0,5.0,2.33333,10.0,8.0,3.33333,55.1429,3.59664,0
lucene,org::apache::lucene::util::ArrayUtil,9.0,10,1,10,9.0,0,38.0,5.0,2,1,23.0,22.0,11.5,2.0,1.0,1.0,21.0,21.0,10.5,11.7143,4.50932,0
lucene,org::apache::lucene::queryParser::surround::query::SrndPrefixQuery,12.0,7,3,21,25.0,0,35.0,7.0,3,3,7.0,6.0,2.33333,8.0,5.0,2.66667,-1.0,1.0,-0.333333,170.143,60.2449,0
lucene,org::apache::lucene::index::LogMergePolicy,58.0,6,2,136,79.0,2,258.0,17.0,10,1,162.0,56.0,16.2,36.0,17.0,3.6,126.0,48.0,12.6,55.1429,11.0441,0
lucene,org::apache::lucene::queryParser::analyzing::AnalyzingQueryParser,33.0,9,2,10,95.0,0,209.0,5.0,6,6,53.0,35.0,8.83333,42.0,28.0,7.0,11.0,7.0,1.83333,164.857,132.941,0
lucene,org::apache::lucene::search::spans::SpanFirstQuery,18.0,13,3,66,31.0,0,98.0,12.0,8,6,94.0,24.0,11.75,14.0,7.0,1.75,80.0,19.0,10.0,244.714,117.313,0
lucene,org::apache::lucene::index::GCJSegmentReader,2.0,1,4,0,3.0,0,7.0,1.0,4,2,15.0,6.0,3.75,11.0,5.0,2.75,4.0,4.0,1.0,211.0,45.5429,0
lucene,org::apache::lucene::benchmark::byTask::tasks::AddDocTask,11.0,8,2,21,31.0,0,40.0,7.0,5,4,115.0,84.0,23.0,95.0,84.0,19.0,20.0,16.0,4.0,90.5714,12.1255,0
lucene,org::apache::lucene::index::TermVectorsReader,58.0,13,1,105,73.0,0,313.0,15.0,27,8,731.0,179.0,27.0741,353.0,86.0,13.0741,378.0,119.0,14.0,241.714,144.604,0
lucene,org::apache::lucene::benchmark::byTask::tasks::ReportTask,18.0,14,2,21,57.0,4,71.0,7.0,3,2,163.0,118.0,54.3333,45.0,44.0,15.0,118.0,118.0,39.3333,90.5714,9.97546,0
lucene,org::apache::lucene::search::RemoteSearchable,14.0,7,2,45,25.0,0,50.0,10.0,13,6,96.0,23.0,7.38462,94.0,51.0,7.23077,2.0,23.0,0.153846,325.0,137.792,0
lucene,org::apache::lucene::swing::models::BaseListModel,6.0,5,1,10,16.0,0,19.0,5.0,3,3,6.0,4.0,2.0,6.0,3.0,2.0,0.0,2.0,0.0,187.0,152.333,0
lucene,org::apache::lucene::index::ConcurrentMergeScheduler,39.0,15,2,190,75.0,1,182.0,20.0,16,1,244.0,70.0,15.25,153.0,27.0,9.5625,91.0,44.0,5.6875,55.1429,11.1259,1
lucene,org::apache::lucene::document::SetBasedFieldSelector,4.0,5,2,1,4.0,0,14.0,2.0,3,2,73.0,59.0,24.3333,66.0,59.0,22.0,7.0,7.0,2.33333,121.571,81.9765,0
lucene,org::apache::lucene::analysis::de::GermanStemFilter,10.0,6,3,6,10.0,0,29.0,4.0,1,1,1.0,1.0,1.0,1.0,1.0,1.0,0.0,0.0,0.0,216.286,0.0,0
lucene,org::apache::lucene::xmlparser::builders::ConstantScoreQueryBuilder,2.0,5,1,1,7.0,0,12.0,2.0,3,1,24.0,16.0,8.0,10.0,8.0,3.33333,14.0,15.0,4.66667,136.571,32.0714,0
lucene,org::apache::lucene::index::SegmentMerger,104.0,27,1,136,175.0,0,507.0,17.0,51,11,1172.0,174.0,22.9804,637.0,75.0,12.4902,535.0,107.0,10.4902,368.143,235.447,1
lucene,org::apache::lucene::benchmark::utils::ExtractReuters,17.0,9,1,10,45.0,0,115.0,5.0,3,3,2.0,1.0,0.666667,1.0,1.0,0.333333,1.0,1.0,0.333333,99.0,8.64286,0
lucene,org::apache::lucene::util::PriorityQueue,25.0,33,1,66,23.0,15,90.0,12.0,9,7,99.0,35.0,11.0,92.0,51.0,10.2222,7.0,26.0,0.777778,368.143,192.729,0
lucene,org::apache::lucene::benchmark::byTask::tasks::ResetInputsTask,3.0,2,2,3,5.0,1,10.0,3.0,2,2,49.0,48.0,24.5,49.0,48.0,24.5,0.0,0.0,0.0,90.5714,11.0554,0
lucene,org::apache::lucene::index::TermVectorEntryFreqSortedComparator,3.0,5,1,1,7.0,0,15.0,2.0,1,1,1.0,1.0,1.0,1.0,1.0,1.0,0.0,0.0,0.0,63.2857,0.0,0
lucene,org::apache::lucene::index::LogDocMergePolicy,4.0,6,3,6,4.0,1,17.0,4.0,2,1,5.0,4.0,2.5,19.0,18.0,9.5,-14.0,0.0,-7.0,55.1429,1.94286,0
lucene,org::apache::lucene::benchmark::quality::QualityBenchmark,13.0,9,1,21,25.0,0,60.0,7.0,2,1,42.0,41.0,21.0,5.0,4.0,2.5,37.0,37.0,18.5,62.7143,22.3129,0
lucene,org::apache::lucene::search::function::ValueSource,1.0,4,1,10,6.0,3,3.0,5.0,3,3,2.0,1.0,0.666667,3.0,1.0,1.0,-1.0,0.0,-0.333333,70.1429,4.64286,0
lucene,org::apache::lucene::store::VerifyingLockFactory,3.0,3,2,3,6.0,0,12.0,3.0,2,1,2.0,1.0,1.0,2.0,1.0,1.0,0.0,0.0,0.0,53.0,3.07143,0
lucene,org::apache::lucene::index::TermsHashPerThread,17.0,11,2,28,28.0,0,75.0,8.0,2,1,8.0,7.0,4.0,3.0,2.0,1.5,5.0,5.0,2.5,11.7143,2.375,0
lucene,org::apache::lucene::index::ReusableStringReader,5.0,2,1,3,7.0,0,22.0,3.0,1,1,1.0,1.0,1.0,1.0,1.0,1.0,0.0,0.0,0.0,30.0,0.0,0
lucene,org::tartarus::snowball::ext::NorwegianStemmer,44.0,1,2,15,24.0,0,281.0,6.0,1,1,1.0,1.0,1.0,1.0,1.0,1.0,0.0,0.0,0.0,6.57143,0.0,0
lucene,org::apache::lucene::search::TopFieldDocCollector,6.0,3,3,3,13.0,0,29.0,3.0,6,6,22.0,14.0,3.66667,12.0,5.0,2.0,10.0,13.0,1.66667,144.286,83.3571,0
lucene,org::apache::lucene::analysis::sinks::DateRecognizerSinkTokenizer,4.0,3,4,1,6.0,0,19.0,2.0,2,2,3.0,2.0,1.5,3.0,2.0,1.5,0.0,0.0,0.0,43.7143,24.4762,0
lucene,org::apache::lucene::xmlparser::QueryBuilderFactory,4.0,5,1,6,11.0,0,14.0,4.0,4,2,23.0,16.0,5.75,6.0,3.0,1.5,17.0,15.0,4.25,136.571,48.8385,0
lucene,org::apache::lucene::benchmark::byTask::feeds::EnwikiDocMaker,4.0,4,3,6,12.0,0,16.0,4.0,5,2,79.0,29.0,15.8,26.0,14.0,5.2,53.0,16.0,10.6,60.8571,21.9114,0
lucene,org::apache::lucene::search::DisjunctionMaxScorer,32.0,3,3,55,64.0,0,115.0,11.0,7,5,292.0,195.0,41.7143,312.0,195.0,44.5714,-20.0,7.0,-2.85714,151.0,89.7378,0
lucene,org::apache::lucene::search::BooleanQuery,46.0,36,2,210,94.0,1,149.0,21.0,56,9,758.0,98.0,13.5357,465.0,73.0,8.30357,293.0,55.0,5.23214,368.143,166.469,0
lucene,org::apache::lucene::index::DocInverterPerThread,5.0,6,2,10,14.0,0,26.0,5.0,1,1,1.0,1.0,1.0,1.0,1.0,1.0,0.0,0.0,0.0,11.7143,0.0,0
lucene,org::apache::lucene::index::TermBuffer,16.0,9,1,36,30.0,0,79.0,9.0,3,3,63.0,56.0,21.0,43.0,37.0,14.3333,20.0,19.0,6.66667,208.714,171.002,0
lucene,org::apache::lucene::util::DocIdBitSet,3.0,5,2,3,4.0,0,9.0,3.0,1,1,1.0,1.0,1.0,1.0,1.0,1.0,0.0,0.0,0.0,35.5714,0.0,0
lucene,org::apache::lucene::analysis::TokenFilter,3.0,5,2,3,5.0,42,10.0,3.0,10,5,40.0,13.0,4.0,66.0,51.0,6.6,-26.0,9.0,-2.6,368.143,185.707,1
lucene,org::apache::lucene::analysis::cjk::CJKTokenizer,26.0,3,3,1,8.0,0,140.0,2.0,4,2,4.0,1.0,1.0,4.0,1.0,1.0,0.0,0.0,0.0,250.143,10.5714,0
lucene,org::apache::lucene::search::Query,23.0,103,1,66,49.0,16,84.0,12.0,27,8,316.0,91.0,11.7037,210.0,55.0,7.77778,106.0,43.0,3.92593,368.143,102.066,0
lucene,org::apache::lucene::analysis::CachingTokenFilter,8.0,7,3,6,14.0,0,30.0,4.0,4,2,90.0,72.0,22.5,85.0,72.0,21.25,5.0,4.0,1.25,75.4286,51.7698,1
lucene,org::apache::lucene::benchmark::byTask::tasks::SearchWithSortTask,16.0,5,3,45,24.0,0,61.0,10.0,1,1,1.0,1.0,1.0,1.0,1.0,1.0,0.0,0.0,0.0,4.14286,0.0,0
lucene,org::apache::lucene::benchmark::byTask::feeds::TrecDocMaker,27.0,13,2,36,71.0,0,153.0,9.0,10,3,326.0,221.0,32.6,297.0,221.0,29.7,29.0,10.0,2.9,86.2857,9.94741,1
lucene,org::apache::lucene::benchmark::quality::trec::Trec1MQReader,4.0,3,1,1,16.0,0,33.0,2.0,1,1,1.0,1.0,1.0,1.0,1.0,1.0,0.0,0.0,0.0,39.8571,0.0,0
lucene,org::apache::lucene::demo::HTMLDocument,4.0,7,1,6,25.0,0,52.0,4.0,12,6,79.0,18.0,6.58333,114.0,51.0,9.5,-35.0,7.0,-2.91667,349.571,155.192,0
lucene,org::apache::lucene::util::Parameter,6.0,1,1,6,12.0,6,24.0,4.0,4,3,10.0,6.0,2.5,9.0,5.0,2.25,1.0,1.0,0.25,209.0,69.2857,0
lucene,org::apache::lucene::search::RemoteCachingWrapperFilter,3.0,2,2,3,9.0,1,11.0,3.0,4,2,13.0,12.0,3.25,2.0,1.0,0.5,11.0,12.0,2.75,78.2857,39.4286,0
lucene,org::apache::lucene::swing::models::BaseTableModel,18.0,7,1,45,30.0,0,60.0,10.0,3,3,7.0,5.0,2.33333,7.0,3.0,2.33333,0.0,2.0,0.0,187.0,156.653,0
lucene,lucli::LuceneMethods,48.0,21,1,78,147.0,0,232.0,13.0,4,2,4.0,1.0,1.0,4.0,1.0,1.0,0.0,0.0,0.0,251.857,30.8571,0
lucene,org::tartarus::snowball::SnowballProgram,95.0,25,1,325,76.0,19,306.0,26.0,1,1,1.0,1.0,1.0,1.0,1.0,1.0,0.0,0.0,0.0,6.57143,0.0,0
lucene,org::apache::lucene::benchmark::byTask::tasks::RepAllTask,9.0,8,3,3,28.0,0,38.0,3.0,3,2,79.0,41.0,26.3333,44.0,41.0,14.6667,35.0,35.0,11.6667,90.5714,10.34,0
lucene,org::apache::lucene::benchmark::byTask::feeds::DemoHTMLParser,2.0,2,1,1,5.0,0,5.0,2.0,2,1,5.0,4.0,2.5,8.0,7.0,4.0,-3.0,0.0,-1.5,80.2857,10.5143,0
lucene,org::apache::lucene::xmlparser::builders::SpanNearBuilder,4.0,5,3,1,14.0,0,19.0,2.0,3,1,19.0,16.0,6.33333,8.0,6.0,2.66667,11.0,15.0,3.66667,136.571,40.3609,0
lucene,org::apache::lucene::index::SegmentTermPositions,31.0,3,2,105,34.0,0,129.0,15.0,20,8,196.0,74.0,9.8,113.0,51.0,5.65,83.0,68.0,4.15,368.143,251.561,0
lucene,org::apache::lucene::analysis::ru::RussianStemmer,44.0,4,1,136,68.0,0,173.0,17.0,1,1,1.0,1.0,1.0,1.0,1.0,1.0,0.0,0.0,0.0,216.286,0.0,0
lucene,org::apache::lucene::benchmark::byTask::feeds::LineDocMaker,10.0,6,2,21,23.0,1,38.0,7.0,7,2,86.0,49.0,12.2857,43.0,10.0,6.14286,43.0,39.0,6.14286,63.0,24.4784,0
lucene,org::apache::lucene::index::NormsWriterPerField,8.0,5,2,10,12.0,0,32.0,5.0,1,1,1.0,1.0,1.0,1.0,1.0,1.0,0.0,0.0,0.0,11.7143,0.0,0
lucene,org::apache::lucene::queryParser::precedence::PrecedenceQueryParserTokenManager,301.0,4,1,496,167.0,0,947.0,32.0,1,1,1.0,1.0,1.0,1.0,1.0,1.0,0.0,0.0,0.0,187.286,0.0,0
lucene,org::apache::lucene::analysis::fr::FrenchAnalyzer,5.0,5,2,3,14.0,0,19.0,3.0,9,2,9.0,1.0,1.0,9.0,1.0,1.0,0.0,0.0,0.0,246.143,15.7937,0
lucene,org::apache::lucene::search::ReqOptSumScorer,12.0,4,3,15,18.0,0,41.0,6.0,2,2,7.0,6.0,3.5,6.0,5.0,3.0,1.0,1.0,0.5,193.286,80.0816,0
lucene,org::apache::lucene::ant::DocumentHandlerException,4.0,2,1,3,7.0,0,16.0,3.0,2,1,2.0,1.0,1.0,2.0,1.0,1.0,0.0,0.0,0.0,325.857,39.7857,0
lucene,org::apache::lucene::analysis::shingle::ShingleAnalyzerWrapper,6.0,2,2,15,10.0,0,23.0,6.0,2,2,47.0,46.0,23.5,44.0,43.0,22.0,3.0,3.0,1.5,27.5714,6.85106,0
lucene,org::apache::lucene::queryParser::TokenMgrError,17.0,5,1,6,26.0,0,57.0,4.0,4,3,21.0,18.0,5.25,14.0,11.0,3.5,7.0,7.0,1.75,264.857,247.061,0
lucene,org::apache::lucene::xmlparser::builders::SpanFirstBuilder,2.0,5,3,1,8.0,0,14.0,2.0,2,1,17.0,16.0,8.5,2.0,1.0,1.0,15.0,15.0,7.5,136.571,45.042,0
lucene,org::apache::lucene::search::MatchAllDocsQuery,7.0,13,2,15,15.0,0,22.0,6.0,10,6,52.0,31.0,5.2,46.0,27.0,4.6,6.0,5.0,0.6,163.429,29.2994,0
lucene,org::apache::lucene::xmlparser::ParserException,1.0,0,1,0,1.0,0,3.0,1.0,3,2,18.0,16.0,6.0,9.0,5.0,3.0,9.0,11.0,3.0,136.571,49.9444,0
lucene,org::apache::lucene::benchmark::byTask::utils::Format,5.0,7,1,6,18.0,0,21.0,4.0,4,2,127.0,114.0,31.75,116.0,114.0,29.0,11.0,10.0,2.75,90.5714,13.667,0
lucene,org::tartarus::snowball::ext::PorterStemmer,141.0,1,2,78,90.0,0,788.0,13.0,1,1,1.0,1.0,1.0,1.0,1.0,1.0,0.0,0.0,0.0,6.57143,0.0,0
lucene,org::apache::lucene::swing::models::DataStore,2.0,6,1,1,3.0,0,7.0,2.0,3,3,4.0,2.0,1.33333,7.0,3.0,2.33333,-3.0,0.0,-1.0,187.0,71.4286,0
lucene,org::apache::lucene::store::MockRAMDirectory,61.0,18,3,253,97.0,0,195.0,23.0,14,1,269.0,89.0,19.2143,38.0,16.0,2.71429,231.0,73.0,16.5,94.2857,36.2459,0
lucene,org::apache::lucene::search::HitQueue,3.0,1,2,1,3.0,0,11.0,2.0,3,3,20.0,13.0,6.66667,57.0,51.0,19.0,-37.0,1.0,-12.3333,368.143,166.193,0
lucene,org::apache::lucene::misc::IndexMergeTool,3.0,3,1,0,11.0,0,22.0,1.0,5,3,24.0,15.0,4.8,56.0,53.0,11.2,-32.0,7.0,-6.4,146.0,6.02381,0
lucene,org::apache::lucene::search::Filter,2.0,18,1,3,5.0,16,6.0,3.0,6,5,49.0,26.0,8.16667,65.0,51.0,10.8333,-16.0,21.0,-2.66667,368.143,247.601,0
lucene,org::apache::lucene::benchmark::byTask::tasks::OpenIndexTask,2.0,4,2,1,10.0,0,14.0,2.0,10,3,108.0,56.0,10.8,109.0,56.0,10.9,-1.0,6.0,-0.1,90.5714,21.6005,0
lucene,org::apache::lucene::queryParser::surround::query::TooManyBasicQueries,1.0,1,1,0,1.0,0,3.0,1.0,2,2,7.0,6.0,3.5,6.0,5.0,3.0,1.0,1.0,0.5,170.143,60.2449,0
lucene,org::apache::lucene::benchmark::byTask::tasks::CloseIndexTask,5.0,5,2,6,11.0,0,18.0,4.0,4,3,57.0,43.0,14.25,46.0,43.0,11.5,11.0,11.0,2.75,90.5714,19.8697,0
lucene,org::apache::lucene::search::highlight::Highlighter,46.0,29,1,105,86.0,0,280.0,15.0,14,7,208.0,46.0,14.8571,106.0,46.0,7.57143,102.0,41.0,7.28571,191.429,62.5446,0
lucene,org::apache::lucene::store::AlreadyClosedException,1.0,4,1,0,1.0,0,3.0,1.0,1,1,1.0,1.0,1.0,1.0,1.0,1.0,0.0,0.0,0.0,82.0,0.0,0
lucene,org::apache::lucene::index::FilterIndexReader,24.0,2,2,276,60.0,2,82.0,24.0,27,9,245.0,61.0,9.07407,164.0,50.0,6.07407,81.0,49.0,3.0,259.143,99.2315,0
lucene,org::apache::lucene::index::SegmentWriteState,2.0,4,1,1,3.0,0,13.0,2.0,0,0,0.0,0.0,0.0,0.0,0.0,0.0,0.0,0.0,0.0,0.0,0.0,0
lucene,org::apache::lucene::search::FilteredQuery,15.0,14,2,36,28.0,0,131.0,9.0,16,8,150.0,36.0,9.375,69.0,36.0,4.3125,81.0,20.0,5.0625,233.0,116.207,0
lucene,org::apache::lucene::misc::ChainedFilter,22.0,7,2,21,44.0,0,101.0,7.0,5,2,5.0,1.0,1.0,5.0,1.0,1.0,0.0,0.0,0.0,285.143,41.4286,0
lucene,org::apache::lucene::search::RemoteCachingWrapperFilterHelper,5.0,5,3,3,10.0,0,22.0,3.0,4,2,3.0,2.0,0.75,4.0,2.0,1.0,-1.0,0.0,-0.25,78.2857,28.4762,0
lucene,org::apache::lucene::search::spell::LuceneDictionary,2.0,4,1,1,4.0,0,7.0,2.0,1,1,1.0,1.0,1.0,1.0,1.0,1.0,0.0,0.0,0.0,205.143,0.0,0
lucene,org::apache::lucene::search::payloads::PayloadHelper,2.0,4,1,1,16.0,0,21.0,2.0,2,2,4.0,3.0,2.0,4.0,3.0,2.0,0.0,0.0,0.0,7.0,2.25,0
lucene,org::apache::lucene::util::ScorerDocQueue,29.0,4,1,120,33.0,0,115.0,16.0,2,1,7.0,6.0,3.5,6.0,5.0,3.0,1.0,1.0,0.5,103.0,2.69388,0
lucene,org::apache::lucene::index::StaleReaderException,1.0,1,1,0,1.0,0,3.0,1.0,1,1,1.0,1.0,1.0,1.0,1.0,1.0,0.0,0.0,0.0,85.0,0.0,0
lucene,org::apache::lucene::analysis::cn::ChineseFilter,8.0,5,3,1,10.0,0,38.0,2.0,4,2,4.0,1.0,1.0,4.0,1.0,1.0,0.0,0.0,0.0,250.143,2.67857,0
lucene,org::apache::lucene::index::TermVectorOffsetInfo,11.0,8,1,21,7.0,0,33.0,7.0,3,3,32.0,25.0,10.6667,9.0,5.0,3.0,23.0,22.0,7.66667,209.143,129.978,1
lucene,org::apache::lucene::benchmark::byTask::Benchmark,10.0,8,1,10,35.0,0,70.0,5.0,7,4,198.0,134.0,28.2857,154.0,134.0,22.0,44.0,33.0,6.28571,90.5714,10.518,0
lucene,org::apache::lucene::analysis::standard::StandardTokenizerImpl,64.0,6,1,171,40.0,0,271.0,19.0,6,2,248.0,135.0,41.3333,173.0,79.0,28.8333,75.0,56.0,12.5,61.0,38.905,0
lucene,org::apache::lucene::document::DateField,12.0,7,1,21,24.0,0,40.0,7.0,13,7,95.0,19.0,7.30769,98.0,51.0,7.53846,-3.0,13.0,-0.230769,368.143,130.263,0
lucene,org::apache::lucene::benchmark::byTask::programmatic::Sample,2.0,8,1,1,18.0,0,56.0,2.0,4,2,122.0,101.0,30.5,102.0,101.0,25.5,20.0,16.0,5.0,90.5714,10.959,0
lucene,org::apache::lucene::index::CheckIndex,79.0,17,1,36,150.0,0,427.0,9.0,14,2,699.0,298.0,49.9286,292.0,99.0,20.8571,407.0,232.0,29.0714,50.2857,33.643,1
lucene,org::apache::lucene::index::FormatPostingsTermsConsumer,3.0,4,1,1,6.0,1,8.0,2.0,0,0,0.0,0.0,0.0,0.0,0.0,0.0,0.0,0.0,0.0,0.0,0.0,0
lucene,org::apache::lucene::benchmark::byTask::tasks::ReopenReaderTask,3.0,3,2,1,8.0,0,13.0,2.0,1,1,1.0,1.0,1.0,1.0,1.0,1.0,0.0,0.0,0.0,4.14286,0.0,0
lucene,org::apache::lucene::index::SegmentTermEnum,26.0,7,2,66,44.0,0,132.0,12.0,16,7,164.0,39.0,10.25,139.0,51.0,8.6875,25.0,35.0,1.5625,368.143,174.308,0
lucene,org::apache::lucene::analysis::TokenStream,3.0,90,1,6,5.0,22,7.0,4.0,10,7,116.0,28.0,11.6,83.0,51.0,8.3,33.0,25.0,3.3,368.143,295.233,1
lucene,org::apache::lucene::analysis::nl::DutchAnalyzer,4.0,4,2,6,14.0,0,31.0,4.0,4,3,4.0,1.0,1.0,4.0,1.0,1.0,0.0,0.0,0.0,239.143,8.10714,0
lucene,org::apache::lucene::analysis::PorterStemmer,164.0,5,1,231,157.0,0,312.0,22.0,5,5,133.0,111.0,26.6,172.0,111.0,34.4,-39.0,1.0,-7.8,368.143,127.255,0
lucene,org::apache::lucene::search::PrefixTermEnum,6.0,5,3,6,12.0,0,18.0,4.0,0,0,0.0,0.0,0.0,0.0,0.0,0.0,0.0,0.0,0.0,0.0,0.0,0
lucene,org::apache::lucene::store::je::JELock,4.0,1,2,6,4.0,0,11.0,4.0,3,3,8.0,6.0,2.66667,8.0,5.0,2.66667,0.0,1.0,0.0,143.857,50.5714,0
lucene,org::apache::lucene::queryParser::precedence::ParseException,24.0,5,1,3,23.0,0,87.0,3.0,1,1,1.0,1.0,1.0,1.0,1.0,1.0,0.0,0.0,0.0,187.286,0.0,0
lucene,org::apache::lucene::search::TermQuery,10.0,80,2,21,25.0,1,30.0,7.0,19,8,206.0,82.0,10.8421,147.0,51.0,7.73684,59.0,58.0,3.10526,368.143,103.945,0
lucene,org::apache::lucene::search::spans::SpanTermQuery,13.0,27,3,45,33.0,1,36.0,10.0,11,6,80.0,17.0,7.27273,77.0,62.0,7.0,3.0,16.0,0.272727,244.714,77.3893,0
lucene,org::apache::lucene::util::English,38.0,0,1,1,45.0,0,72.0,2.0,3,2,20.0,13.0,6.66667,57.0,51.0,19.0,-37.0,1.0,-12.3333,246.857,50.9714,0
lucene,org::apache::lucene::index::FieldsWriter,27.0,10,1,45,78.0,0,185.0,10.0,18,5,439.0,80.0,24.3889,238.0,56.0,13.2222,201.0,57.0,11.1667,368.143,266.608,0
lucene,org::apache::lucene::document::DateTools,27.0,18,1,15,56.0,0,126.0,6.0,7,4,106.0,76.0,15.1429,47.0,33.0,6.71429,59.0,43.0,8.42857,213.429,87.9016,0
lucene,org::apache::lucene::analysis::ar::ArabicAnalyzer,2.0,4,2,1,7.0,0,11.0,2.0,0,0,0.0,0.0,0.0,0.0,0.0,0.0,0.0,0.0,0.0,0.0,0.0,0
lucene,org::apache::lucene::benchmark::quality::trec::TrecTopicsReader,10.0,6,1,3,22.0,0,60.0,3.0,1,1,1.0,1.0,1.0,1.0,1.0,1.0,0.0,0.0,0.0,62.7143,0.0,0
lucene,org::apache::lucene::analysis::SinkTokenizer,9.0,10,3,15,14.0,4,28.0,6.0,7,2,60.0,17.0,8.57143,12.0,4.0,1.71429,48.0,17.0,6.85714,44.8571,19.8095,0
lucene,org::apache::lucene::search::FieldDocSortedHitQueue,41.0,11,2,10,25.0,0,123.0,5.0,14,6,182.0,47.0,13.0,131.0,90.0,9.35714,51.0,38.0,3.64286,242.143,81.5392,0
lucene,org::apache::lucene::search::TermScorer,19.0,8,3,21,29.0,0,81.0,7.0,17,7,212.0,51.0,12.4706,142.0,51.0,8.35294,70.0,44.0,4.11765,368.143,124.301,0
lucene,org::apache::lucene::swing::models::TableSearcherSimulator,2.0,15,1,1,27.0,0,51.0,2.0,2,2,2.0,1.0,1.0,4.0,3.0,2.0,-2.0,0.0,-1.0,187.0,91.8571,0
lucene,org::apache::lucene::search::BooleanFilter,42.0,10,2,45,76.0,0,129.0,10.0,7,3,266.0,167.0,38.0,187.0,180.0,26.7143,79.0,39.0,11.2857,132.286,95.7089,0
lucene,org::apache::lucene::index::DocConsumerPerThread,0.0,1,1,1,2.0,1,0.0,2.0,1,1,1.0,1.0,1.0,1.0,1.0,1.0,0.0,0.0,0.0,11.7143,0.0,0
lucene,org::apache::lucene::analysis::compound::hyphenation::ByteVector,11.0,2,1,28,10.0,0,42.0,8.0,1,1,1.0,1.0,1.0,1.0,1.0,1.0,0.0,0.0,0.0,20.7143,0.0,0
lucene,org::apache::lucene::analysis::payloads::PayloadHelper,4.0,3,1,6,8.0,0,18.0,4.0,1,1,1.0,1.0,1.0,1.0,1.0,1.0,0.0,0.0,0.0,42.2857,0.0,0
lucene,org::apache::lucene::search::DisjunctionMaxQuery,26.0,6,2,45,53.0,0,81.0,10.0,9,5,284.0,257.0,31.5556,274.0,257.0,30.4444,10.0,10.0,1.11111,151.0,121.497,0
lucene,org::apache::lucene::analysis::th::ThaiAnalyzer,1.0,3,2,1,6.0,0,7.0,2.0,2,2,1.0,1.0,0.5,2.0,1.0,1.0,-1.0,0.0,-0.5,122.286,0.0,0
lucene,org::apache::lucene::store::IndexOutput,19.0,33,1,105,30.0,5,61.0,15.0,8,4,95.0,25.0,11.875,24.0,9.0,3.0,71.0,25.0,8.875,210.143,137.215,0
lucene,org::apache::lucene::queryParser::surround::query::FieldsQuery,11.0,5,2,28,40.0,0,48.0,8.0,3,3,10.0,6.0,3.33333,9.0,5.0,3.0,1.0,1.0,0.333333,170.143,91.8857,0
lucene,org::apache::lucene::queryParser::surround::query::AndQuery,2.0,3,3,1,4.0,0,7.0,2.0,2,2,7.0,6.0,3.5,6.0,5.0,3.0,1.0,1.0,0.5,170.143,60.2449,0
lucene,org::apache::lucene::analysis::ru::RussianLetterTokenizer,5.0,3,4,1,3.0,0,14.0,2.0,1,1,1.0,1.0,1.0,1.0,1.0,1.0,0.0,0.0,0.0,216.286,0.0,0
lucene,org::apache::lucene::index::MultiLevelSkipListWriter,18.0,5,1,15,19.0,1,66.0,6.0,2,1,152.0,151.0,76.0,152.0,151.0,76.0,0.0,0.0,0.0,70.8571,50.3806,0
lucene,org::apache::lucene::search::function::IntFieldSource,8.0,5,3,10,13.0,0,43.0,5.0,3,2,3.0,1.0,1.0,3.0,1.0,1.0,0.0,0.0,0.0,70.1429,12.1429,0
lucene,org::apache::lucene::index::SerialMergeScheduler,4.0,7,2,3,5.0,1,10.0,3.0,3,1,2.0,1.0,0.666667,3.0,1.0,1.0,-1.0,0.0,-0.333333,55.1429,3.64286,0
lucene,org::apache::lucene::analysis::standard::StandardFilter,11.0,12,3,1,8.0,0,32.0,2.0,7,4,56.0,19.0,8.0,92.0,51.0,13.1429,-36.0,1.0,-5.14286,368.143,262.199,0
lucene,org::apache::lucene::benchmark::byTask::tasks::SearchTask,6.0,2,3,15,8.0,1,18.0,6.0,4,3,60.0,55.0,15.0,57.0,55.0,14.25,3.0,3.0,0.75,90.5714,10.9262,0
lucene,org::apache::lucene::util::SmallFloat,18.0,3,1,15,12.0,0,62.0,6.0,4,3,127.0,125.0,31.75,128.0,125.0,32.0,-1.0,0.0,-0.25,150.571,128.382,0
lucene,org::apache::lucene::store::je::JEIndexOutput,16.0,4,2,28,34.0,0,83.0,8.0,4,4,9.0,6.0,2.25,10.0,5.0,2.5,-1.0,1.0,-0.25,143.857,51.8413,0
lucene,org::apache::lucene::analysis::LowerCaseFilter,4.0,14,3,1,6.0,0,17.0,2.0,7,5,45.0,13.0,6.42857,73.0,51.0,10.4286,-28.0,5.0,-4.0,368.143,210.289,0
lucene,org::apache::lucene::queryParser::surround::query::ExceptionQueryTst,7.0,6,1,3,14.0,0,34.0,3.0,2,2,21.0,18.0,10.5,3.0,3.0,1.5,18.0,18.0,9.0,151.143,69.9184,0
lucene,org::apache::lucene::demo::html::Token,2.0,2,1,3,4.0,0,9.0,3.0,1,1,1.0,1.0,1.0,1.0,1.0,1.0,0.0,0.0,0.0,264.857,0.0,0
lucene,org::apache::lucene::store::db::DbIndexInput,16.0,6,2,28,34.0,0,92.0,8.0,2,1,2.0,1.0,1.0,2.0,1.0,1.0,0.0,0.0,0.0,179.286,15.2143,0
lucene,org::apache::lucene::benchmark::byTask::feeds::DocData,11.0,5,1,55,11.0,0,37.0,11.0,1,1,1.0,1.0,1.0,1.0,1.0,1.0,0.0,0.0,0.0,80.2857,0.0,0
lucene,org::apache::lucene::search::spans::SpanNearQuery,33.0,24,3,78,65.0,0,113.0,13.0,11,7,107.0,23.0,9.72727,23.0,5.0,2.09091,84.0,23.0,7.63636,244.714,88.3137,0
lucene,org::apache::lucene::queryParser::surround::parser::Token,2.0,2,1,3,4.0,0,9.0,3.0,1,1,1.0,1.0,1.0,1.0,1.0,1.0,0.0,0.0,0.0,170.143,0.0,0
lucene,org::apache::lucene::benchmark::byTask::tasks::PerfTask,31.0,43,1,210,54.0,20,93.0,21.0,6,4,284.0,230.0,47.3333,251.0,230.0,41.8333,33.0,20.0,5.5,90.5714,14.1177,0
lucene,org::apache::lucene::benchmark::byTask::feeds::BasicDocMaker,55.0,17,1,136,115.0,5,177.0,17.0,10,4,422.0,309.0,42.2,368.0,309.0,36.8,54.0,19.0,5.4,86.2857,8.87339,0
lucene,org::apache::lucene::search::regex::JavaUtilRegexCapabilities,11.0,3,1,10,12.0,0,22.0,5.0,4,2,45.0,23.0,11.25,6.0,5.0,1.5,39.0,23.0,9.75,145.0,10.4,0
lucene,org::apache::lucene::search::SimilarityDelegator,9.0,3,2,36,17.0,0,27.0,9.0,5,5,12.0,6.0,2.4,8.0,5.0,1.6,4.0,3.0,0.8,187.286,82.5595,0
lucene,org::apache::lucene::search::FuzzyQuery,21.0,16,3,36,44.0,0,88.0,9.0,17,8,237.0,75.0,13.9412,107.0,51.0,6.29412,130.0,68.0,7.64706,368.143,170.596,0
lucene,org::apache::lucene::xmlparser::builders::BoostingQueryBuilder,2.0,5,1,1,8.0,0,20.0,2.0,3,1,28.0,16.0,9.33333,29.0,27.0,9.66667,-1.0,15.0,-0.333333,136.571,27.5714,0
lucene,org::apache::lucene::search::SpanFilter,0.0,1,2,0,1.0,2,0.0,1.0,2,2,2.0,1.0,1.0,2.0,1.0,1.0,0.0,0.0,0.0,64.0,14.2143,0
lucene,org::apache::lucene::store::instantiated::InstantiatedTermPositionVector,3.0,3,2,3,9.0,0,9.0,3.0,1,1,1.0,1.0,1.0,1.0,1.0,1.0,0.0,0.0,0.0,29.8571,0.0,0
lucene,org::apache::lucene::store::MockRAMOutputStream,15.0,3,3,10,19.0,0,61.0,5.0,7,2,28.0,10.0,4.0,10.0,3.0,1.42857,18.0,7.0,2.57143,94.2857,34.0,0
lucene,org::apache::lucene::benchmark::byTask::tasks::ResetSystemSoftTask,2.0,2,3,1,4.0,1,7.0,2.0,4,3,52.0,49.0,13.0,60.0,49.0,15.0,-8.0,0.0,-2.0,90.5714,11.5,0
lucene,org::apache::lucene::index::IndexCommit,11.0,19,1,66,28.0,3,31.0,12.0,7,1,35.0,13.0,5.0,4.0,2.0,0.571429,31.0,13.0,4.42857,30.8571,17.4653,0
lucene,org::apache::lucene::analysis::compound::hyphenation::Hyphenation,3.0,2,1,3,3.0,0,9.0,3.0,1,1,1.0,1.0,1.0,1.0,1.0,1.0,0.0,0.0,0.0,20.7143,0.0,0
lucene,org::apache::lucene::search::similar::SimilarityQueries,6.0,5,1,1,14.0,0,28.0,2.0,1,1,1.0,1.0,1.0,1.0,1.0,1.0,0.0,0.0,0.0,194.286,0.0,0
lucene,org::apache::lucene::analysis::SimpleAnalyzer,3.0,47,2,3,8.0,0,12.0,3.0,5,4,32.0,13.0,6.4,58.0,51.0,11.6,-26.0,11.0,-5.2,368.143,211.545,0
lucene,org::apache::lucene::benchmark::byTask::feeds::DirDocMaker,11.0,9,2,10,41.0,0,66.0,5.0,4,3,24.0,15.0,6.0,11.0,5.0,2.75,13.0,10.0,3.25,66.4286,11.1429,0
lucene,org::apache::lucene::search::regex::SpanRegexQuery,18.0,15,3,66,41.0,0,73.0,12.0,4,2,4.0,1.0,1.0,4.0,1.0,1.0,0.0,0.0,0.0,151.571,3.39286,0
lucene,org::apache::lucene::benchmark::byTask::feeds::SimpleQueryMaker,1.0,3,2,0,14.0,1,24.0,1.0,5,4,73.0,63.0,14.6,118.0,63.0,23.6,-45.0,0.0,-9.0,90.5714,11.6536,0
lucene,org::apache::lucene::index::TermVectorsTermsWriterPerField,31.0,10,2,36,43.0,0,186.0,9.0,2,1,5.0,4.0,2.5,1.0,1.0,0.5,4.0,4.0,2.0,11.7143,2.05714,0
lucene,org::apache::lucene::benchmark::byTask::tasks::CommitIndexTask,3.0,2,2,1,5.0,0,11.0,2.0,1,1,1.0,1.0,1.0,1.0,1.0,1.0,0.0,0.0,0.0,4.14286,0.0,0
lucene,org::apache::lucene::benchmark::byTask::tasks::SearchTravRetHighlightTask,18.0,8,4,28,41.0,1,55.0,8.0,1,1,1.0,1.0,1.0,1.0,1.0,1.0,0.0,0.0,0.0,36.8571,0.0,0
lucene,org::apache::lucene::search::highlight::QueryScorer,11.0,3,1,15,18.0,0,45.0,6.0,1,1,1.0,1.0,1.0,1.0,1.0,1.0,0.0,0.0,0.0,234.714,0.0,0
lucene,org::apache::lucene::queryParser::FastCharStream,19.0,3,1,91,24.0,0,75.0,14.0,4,4,22.0,13.0,5.5,59.0,51.0,14.75,-37.0,1.0,-9.25,361.857,150.474,0
lucene,org::apache::lucene::benchmark::standard::StandardOptions,8.0,1,1,28,8.0,0,24.0,8.0,5,3,3.0,1.0,0.6,11.0,6.0,2.2,-8.0,0.0,-1.6,99.0,19.619,0
lucene,org::apache::lucene::search::function::FieldCacheSource,7.0,5,2,28,13.0,4,23.0,8.0,3,2,3.0,1.0,1.0,7.0,4.0,2.33333,-4.0,0.0,-1.33333,70.1429,28.9048,0
lucene,org::apache::lucene::search::CachingWrapperFilter,11.0,6,2,15,16.0,2,54.0,6.0,11,6,69.0,25.0,6.27273,69.0,51.0,6.27273,0.0,25.0,0.0,264.143,136.253,1
lucene,org::apache::lucene::search::RangeQuery,54.0,12,3,105,49.0,1,85.0,15.0,25,10,319.0,104.0,12.76,288.0,92.0,11.52,31.0,75.0,1.24,367.143,202.125,1
lucene,org::apache::lucene::analysis::sinks::TokenRangeSinkTokenizer,5.0,1,4,3,4.0,0,14.0,3.0,1,1,1.0,1.0,1.0,1.0,1.0,1.0,0.0,0.0,0.0,43.7143,0.0,0
lucene,org::apache::lucene::index::CompoundFileWriter,22.0,11,1,15,52.0,0,147.0,6.0,15,7,192.0,117.0,12.8,146.0,60.0,9.73333,46.0,57.0,3.06667,262.857,46.6734,0
lucene,org::apache::lucene::benchmark::standard::StandardBenchmarker,58.0,26,2,45,165.0,0,319.0,10.0,8,4,17.0,6.0,2.125,24.0,15.0,3.0,-7.0,2.0,-0.875,99.0,40.521,0
lucene,org::apache::lucene::queryParser::surround::query::SrndBooleanQuery,4.0,4,1,1,12.0,0,13.0,2.0,2,2,7.0,6.0,3.5,6.0,5.0,3.0,1.0,1.0,0.5,170.143,60.2449,0
lucene,org::apache::lucene::analysis::snowball::SnowballFilter,4.0,8,3,1,13.0,0,23.0,2.0,7,2,7.0,1.0,1.0,7.0,1.0,1.0,0.0,0.0,0.0,302.714,31.3061,0
lucene,org::apache::lucene::index::FieldInfo,10.0,1,1,3,4.0,0,38.0,3.0,10,6,100.0,43.0,10.0,65.0,51.0,6.5,35.0,43.0,3.5,368.143,283.449,1
lucene,org::apache::lucene::search::Hits,32.0,39,1,55,42.0,0,141.0,11.0,22,10,403.0,136.0,18.3182,315.0,125.0,14.3182,88.0,56.0,4.0,368.143,160.563,0
lucene,org::apache::lucene::search::spell::JaroWinklerDistance,19.0,2,1,10,25.0,0,73.0,5.0,1,1,1.0,1.0,1.0,1.0,1.0,1.0,0.0,0.0,0.0,16.0,0.0,0
lucene,org::apache::lucene::search::FieldSortedHitQueue,33.0,10,2,153,73.0,0,265.0,18.0,29,10,799.0,257.0,27.5517,503.0,286.0,17.3448,296.0,96.0,10.2069,244.714,59.3216,0
lucene,org::apache::lucene::util::cache::SimpleLRUCache,1.0,3,3,0,3.0,0,11.0,1.0,1,1,1.0,1.0,1.0,1.0,1.0,1.0,0.0,0.0,0.0,19.7143,0.0,0
lucene,org::apache::lucene::search::RangeTermEnum,26.0,6,3,6,15.0,0,75.0,4.0,0,0,0.0,0.0,0.0,0.0,0.0,0.0,0.0,0.0,0.0,0.0,0.0,1
lucene,org::apache::lucene::analysis::StopFilter,10.0,21,3,21,17.0,0,36.0,7.0,21,7,320.0,75.0,15.2381,246.0,51.0,11.7143,74.0,59.0,3.52381,368.143,224.254,0
lucene,org::apache::lucene::index::PositionBasedTermVectorMapper,10.0,2,2,10,14.0,0,35.0,5.0,2,2,2.0,1.0,1.0,2.0,1.0,1.0,0.0,0.0,0.0,60.0,2.42857,0
lucene,org::apache::lucene::store::ChecksumIndexOutput,11.0,4,2,55,29.0,0,45.0,11.0,2,1,25.0,24.0,12.5,1.0,1.0,0.5,24.0,24.0,12.0,34.2857,11.6571,0
lucene,org::apache::lucene::misc::LengthNormModifier,15.0,12,1,3,42.0,0,77.0,3.0,6,4,132.0,123.0,22.0,136.0,123.0,22.6667,-4.0,0.0,-0.666667,123.857,28.4307,0
lucene,org::apache::lucene::benchmark::byTask::tasks::OptimizeTask,4.0,3,2,6,10.0,0,16.0,4.0,4,3,52.0,39.0,13.0,42.0,39.0,10.5,10.0,10.0,2.5,90.5714,19.8901,0
lucene,org::apache::lucene::xmlparser::QueryTemplateManager,10.0,14,1,21,36.0,0,50.0,7.0,4,2,130.0,112.0,32.5,21.0,17.0,5.25,109.0,95.0,27.25,88.8571,1.90659,0
lucene,org::apache::lucene::demo::FileDocument,2.0,6,1,1,10.0,0,26.0,2.0,9,5,47.0,13.0,5.22222,87.0,51.0,9.66667,-40.0,1.0,-4.44444,349.571,149.696,0
lucene,org::tartarus::snowball::ext::German2Stemmer,116.0,1,2,28,63.0,0,644.0,8.0,1,1,1.0,1.0,1.0,1.0,1.0,1.0,0.0,0.0,0.0,6.57143,0.0,0
lucene,org::apache::lucene::index::DocHelper,5.0,10,1,6,15.0,0,21.0,4.0,15,7,231.0,71.0,15.4,143.0,34.0,9.53333,88.0,65.0,5.86667,241.714,111.39,0
lucene,org::apache::lucene::search::TopDocCollector,9.0,5,2,6,10.0,1,32.0,4.0,7,6,38.0,17.0,5.42857,24.0,7.0,3.42857,14.0,13.0,2.0,144.286,107.947,0
lucene,org::apache::lucene::index::MultiSegmentReader,75.0,14,3,435,124.0,1,300.0,30.0,7,3,692.0,475.0,98.8571,514.0,475.0,73.4286,178.0,133.0,25.4286,62.8571,11.8214,1
lucene,org::apache::lucene::search::QueryWrapperFilter,7.0,10,2,15,16.0,0,32.0,6.0,3,2,16.0,15.0,5.33333,1.0,1.0,0.333333,15.0,15.0,5.0,78.1429,39.9107,0
lucene,org::apache::lucene::search::function::DocValues,12.0,12,1,78,28.0,1,52.0,13.0,3,2,15.0,13.0,5.0,21.0,19.0,7.0,-6.0,0.0,-2.0,70.1429,24.1429,0
lucene,org::apache::lucene::index::DocFieldConsumerPerThread,0.0,3,1,6,4.0,3,0.0,4.0,1,1,1.0,1.0,1.0,1.0,1.0,1.0,0.0,0.0,0.0,11.7143,0.0,0
lucene,org::apache::lucene::analysis::KeywordTokenizer,7.0,2,3,3,11.0,0,30.0,3.0,4,2,21.0,11.0,5.25,10.0,8.0,2.5,11.0,8.0,2.75,190.714,5.98639,0
lucene,org::apache::lucene::queryParser::precedence::TokenMgrError,17.0,5,1,6,26.0,0,57.0,4.0,1,1,1.0,1.0,1.0,1.0,1.0,1.0,0.0,0.0,0.0,187.286,0.0,0
lucene,org::apache::lucene::analysis::ngram::EdgeNGramTokenizer,6.0,4,3,1,10.0,0,34.0,2.0,6,3,107.0,84.0,17.8333,54.0,36.0,9.0,53.0,48.0,8.83333,93.7143,19.0921,0
lucene,org::apache::lucene::search::similar::MoreLikeThisQuery,20.0,4,2,171,31.0,0,74.0,19.0,6,4,44.0,17.0,7.33333,3.0,1.0,0.5,41.0,17.0,6.83333,136.571,53.5227,0
lucene,org::apache::lucene::search::highlight::SimpleHTMLFormatter,3.0,8,1,1,6.0,0,16.0,2.0,2,2,2.0,1.0,1.0,2.0,1.0,1.0,0.0,0.0,0.0,234.714,7.71429,0
lucene,org::apache::lucene::index::FormatPostingsFieldsWriter,3.0,6,2,3,11.0,0,35.0,3.0,0,0,0.0,0.0,0.0,0.0,0.0,0.0,0.0,0.0,0.0,0.0,0.0,0
lucene,org::apache::lucene::store::NoLockFactory,3.0,3,2,6,4.0,0,7.0,4.0,3,2,8.0,6.0,2.66667,7.0,5.0,2.33333,1.0,1.0,0.333333,110.143,10.1607,0
lucene,org::apache::lucene::search::FilterClause,3.0,3,1,3,3.0,0,10.0,3.0,3,3,18.0,17.0,6.0,2.0,1.0,0.666667,16.0,17.0,5.33333,132.286,59.2302,0
lucene,org::apache::lucene::xmlparser::webdemo::FormBasedXmlQueryDemo,10.0,15,1,3,50.0,0,92.0,3.0,0,0,0.0,0.0,0.0,0.0,0.0,0.0,0.0,0.0,0.0,0.0,0.0,0
lucene,org::apache::lucene::index::InvertedDocEndConsumerPerField,0.0,1,1,1,2.0,1,0.0,2.0,1,1,1.0,1.0,1.0,1.0,1.0,1.0,0.0,0.0,0.0,11.7143,0.0,0
lucene,org::tartarus::snowball::ext::RomanianStemmer,140.0,1,2,78,77.0,0,747.0,13.0,1,1,1.0,1.0,1.0,1.0,1.0,1.0,0.0,0.0,0.0,6.57143,0.0,0
lucene,org::apache::lucene::store::je::File,24.0,12,1,45,72.0,0,168.0,10.0,4,3,14.0,6.0,3.5,10.0,5.0,2.5,4.0,4.0,1.0,143.857,34.9592,0
lucene,org::apache::lucene::benchmark::byTask::tasks::DeleteDocTask,12.0,4,2,21,22.0,0,37.0,7.0,4,3,110.0,82.0,27.5,89.0,82.0,22.25,21.0,21.0,5.25,90.5714,11.0143,0
lucene,org::apache::lucene::search::Scorer,2.0,25,2,6,4.0,16,6.0,4.0,14,8,183.0,46.0,13.0714,152.0,54.0,10.8571,31.0,34.0,2.21429,368.143,183.101,0
lucene,org::apache::lucene::analysis::nl::DutchStemmer,102.0,4,1,153,143.0,0,289.0,18.0,5,3,5.0,1.0,1.0,5.0,1.0,1.0,0.0,0.0,0.0,239.143,9.37143,0
lucene,org::apache::lucene::search::function::ValueSourceQuery,9.0,9,2,21,20.0,1,26.0,7.0,3,2,5.0,3.0,1.66667,7.0,3.0,2.33333,-2.0,0.0,-0.666667,70.1429,24.2571,1
lucene,org::apache::lucene::store::db::SanityLoadLibrary,1.0,0,1,0,3.0,0,5.0,1.0,1,1,1.0,1.0,1.0,1.0,1.0,1.0,0.0,0.0,0.0,71.0,0.0,0
lucene,org::apache::lucene::benchmark::byTask::tasks::NewAnalyzerTask,10.0,6,2,6,22.0,0,37.0,4.0,1,1,1.0,1.0,1.0,1.0,1.0,1.0,0.0,0.0,0.0,59.5714,0.0,0
lucene,org::tartarus::snowball::ext::GermanStemmer,109.0,1,2,28,60.0,0,615.0,8.0,1,1,1.0,1.0,1.0,1.0,1.0,1.0,0.0,0.0,0.0,6.57143,0.0,0
lucene,org::apache::lucene::util::Constants,1.0,0,1,0,1.0,0,1.0,1.0,7,5,27.0,13.0,3.85714,64.0,51.0,9.14286,-37.0,5.0,-5.28571,365.0,168.355,0
lucene,org::apache::lucene::queryParser::surround::query::SrndTermQuery,8.0,7,3,10,19.0,0,25.0,5.0,3,3,9.0,6.0,3.0,12.0,6.0,4.0,-3.0,1.0,-1.0,170.143,51.0794,0
lucene,org::apache::lucene::queryParser::surround::query::SrndTruncQuery,19.0,10,3,21,40.0,0,63.0,7.0,2,2,7.0,6.0,3.5,6.0,5.0,3.0,1.0,1.0,0.5,170.143,60.2449,0
lucene,org::apache::lucene::search::spans::NearSpansUnordered,51.0,7,2,120,80.0,0,151.0,16.0,4,4,67.0,51.0,16.75,27.0,12.0,6.75,40.0,39.0,10.0,101.714,85.6567,0
lucene,org::apache::lucene::xmlparser::builders::BooleanFilterBuilder,4.0,9,1,1,13.0,0,23.0,2.0,4,2,30.0,16.0,7.5,11.0,6.0,2.75,19.0,15.0,4.75,132.286,36.9667,0
lucene,org::apache::lucene::benchmark::quality::utils::SimpleQQParser,3.0,4,1,1,8.0,0,12.0,2.0,1,1,1.0,1.0,1.0,1.0,1.0,1.0,0.0,0.0,0.0,62.7143,0.0,0
lucene,org::apache::lucene::index::SnapshotDeletionPolicy,9.0,5,1,15,22.0,0,31.0,6.0,6,1,39.0,16.0,6.5,18.0,8.0,3.0,21.0,8.0,3.5,44.1429,15.4872,0
lucene,org::apache::lucene::analysis::cz::CzechAnalyzer,6.0,5,2,3,15.0,0,35.0,3.0,7,3,7.0,1.0,1.0,7.0,1.0,1.0,0.0,0.0,0.0,250.143,19.3878,0
lucene,org::apache::lucene::index::ByteSliceWriter,10.0,2,1,15,10.0,0,45.0,6.0,1,1,1.0,1.0,1.0,1.0,1.0,1.0,0.0,0.0,0.0,20.5714,0.0,0
lucene,org::apache::lucene::analysis::fr::FrenchStemmer,128.0,4,1,210,174.0,0,482.0,21.0,3,2,3.0,1.0,1.0,3.0,1.0,1.0,0.0,0.0,0.0,246.143,10.0952,0
lucene,org::apache::lucene::benchmark::byTask::feeds::AbstractQueryMaker,7.0,4,1,15,15.0,3,26.0,6.0,1,1,1.0,1.0,1.0,1.0,1.0,1.0,0.0,0.0,0.0,81.0,0.0,0
lucene,org::apache::lucene::search::FilteredTermEnum,14.0,9,2,36,18.0,5,38.0,9.0,10,7,27.0,13.0,2.7,65.0,51.0,6.5,-38.0,1.0,-3.8,368.143,162.794,0
lucene,org::apache::lucene::analysis::payloads::NumericPayloadTokenFilter,4.0,4,3,1,8.0,0,14.0,2.0,3,2,9.0,6.0,3.0,42.0,36.0,14.0,-33.0,1.0,-11.0,43.7143,24.7937,0
lucene,org::apache::lucene::analysis::compound::hyphenation::PatternParser,64.0,14,1,210,160.0,0,268.0,21.0,2,2,2.0,1.0,1.0,3.0,2.0,1.5,-1.0,0.0,-0.5,20.7143,10.1429,0
lucene,org::apache::lucene::analysis::fr::FrenchStemFilter,10.0,5,3,6,12.0,0,29.0,4.0,5,1,5.0,1.0,1.0,5.0,1.0,1.0,0.0,0.0,0.0,246.143,13.7714,0
lucene,org::apache::lucene::search::spans::SpanQuery,2.0,12,2,10,6.0,6,6.0,5.0,6,5,50.0,21.0,8.33333,14.0,6.0,2.33333,36.0,16.0,6.0,244.714,129.906,0
lucene,org::apache::lucene::search::function::OrdFieldSource,6.0,4,2,10,10.0,0,36.0,5.0,3,2,3.0,1.0,1.0,4.0,2.0,1.33333,-1.0,0.0,-0.333333,70.1429,31.3333,0
lucene,org::tartarus::snowball::ext::DutchStemmer,130.0,1,2,55,85.0,0,753.0,11.0,1,1,1.0,1.0,1.0,1.0,1.0,1.0,0.0,0.0,0.0,6.57143,0.0,0
lucene,org::apache::lucene::index::memory::PatternAnalyzer,33.0,7,2,28,36.0,0,88.0,8.0,12,7,430.0,387.0,35.8333,407.0,387.0,33.9167,23.0,17.0,1.91667,179.286,59.8618,0
lucene,org::apache::lucene::search::function::FieldScoreQuery,6.0,2,3,1,8.0,0,18.0,2.0,2,2,2.0,1.0,1.0,2.0,1.0,1.0,0.0,0.0,0.0,70.1429,30.8571,0
lucene,org::apache::lucene::analysis::compound::CompoundWordTokenFilterBase,14.0,6,3,28,36.0,2,74.0,8.0,2,2,9.0,8.0,4.5,10.0,9.0,5.0,-1.0,0.0,-0.5,20.7143,12.1905,0
lucene,org::apache::lucene::swing::models::ListSearcher,21.0,15,1,66,67.0,0,137.0,12.0,6,5,10.0,4.0,1.66667,9.0,3.0,1.5,1.0,1.0,0.166667,187.0,86.2571,0
lucene,org::apache::lucene::index::DocConsumer,0.0,2,1,10,5.0,1,0.0,5.0,1,1,1.0,1.0,1.0,1.0,1.0,1.0,0.0,0.0,0.0,11.7143,0.0,0
lucene,org::apache::lucene::analysis::standard::StandardTokenizer,13.0,3,3,28,24.0,0,62.0,8.0,13,6,265.0,64.0,20.3846,250.0,185.0,19.2308,15.0,58.0,1.15385,264.857,202.889,1
lucene,org::apache::lucene::xmlparser::builders::SpanOrTermsBuilder,3.0,9,3,1,19.0,0,26.0,2.0,4,2,22.0,16.0,5.5,14.0,7.0,3.5,8.0,15.0,2.0,136.571,52.526,0
lucene,org::apache::lucene::analysis::cn::ChineseTokenizer,14.0,3,3,6,15.0,0,66.0,4.0,4,2,4.0,1.0,1.0,4.0,1.0,1.0,0.0,0.0,0.0,250.143,4.53571,0
lucene,org::apache::lucene::wikipedia::analysis::WikipediaTokenizer,26.0,5,3,28,74.0,0,122.0,8.0,7,2,197.0,123.0,28.1429,32.0,21.0,4.57143,165.0,115.0,23.5714,39.7143,7.70631,0
lucene,org::apache::lucene::store::instantiated::InstantiatedTermDocs,20.0,6,1,28,31.0,1,63.0,8.0,2,2,1.0,1.0,0.5,6.0,5.0,3.0,-5.0,0.0,-2.5,29.8571,0.0,0
lucene,org::apache::lucene::index::DocFieldProcessorPerThread,41.0,9,2,21,52.0,0,238.0,7.0,2,1,3.0,2.0,1.5,3.0,2.0,1.5,0.0,0.0,0.0,11.7143,1.71429,0
lucene,org::apache::lucene::xmlparser::builders::UserInputQueryBuilder,4.0,5,1,3,13.0,0,32.0,3.0,5,2,61.0,30.0,12.2,11.0,4.0,2.2,50.0,26.0,10.0,136.571,91.6066,0
lucene,org::apache::lucene::analysis::ru::RussianStemFilter,7.0,5,3,3,9.0,0,22.0,3.0,5,2,5.0,1.0,1.0,5.0,1.0,1.0,0.0,0.0,0.0,316.286,24.7429,0
lucene,org::apache::lucene::analysis::shingle::ShingleFilter,32.0,4,3,28,66.0,0,141.0,8.0,3,3,43.0,38.0,14.3333,30.0,25.0,10.0,13.0,13.0,4.33333,27.5714,18.8306,0
lucene,org::apache::lucene::index::DocFieldConsumer,1.0,4,1,15,6.0,3,3.0,6.0,1,1,1.0,1.0,1.0,1.0,1.0,1.0,0.0,0.0,0.0,11.7143,0.0,0
lucene,org::apache::lucene::analysis::compound::hyphenation::CharVector,13.0,4,1,45,14.0,0,50.0,10.0,1,1,1.0,1.0,1.0,1.0,1.0,1.0,0.0,0.0,0.0,20.7143,0.0,0
lucene,org::apache::lucene::search::FilterManager,7.0,7,1,10,19.0,0,35.0,5.0,3,2,1.0,1.0,0.333333,2.0,1.0,0.666667,-1.0,0.0,-0.333333,78.2857,0.0,1
lucene,org::apache::lucene::search::PhraseQuery,28.0,28,2,55,54.0,0,90.0,11.0,27,9,352.0,113.0,13.037,216.0,51.0,8.0,136.0,68.0,5.03704,368.143,127.543,0
lucene,org::apache::lucene::index::TermsHashConsumer,1.0,2,1,21,7.0,2,3.0,7.0,2,1,1.0,1.0,0.5,3.0,2.0,1.5,-2.0,0.0,-1.0,11.7143,0.0,0
lucene,org::apache::lucene::queryParser::surround::query::BooleanQueryTst,4.0,7,1,3,12.0,0,32.0,3.0,2,2,20.0,18.0,10.0,2.0,2.0,1.0,18.0,18.0,9.0,151.143,73.4143,0
lucene,org::apache::lucene::index::KeepOnlyLastCommitDeletionPolicy,3.0,8,1,3,7.0,0,12.0,3.0,2,1,2.0,1.0,1.0,2.0,1.0,1.0,0.0,0.0,0.0,82.1429,25.6429,0
lucene,org::apache::lucene::search::BooleanScorer,28.0,9,3,36,27.0,0,85.0,9.0,17,6,247.0,66.0,14.5294,179.0,51.0,10.5294,68.0,40.0,4.0,368.143,142.315,0
lucene,org::apache::lucene::search::FieldCacheImpl,8.0,2,1,28,21.0,1,24.0,8.0,21,9,481.0,121.0,22.9048,349.0,122.0,16.619,132.0,90.0,6.28571,229.0,117.646,1
lucene,org::apache::lucene::store::instantiated::InstantiatedTermFreqVector,17.0,6,1,36,27.0,1,60.0,9.0,1,1,1.0,1.0,1.0,1.0,1.0,1.0,0.0,0.0,0.0,29.8571,0.0,0
lucene,org::apache::lucene::index::DocFieldConsumerPerField,0.0,3,1,1,2.0,3,0.0,2.0,1,1,1.0,1.0,1.0,1.0,1.0,1.0,0.0,0.0,0.0,11.7143,0.0,0
lucene,org::apache::lucene::benchmark::byTask::tasks::RepSumByPrefTask,9.0,8,3,10,33.0,2,45.0,5.0,3,2,125.0,90.0,41.6667,93.0,90.0,31.0,32.0,32.0,10.6667,90.5714,10.7291,0
lucene,org::apache::lucene::index::FormatPostingsPositionsWriter,11.0,6,2,10,15.0,0,45.0,5.0,0,0,0.0,0.0,0.0,0.0,0.0,0.0,0.0,0.0,0.0,0.0,0.0,0
lucene,org::apache::lucene::index::FieldsReader,60.0,17,1,120,119.0,0,332.0,16.0,43,10,1011.0,273.0,23.5116,491.0,73.0,11.4186,520.0,200.0,12.093,368.143,243.808,1
lucene,org::apache::lucene::store::GCJDirectory,2.0,3,3,0,7.0,0,9.0,1.0,4,3,14.0,7.0,3.5,8.0,5.0,2.0,6.0,6.0,1.5,211.286,49.398,0
lucene,org::apache::lucene::search::spell::SuggestWord,5.0,2,1,1,2.0,0,19.0,2.0,1,1,1.0,1.0,1.0,1.0,1.0,1.0,0.0,0.0,0.0,205.143,0.0,0
lucene,org::apache::lucene::xmlparser::builders::SpanTermBuilder,1.0,4,3,1,8.0,0,9.0,2.0,3,1,23.0,16.0,7.66667,15.0,13.0,5.0,8.0,15.0,2.66667,136.571,33.441,0
lucene,org::apache::lucene::benchmark::byTask::utils::Algorithm,44.0,14,1,6,92.0,0,204.0,4.0,6,3,307.0,258.0,51.1667,269.0,258.0,44.8333,38.0,25.0,6.33333,90.5714,13.3076,0
lucene,org::apache::lucene::search::CachingWrapperFilterHelper,9.0,5,3,10,12.0,0,38.0,5.0,3,2,4.0,3.0,1.33333,4.0,3.0,1.33333,0.0,0.0,0.0,78.2857,32.0357,0
lucene,org::tartarus::snowball::ext::RussianStemmer,98.0,1,2,66,59.0,0,540.0,12.0,1,1,1.0,1.0,1.0,1.0,1.0,1.0,0.0,0.0,0.0,6.57143,0.0,0
lucene,org::apache::lucene::store::db::Block,6.0,4,1,15,20.0,0,47.0,6.0,3,1,3.0,1.0,1.0,3.0,1.0,1.0,0.0,0.0,0.0,247.0,24.2381,0
lucene,org::apache::lucene::search::HitCollector,0.0,18,1,1,2.0,12,0.0,2.0,9,6,44.0,13.0,4.88889,68.0,51.0,7.55556,-24.0,6.0,-2.66667,368.143,125.64,0
lucene,org::apache::lucene::index::TermVectorMapper,4.0,4,1,15,6.0,6,12.0,6.0,2,1,14.0,13.0,7.0,1.0,1.0,0.5,13.0,13.0,6.5,63.2857,13.6633,0
lucene,org::apache::lucene::util::OpenBitSet,82.0,11,2,861,88.0,1,335.0,42.0,4,3,6.0,3.0,1.5,6.0,3.0,1.5,0.0,0.0,0.0,35.5714,25.381,0
lucene,org::apache::lucene::benchmark::byTask::tasks::ReadTokensTask,13.0,11,2,10,37.0,0,66.0,5.0,2,1,4.0,3.0,2.0,4.0,3.0,2.0,0.0,0.0,0.0,62.0,0.964286,0
lucene,org::apache::lucene::store::je::Block,6.0,4,1,15,20.0,0,45.0,6.0,3,3,8.0,6.0,2.66667,8.0,5.0,2.66667,0.0,1.0,0.0,143.857,50.5714,0
lucene,org::apache::lucene::util::StringHelper,9.0,3,1,3,5.0,0,20.0,3.0,4,4,47.0,24.0,11.75,13.0,6.0,3.25,34.0,18.0,8.5,241.714,93.3435,0
lucene,org::apache::lucene::swing::models::ListSearcherSimulator,2.0,16,1,1,27.0,0,53.0,2.0,3,3,11.0,9.0,3.66667,9.0,5.0,3.0,2.0,4.0,0.666667,187.0,58.4286,0
lucene,org::apache::lucene::demo::html::Tags,0.0,0,1,0,0.0,0,0.0,0.0,5,4,40.0,15.0,8.0,65.0,50.0,13.0,-25.0,12.0,-5.0,254.429,30.4929,0
lucene,org::apache::lucene::benchmark::byTask::tasks::SetPropTask,6.0,5,2,6,14.0,0,19.0,4.0,3,2,67.0,57.0,22.3333,59.0,57.0,19.6667,8.0,8.0,2.66667,90.5714,10.887,0
lucene,org::apache::lucene::store::LockVerifyServer,9.0,5,1,1,25.0,0,57.0,2.0,2,2,1.0,1.0,0.5,3.0,2.0,1.5,-2.0,0.0,-1.0,53.0,0.0,0
lucene,org::apache::lucene::analysis::payloads::TokenOffsetPayloadTokenFilter,3.0,4,3,1,8.0,0,15.0,2.0,2,2,21.0,13.0,10.5,53.0,46.0,26.5,-32.0,1.0,-16.0,42.2857,13.4422,0
lucene,org::apache::lucene::search::spans::SpanScorer,15.0,7,3,21,31.0,1,57.0,7.0,8,5,66.0,23.0,8.25,48.0,22.0,6.0,18.0,16.0,2.25,244.714,106.316,0
lucene,org::apache::lucene::index::MultiLevelSkipListReader,31.0,6,1,45,33.0,1,140.0,10.0,3,1,277.0,273.0,92.3333,275.0,273.0,91.6667,2.0,2.0,0.666667,70.8571,50.0469,0
lucene,org::apache::lucene::index::DocumentsWriterThreadState,2.0,3,1,1,4.0,0,13.0,2.0,5,1,36.0,19.0,7.2,705.0,688.0,141.0,-669.0,6.0,-133.8,30.0,8.69048,1
lucene,org::apache::lucene::document::LoadFirstFieldSelector,1.0,1,2,1,2.0,0,3.0,2.0,3,2,42.0,28.0,14.0,35.0,28.0,11.6667,7.0,7.0,2.33333,121.571,67.619,0
lucene,org::apache::lucene::search::PrefixFilter,5.0,6,2,10,14.0,0,18.0,5.0,5,3,36.0,18.0,7.2,3.0,1.0,0.6,33.0,18.0,6.6,104.857,48.3968,0
lucene,org::apache::lucene::index::TermVectorsTermsWriter,32.0,10,2,78,64.0,0,189.0,13.0,2,1,1.0,1.0,0.5,2.0,1.0,1.0,-1.0,0.0,-0.5,11.7143,0.0,1
lucene,org::apache::lucene::benchmark::Driver,12.0,5,1,45,29.0,0,71.0,10.0,3,2,2.0,1.0,0.666667,2.0,1.0,0.666667,0.0,0.0,0.0,99.0,9.85714,0
lucene,org::apache::lucene::benchmark::quality::utils::SubmissionReport,8.0,7,1,6,17.0,0,36.0,4.0,2,1,14.0,13.0,7.0,4.0,3.0,2.0,10.0,10.0,5.0,62.7143,21.2245,0
lucene,org::apache::lucene::store::instantiated::InstantiatedTerm,24.0,10,1,66,26.0,0,101.0,12.0,1,1,1.0,1.0,1.0,1.0,1.0,1.0,0.0,0.0,0.0,29.8571,0.0,0
lucene,org::apache::lucene::store::instantiated::FieldSetting,6.0,2,1,3,7.0,0,17.0,3.0,1,1,1.0,1.0,1.0,1.0,1.0,1.0,0.0,0.0,0.0,14.5714,0.0,1
lucene,org::apache::lucene::index::SegmentReader,6.0,3,3,6,18.0,2,22.0,4.0,76,13,1663.0,357.0,21.8816,837.0,80.0,11.0132,826.0,285.0,10.8684,368.143,231.52,1
lucene,org::apache::lucene::benchmark::byTask::tasks::SearchTravRetLoadFieldSelectorTask,6.0,3,4,10,12.0,0,22.0,5.0,6,3,33.0,14.0,5.5,12.0,6.0,2.0,21.0,9.0,3.5,80.7143,4.0303,0
lucene,org::apache::lucene::benchmark::standard::ReutersQueries,1.0,5,1,0,15.0,0,9.0,1.0,3,2,7.0,6.0,2.33333,7.0,6.0,2.33333,0.0,0.0,0.0,99.0,33.551,0
lucene,org::apache::lucene::queryParser::surround::parser::TokenMgrError,17.0,5,1,6,26.0,0,57.0,4.0,1,1,1.0,1.0,1.0,1.0,1.0,1.0,0.0,0.0,0.0,170.143,0.0,0
lucene,org::apache::lucene::index::FormatPostingsDocsWriter,12.0,9,2,10,23.0,0,72.0,5.0,0,0,0.0,0.0,0.0,0.0,0.0,0.0,0.0,0.0,0.0,0.0,0.0,0
lucene,org::apache::lucene::store::db::File,24.0,12,1,45,73.0,0,183.0,10.0,3,1,3.0,1.0,1.0,3.0,1.0,1.0,0.0,0.0,0.0,247.0,24.2381,0
lucene,org::apache::lucene::index::SegmentInfo,114.0,22,1,435,116.0,0,467.0,30.0,20,6,810.0,287.0,40.5,196.0,53.0,9.8,614.0,287.0,30.7,368.143,284.59,1
lucene,org::apache::lucene::index::ReadOnlyMultiSegmentReader,2.0,2,4,1,3.0,0,6.0,2.0,1,1,1.0,1.0,1.0,1.0,1.0,1.0,0.0,0.0,0.0,6.57143,0.0,0
lucene,org::apache::lucene::index::StoredFieldsWriter,22.0,8,2,55,41.0,0,116.0,11.0,1,1,1.0,1.0,1.0,1.0,1.0,1.0,0.0,0.0,0.0,11.7143,0.0,1
lucene,org::apache::lucene::xmlparser::CorePlusExtensionsParser,1.0,8,2,0,9.0,0,11.0,1.0,5,1,42.0,21.0,8.4,5.0,3.0,1.0,37.0,18.0,7.4,136.571,73.9796,0
lucene,org::apache::lucene::index::RawPostingList,0.0,0,1,0,0.0,1,0.0,0.0,1,1,1.0,1.0,1.0,1.0,1.0,1.0,0.0,0.0,0.0,11.7143,0.0,0
lucene,org::apache::lucene::benchmark::byTask::tasks::ReadTask,31.0,12,2,120,69.0,4,116.0,16.0,7,3,312.0,144.0,44.5714,197.0,144.0,28.1429,115.0,75.0,16.4286,90.5714,30.6049,1
lucene,org::apache::lucene::benchmark::byTask::feeds::SimpleDocMaker,6.0,5,2,6,10.0,1,18.0,4.0,6,3,105.0,69.0,17.5,258.0,166.0,43.0,-153.0,4.0,-25.5,90.5714,13.0667,0
lucene,org::apache::lucene::store::NIOFSDirectory,2.0,2,3,1,6.0,0,6.0,2.0,1,1,1.0,1.0,1.0,1.0,1.0,1.0,0.0,0.0,0.0,5.57143,0.0,1
lucene,org::apache::lucene::index::FreqProxTermsWriterPerField,22.0,7,2,55,25.0,0,96.0,11.0,2,1,50.0,49.0,25.0,22.0,21.0,11.0,28.0,28.0,14.0,11.7143,2.52,0
lucene,org::apache::lucene::demo::IndexHTML,23.0,10,1,3,53.0,0,88.0,3.0,11,6,87.0,46.0,7.90909,121.0,51.0,11.0,-34.0,3.0,-3.09091,349.571,164.714,0
lucene,org::apache::lucene::analysis::nl::DutchStemFilter,12.0,5,3,10,13.0,0,33.0,5.0,3,2,3.0,1.0,1.0,3.0,1.0,1.0,0.0,0.0,0.0,239.143,0.238095,0
lucene,org::apache::lucene::index::IndexFileDeleter,66.0,17,1,91,130.0,0,319.0,14.0,23,4,792.0,405.0,34.4348,356.0,203.0,15.4783,436.0,202.0,18.9565,98.7143,25.8036,1
lucene,org::tartarus::snowball::ext::KpStemmer,351.0,1,2,153,259.0,0,2032.0,18.0,1,1,1.0,1.0,1.0,1.0,1.0,1.0,0.0,0.0,0.0,6.57143,0.0,0
lucene,lucli::Lucli,40.0,12,1,78,80.0,0,188.0,13.0,4,2,4.0,1.0,1.0,4.0,1.0,1.0,0.0,0.0,0.0,251.857,17.8571,0
lucene,org::apache::lucene::analysis::ar::ArabicStemmer,21.0,2,1,28,16.0,0,53.0,8.0,0,0,0.0,0.0,0.0,0.0,0.0,0.0,0.0,0.0,0.0,0.0,0.0,0
lucene,org::apache::lucene::index::DocFieldProcessorPerField,2.0,3,1,1,4.0,0,7.0,2.0,1,1,1.0,1.0,1.0,1.0,1.0,1.0,0.0,0.0,0.0,11.7143,0.0,0
lucene,org::apache::lucene::analysis::LetterTokenizer,2.0,3,4,1,3.0,2,6.0,2.0,5,3,28.0,13.0,5.6,102.0,51.0,20.4,-74.0,1.0,-14.8,368.143,124.041,0
lucene,org::apache::lucene::queryParser::surround::query::SimpleTerm,14.0,9,2,66,31.0,3,56.0,12.0,3,3,13.0,6.0,4.33333,10.0,5.0,3.33333,3.0,2.0,1.0,170.143,108.923,0
lucene,org::apache::lucene::search::SortComparator,1.0,4,2,3,6.0,0,19.0,3.0,5,4,22.0,18.0,4.4,8.0,4.0,1.6,14.0,17.0,2.8,229.0,135.37,0
lucene,org::apache::lucene::analysis::th::ThaiWordFilter,8.0,6,3,1,25.0,0,39.0,2.0,3,3,19.0,18.0,6.33333,13.0,11.0,4.33333,6.0,7.0,2.0,122.286,109.218,0
lucene,org::apache::lucene::index::CompoundFileReader,23.0,8,2,91,41.0,0,97.0,14.0,22,9,307.0,110.0,13.9545,286.0,78.0,13.0,21.0,82.0,0.954545,262.857,60.0861,0
lucene,org::apache::lucene::store::RAMDirectory,22.0,26,2,66,55.0,2,114.0,12.0,37,11,393.0,112.0,10.6216,373.0,95.0,10.0811,20.0,65.0,0.54054,368.143,174.639,1
lucene,org::apache::lucene::index::memory::AnalyzerUtil,32.0,10,1,55,63.0,0,237.0,11.0,20,4,651.0,335.0,32.55,582.0,335.0,29.1,69.0,161.0,3.45,148.571,41.2012,0
lucene,org::apache::lucene::analysis::br::BrazilianStemFilter,7.0,5,3,1,8.0,0,21.0,2.0,8,3,8.0,1.0,1.0,8.0,1.0,1.0,0.0,0.0,0.0,250.143,15.6071,0
lucene,org::apache::lucene::index::CorruptIndexException,1.0,5,1,0,1.0,0,3.0,1.0,1,1,1.0,1.0,1.0,1.0,1.0,1.0,0.0,0.0,0.0,85.0,0.0,0
lucene,org::apache::lucene::search::QueryTermVector,20.0,8,1,36,47.0,0,81.0,9.0,7,4,32.0,13.0,4.57143,106.0,51.0,15.1429,-74.0,4.0,-10.5714,241.714,116.821,0
lucene,org::apache::lucene::store::SimpleFSLockFactory,9.0,3,2,6,12.0,0,24.0,4.0,9,3,85.0,26.0,9.44444,59.0,18.0,6.55556,26.0,22.0,2.88889,110.143,31.8992,0
lucene,org::apache::lucene::demo::html::Entities,13.0,6,1,3,26.0,0,44.0,3.0,5,5,22.0,11.0,4.4,58.0,49.0,11.6,-36.0,1.0,-7.2,349.571,176.571,0
lucene,org::apache::lucene::benchmark::byTask::tasks::OpenReaderTask,2.0,2,2,1,6.0,0,9.0,2.0,3,2,44.0,42.0,14.6667,44.0,42.0,14.6667,0.0,0.0,0.0,90.5714,10.9903,0
lucene,org::apache::lucene::benchmark::byTask::PerfRunData,27.0,48,1,153,63.0,0,132.0,18.0,14,4,297.0,210.0,21.2143,255.0,210.0,18.2143,42.0,12.0,3.0,90.5714,13.7379,0
lucene,org::apache::lucene::search::RangeFilter,29.0,6,2,36,28.0,0,59.0,9.0,8,6,239.0,126.0,29.875,76.0,54.0,9.5,163.0,72.0,20.375,202.143,160.397,0
lucene,org::apache::lucene::index::ByteBlockPool,11.0,6,1,10,12.0,0,77.0,5.0,3,1,16.0,11.0,5.33333,11.0,6.0,3.66667,5.0,5.0,1.66667,30.0,11.0536,0
lucene,org::apache::lucene::analysis::CharArraySet,32.0,5,1,45,34.0,0,98.0,10.0,5,2,219.0,206.0,43.8,80.0,68.0,16.0,139.0,138.0,27.8,60.7143,14.4279,1
lucene,org::apache::lucene::index::NormsWriterPerThread,6.0,2,2,15,7.0,0,13.0,6.0,1,1,1.0,1.0,1.0,1.0,1.0,1.0,0.0,0.0,0.0,11.7143,0.0,0
lucene,org::apache::lucene::index::DocFieldProcessor,7.0,3,2,15,22.0,0,37.0,6.0,1,1,1.0,1.0,1.0,1.0,1.0,1.0,0.0,0.0,0.0,11.7143,0.0,0
lucene,org::apache::lucene::xmlparser::builders::SpanQueryBuilderFactory,4.0,3,2,6,11.0,0,14.0,4.0,3,2,18.0,16.0,6.0,5.0,3.0,1.66667,13.0,15.0,4.33333,136.571,49.9444,0
lucene,org::apache::lucene::index::TermsHashPerField,84.0,15,2,136,60.0,0,388.0,17.0,2,1,4.0,3.0,2.0,3.0,2.0,1.5,1.0,1.0,0.5,11.7143,1.92857,0
lucene,org::apache::lucene::search::ConjunctionScorer,17.0,5,3,28,25.0,0,78.0,8.0,11,5,174.0,68.0,15.8182,203.0,81.0,18.4545,-29.0,11.0,-2.63636,246.857,137.312,0
lucene,org::apache::lucene::index::FormatPostingsFieldsConsumer,0.0,2,1,1,2.0,1,0.0,2.0,0,0,0.0,0.0,0.0,0.0,0.0,0.0,0.0,0.0,0.0,0.0,0.0,0
lucene,org::apache::lucene::search::MultiPhraseQuery,42.0,21,2,105,75.0,0,140.0,15.0,13,6,96.0,20.0,7.38462,51.0,18.0,3.92308,45.0,20.0,3.46154,208.429,63.8229,1
lucene,org::apache::lucene::index::FieldNormModifier,18.0,11,1,3,46.0,0,86.0,3.0,4,3,7.0,5.0,1.75,7.0,3.0,1.75,0.0,2.0,0.0,94.0,26.2857,0
lucene,org::apache::lucene::analysis::nl::WordlistLoader,9.0,3,1,3,19.0,0,51.0,3.0,2,2,2.0,1.0,1.0,2.0,1.0,1.0,0.0,0.0,0.0,239.143,0.142857,0
lucene,org::apache::lucene::util::BitUtil,42.0,1,1,55,36.0,0,686.0,11.0,1,1,1.0,1.0,1.0,1.0,1.0,1.0,0.0,0.0,0.0,35.5714,0.0,0
lucene,org::apache::lucene::analysis::miscellaneous::SingleTokenTokenStream,6.0,4,2,10,9.0,0,21.0,5.0,2,2,9.0,8.0,4.5,6.0,5.0,3.0,3.0,3.0,1.5,14.0,6.22222,0
lucene,org::apache::lucene::search::spell::LevensteinDistance,8.0,2,1,1,7.0,0,71.0,2.0,2,2,3.0,2.0,1.5,3.0,2.0,1.5,0.0,0.0,0.0,16.0,0.047619,1
lucene,org::apache::lucene::analysis::miscellaneous::EmptyTokenStream,1.0,2,2,1,2.0,0,4.0,2.0,2,2,3.0,2.0,1.5,13.0,12.0,6.5,-10.0,0.0,-5.0,14.0,4.66667,0
lucene,org::apache::lucene::util::ToStringUtils,2.0,18,1,0,2.0,0,5.0,1.0,4,4,9.0,6.0,2.25,6.0,5.0,1.5,3.0,2.0,0.75,153.571,54.3492,0
lucene,org::apache::lucene::index::FreqProxFieldMergeState,10.0,4,1,3,10.0,0,56.0,3.0,2,1,17.0,16.0,8.5,9.0,8.0,4.5,8.0,8.0,4.0,11.7143,2.42017,0
lucene,org::apache::lucene::store::instantiated::InstantiatedTermDocumentInformation,10.0,9,1,45,10.0,0,33.0,10.0,1,1,1.0,1.0,1.0,1.0,1.0,1.0,0.0,0.0,0.0,29.8571,0.0,0
lucene,org::apache::lucene::analysis::WhitespaceAnalyzer,3.0,74,2,3,8.0,0,12.0,3.0,5,3,32.0,13.0,6.4,58.0,51.0,11.6,-26.0,11.0,-5.2,349.857,193.83,0
lucene,org::apache::lucene::search::SpanQueryFilter,10.0,7,3,21,24.0,0,40.0,7.0,3,3,5.0,4.0,1.66667,6.0,4.0,2.0,-1.0,0.0,-0.333333,64.0,22.7429,0
lucene,org::apache::lucene::store::instantiated::FieldSettings,16.0,6,1,6,13.0,0,55.0,4.0,1,1,1.0,1.0,1.0,1.0,1.0,1.0,0.0,0.0,0.0,14.5714,0.0,1
lucene,org::apache::lucene::index::MultipleTermPositions,22.0,6,2,66,49.0,0,74.0,12.0,12,6,223.0,160.0,18.5833,318.0,199.0,26.5,-95.0,18.0,-7.91667,324.857,161.475,0
lucene,org::apache::lucene::analysis::compound::HyphenationCompoundWordTokenFilter,18.0,5,4,3,24.0,0,81.0,3.0,1,1,1.0,1.0,1.0,1.0,1.0,1.0,0.0,0.0,0.0,20.7143,0.0,0
lucene,org::apache::lucene::demo::html::HTMLParserTokenManager,408.0,4,1,1275,238.0,0,1504.0,51.0,4,4,618.0,431.0,154.5,343.0,176.0,85.75,275.0,255.0,68.75,264.857,23.4621,0
lucene,org::apache::lucene::benchmark::byTask::utils::FileUtils,8.0,2,1,0,7.0,0,18.0,1.0,2,2,55.0,54.0,27.5,55.0,54.0,27.5,0.0,0.0,0.0,90.5714,11.0805,0
lucene,org::apache::lucene::index::DocFieldConsumersPerField,3.0,2,2,3,6.0,0,16.0,3.0,1,1,1.0,1.0,1.0,1.0,1.0,1.0,0.0,0.0,0.0,11.7143,0.0,0
lucene,org::apache::lucene::search::BooleanScorer2,36.0,10,3,105,72.0,0,147.0,15.0,11,7,212.0,99.0,19.2727,132.0,77.0,12.0,80.0,23.0,7.27273,193.286,67.0849,0
lucene,org::apache::lucene::benchmark::byTask::tasks::SearchTravRetTask,2.0,0,4,1,2.0,0,6.0,2.0,6,3,54.0,41.0,9.0,63.0,41.0,10.5,-9.0,4.0,-1.5,90.5714,10.6905,0
lucene,org::apache::lucene::index::NormsWriter,23.0,5,2,21,37.0,0,125.0,7.0,1,1,1.0,1.0,1.0,1.0,1.0,1.0,0.0,0.0,0.0,11.7143,0.0,0
lucene,org::apache::lucene::benchmark::byTask::stats::Report,5.0,7,1,10,5.0,0,18.0,5.0,3,2,65.0,63.0,21.6667,65.0,63.0,21.6667,0.0,0.0,0.0,90.5714,11.0857,0
lucene,com::sleepycat::db::DbHandleExtractor,3.0,0,1,3,3.0,0,8.0,3.0,1,1,1.0,1.0,1.0,1.0,1.0,1.0,0.0,0.0,0.0,194.143,0.0,0
lucene,org::apache::lucene::index::DirectoryIndexReader,54.0,17,2,190,101.0,2,295.0,20.0,10,3,232.0,65.0,23.2,23.0,10.0,2.3,209.0,62.0,20.9,54.8571,26.8972,1
lucene,org::apache::lucene::search::function::FloatFieldSource,8.0,4,3,10,13.0,0,39.0,5.0,3,2,3.0,1.0,1.0,4.0,2.0,1.33333,-1.0,0.0,-0.333333,70.1429,31.3333,0
lucene,org::apache::lucene::search::Hit,10.0,6,1,28,23.0,0,39.0,8.0,10,6,43.0,13.0,4.3,36.0,9.0,3.6,7.0,7.0,0.7,180.143,43.7076,0
lucene,org::apache::lucene::index::ByteSliceReader,17.0,7,2,55,23.0,0,96.0,11.0,2,1,11.0,10.0,5.5,4.0,3.0,2.0,7.0,7.0,3.5,30.0,16.6234,0
lucene,org::apache::lucene::analysis::fr::ElisionFilter,10.0,2,3,3,23.0,0,40.0,3.0,4,3,34.0,28.0,8.5,24.0,17.0,6.0,10.0,11.0,2.5,66.7143,51.0588,0
lucene,org::apache::lucene::benchmark::quality::QualityQuery,5.0,7,1,10,10.0,0,25.0,5.0,1,1,1.0,1.0,1.0,1.0,1.0,1.0,0.0,0.0,0.0,62.7143,0.0,0
lucene,org::apache::lucene::search::DuplicateFilter,36.0,11,2,78,58.0,0,143.0,13.0,4,3,12.0,7.0,3.0,9.0,6.0,2.25,3.0,2.0,0.75,53.1429,27.3333,0
lucene,org::apache::lucene::index::TermVectorAccessor,12.0,8,1,3,40.0,0,66.0,3.0,1,1,1.0,1.0,1.0,1.0,1.0,1.0,0.0,0.0,0.0,6.28571,0.0,0
lucene,org::apache::lucene::index::IndexWriter,484.0,91,1,7875,908.0,4,2630.0,126.0,166,14,8602.0,1221.0,51.8193,4215.0,499.0,25.3916,4387.0,722.0,26.4277,368.143,296.037,1
lucene,org::apache::lucene::demo::IndexFiles,11.0,5,1,3,34.0,0,60.0,3.0,9,7,83.0,39.0,9.22222,81.0,61.0,9.0,2.0,8.0,0.222222,349.571,134.069,0
lucene,org::apache::lucene::search::highlight::DefaultEncoder,2.0,0,1,1,2.0,0,5.0,2.0,2,2,1.0,1.0,0.5,2.0,1.0,1.0,-1.0,0.0,-0.5,191.429,0.0,0
lucene,org::apache::lucene::analysis::ISOLatin1AccentFilter,44.0,4,3,3,8.0,0,216.0,3.0,5,2,175.0,170.0,35.0,178.0,170.0,35.6,-3.0,0.0,-0.6,183.286,0.0604082,0
lucene,org::apache::lucene::search::highlight::WeightedSpanTermExtractor,56.0,27,1,55,144.0,0,269.0,11.0,5,3,467.0,460.0,93.4,440.0,433.0,88.0,27.0,27.0,5.4,23.1429,3.83695,0
lucene,org::apache::lucene::util::OpenBitSetDISI,14.0,4,3,10,27.0,0,29.0,5.0,1,1,1.0,1.0,1.0,1.0,1.0,1.0,0.0,0.0,0.0,19.7143,0.0,0
lucene,org::apache::lucene::queryParser::surround::parser::ParseException,24.0,5,1,3,23.0,0,87.0,3.0,1,1,1.0,1.0,1.0,1.0,1.0,1.0,0.0,0.0,0.0,170.143,0.0,0
lucene,org::apache::lucene::analysis::shingle::ShingleMatrixFilter,58.0,10,2,136,118.0,0,276.0,17.0,5,2,83.0,58.0,16.6,68.0,50.0,13.6,15.0,8.0,3.0,14.0,9.07401,0
lucene,org::apache::regexp::RegexpTunnel,1.0,2,1,0,2.0,0,4.0,1.0,3,2,24.0,17.0,8.0,6.0,5.0,2.0,18.0,17.0,6.0,145.0,17.3571,0
lucene,org::apache::lucene::index::memory::SynonymMap,59.0,9,1,36,100.0,0,270.0,9.0,7,3,328.0,313.0,46.8571,324.0,313.0,46.2857,4.0,4.0,0.571429,148.571,27.6943,0
lucene,org::apache::lucene::search::spell::SuggestWordQueue,2.0,3,2,1,4.0,0,9.0,2.0,1,1,1.0,1.0,1.0,1.0,1.0,1.0,0.0,0.0,0.0,205.143,0.0,0
lucene,org::apache::lucene::xmlparser::builders::TermQueryBuilder,1.0,4,1,1,8.0,0,10.0,2.0,4,2,25.0,16.0,6.25,21.0,13.0,5.25,4.0,12.0,1.0,136.571,36.12,0
lucene,org::apache::lucene::benchmark::utils::ExtractWikipedia,20.0,11,1,15,49.0,0,103.0,6.0,5,2,92.0,88.0,18.4,150.0,145.0,30.0,-58.0,0.0,-11.6,66.4286,29.7003,0
lucene,org::tartarus::snowball::ext::ItalianStemmer,164.0,1,2,66,102.0,0,924.0,12.0,1,1,1.0,1.0,1.0,1.0,1.0,1.0,0.0,0.0,0.0,6.57143,0.0,0
lucene,org::apache::lucene::analysis::query::QueryAutoStopWordAnalyzer,11.0,7,2,6,33.0,0,43.0,4.0,2,2,2.0,1.0,1.0,2.0,1.0,1.0,0.0,0.0,0.0,34.8571,13.8571,0
lucene,org::tartarus::snowball::ext::SwedishStemmer,41.0,1,2,15,23.0,0,265.0,6.0,1,1,1.0,1.0,1.0,1.0,1.0,1.0,0.0,0.0,0.0,6.57143,0.0,0
lucene,org::apache::lucene::ant::IndexTask,29.0,16,1,66,69.0,0,199.0,12.0,1,1,1.0,1.0,1.0,1.0,1.0,1.0,0.0,0.0,0.0,191.571,0.0,0
lucene,org::apache::lucene::index::SegmentInfos,53.0,29,1,528,107.0,0,306.0,33.0,35,9,1117.0,483.0,31.9143,375.0,62.0,10.7143,742.0,445.0,21.2,368.143,275.335,1
lucene,org::apache::lucene::search::ParallelMultiSearcher,4.0,4,4,6,9.0,0,24.0,4.0,11,5,297.0,249.0,27.0,254.0,170.0,23.0909,43.0,79.0,3.90909,246.143,15.5748,1
lucene,org::apache::lucene::benchmark::byTask::tasks::CloseReaderTask,3.0,3,2,1,6.0,0,11.0,2.0,3,2,46.0,43.0,15.3333,46.0,43.0,15.3333,0.0,0.0,0.0,90.5714,10.9658,0
lucene,org::apache::lucene::index::SegmentTermDocs,37.0,8,1,55,39.0,3,128.0,11.0,20,8,301.0,77.0,15.05,241.0,80.0,12.05,60.0,67.0,3.0,368.143,198.82,0
lucene,org::apache::lucene::queryParser::MultiFieldQueryParser,24.0,9,2,28,41.0,0,73.0,8.0,29,8,702.0,192.0,24.2069,556.0,202.0,19.1724,146.0,105.0,5.03448,345.714,176.561,0
lucene,org::apache::lucene::benchmark::AbstractBenchmarker,8.0,2,1,0,7.0,1,25.0,1.0,3,2,2.0,1.0,0.666667,2.0,1.0,0.666667,0.0,0.0,0.0,99.0,19.5714,0
lucene,org::apache::lucene::queryParser::precedence::FastCharStream,19.0,3,1,91,24.0,0,75.0,14.0,1,1,1.0,1.0,1.0,1.0,1.0,1.0,0.0,0.0,0.0,187.286,0.0,0
lucene,org::apache::lucene::search::MultiTermQuery,20.0,24,2,45,44.0,5,76.0,10.0,18,7,99.0,30.0,5.5,162.0,56.0,9.0,-63.0,15.0,-3.5,368.143,109.758,0
lucene,org::apache::lucene::store::instantiated::InstantiatedIndexWriter,50.0,27,1,153,277.0,0,469.0,18.0,4,3,92.0,80.0,23.0,90.0,79.0,22.5,2.0,1.0,0.5,29.8571,16.0932,1
lucene,org::apache::lucene::search::BooleanClause,14.0,18,1,45,17.0,0,37.0,10.0,19,8,234.0,102.0,12.3158,194.0,62.0,10.2105,40.0,94.0,2.10526,368.143,159.803,0
lucene,org::apache::lucene::search::QueryFilter,3.0,2,3,3,6.0,0,9.0,3.0,10,5,100.0,27.0,10.0,162.0,51.0,16.2,-62.0,9.0,-6.2,322.286,95.0971,0
lucene,org::apache::lucene::analysis::Tokenizer,3.0,9,2,3,4.0,10,9.0,3.0,9,6,47.0,13.0,5.22222,62.0,51.0,6.88889,-15.0,9.0,-1.66667,368.143,206.584,0
lucene,org::apache::lucene::store::RAMFile,11.0,4,1,45,15.0,1,41.0,10.0,7,5,101.0,55.0,14.4286,66.0,51.0,9.42857,35.0,52.0,5.0,246.857,137.301,0
lucene,org::apache::lucene::benchmark::byTask::feeds::ReutersDocMaker,11.0,9,2,10,42.0,1,68.0,5.0,11,3,203.0,121.0,18.4545,224.0,121.0,20.3636,-21.0,11.0,-1.90909,90.5714,12.6594,0
lucene,org::apache::lucene::search::spell::SpellChecker,48.0,16,1,105,74.0,0,176.0,15.0,1,1,1.0,1.0,1.0,1.0,1.0,1.0,0.0,0.0,0.0,205.143,0.0,0
lucene,org::apache::lucene::benchmark::stats::TimeData,11.0,5,1,36,20.0,0,42.0,9.0,3,2,103.0,102.0,34.3333,104.0,102.0,34.6667,-1.0,0.0,-0.333333,99.0,19.5229,0
lucene,org::apache::lucene::search::payloads::PayloadSpanUtil,27.0,15,1,6,52.0,0,117.0,4.0,2,2,2.0,1.0,1.0,2.0,1.0,1.0,0.0,0.0,0.0,7.0,2.14286,0
lucene,org::apache::lucene::search::spans::SpanQueue,4.0,2,2,1,8.0,0,16.0,2.0,3,2,3.0,1.0,1.0,3.0,1.0,1.0,0.0,0.0,0.0,244.714,0.619048,0
lucene,org::apache::lucene::index::memory::MemoryIndex,33.0,11,1,45,84.0,0,226.0,10.0,36,9,1239.0,886.0,34.4167,1043.0,886.0,28.9722,196.0,78.0,5.44444,179.286,65.7761,1
lucene,org::apache::lucene::store::instantiated::InstantiatedDocument,7.0,7,1,21,8.0,0,21.0,7.0,1,1,1.0,1.0,1.0,1.0,1.0,1.0,0.0,0.0,0.0,29.8571,0.0,0
lucene,org::apache::lucene::search::Sort,6.0,5,1,6,10.0,0,20.0,4.0,16,7,331.0,145.0,20.6875,216.0,102.0,13.5,115.0,65.0,7.1875,242.143,20.4074,1
lucene,org::apache::lucene::index::Payload,23.0,14,1,55,21.0,0,76.0,11.0,6,2,397.0,167.0,66.1667,312.0,163.0,52.0,85.0,42.0,14.1667,81.8571,62.0507,0
lucene,org::apache::lucene::benchmark::byTask::tasks::SearchTravTask,9.0,3,3,36,13.0,3,28.0,9.0,6,3,87.0,57.0,14.5,61.0,57.0,10.1667,26.0,21.0,4.33333,90.5714,10.5747,0
lucene,org::apache::lucene::analysis::compound::hyphenation::TernaryTree,44.0,6,1,153,73.0,1,267.0,18.0,1,1,1.0,1.0,1.0,1.0,1.0,1.0,0.0,0.0,0.0,20.7143,0.0,0
lucene,org::apache::lucene::analysis::ru::RussianAnalyzer,5.0,6,2,3,12.0,0,26.0,3.0,9,4,9.0,1.0,1.0,9.0,1.0,1.0,0.0,0.0,0.0,316.286,52.4127,0
lucene,org::apache::lucene::analysis::LowerCaseTokenizer,2.0,9,5,1,3.0,0,6.0,2.0,6,4,38.0,13.0,6.33333,111.0,51.0,18.5,-73.0,1.0,-12.1667,368.143,99.1805,0
lucene,org::apache::lucene::search::highlight::QueryTermExtractor,14.0,8,1,6,27.0,0,61.0,4.0,1,1,1.0,1.0,1.0,1.0,1.0,1.0,0.0,0.0,0.0,234.714,0.0,0
lucene,org::tartarus::snowball::ext::HungarianStemmer,171.0,1,2,120,138.0,0,907.0,16.0,1,1,1.0,1.0,1.0,1.0,1.0,1.0,0.0,0.0,0.0,6.57143,0.0,0
lucene,org::apache::lucene::search::highlight::SimpleHTMLEncoder,11.0,3,1,3,17.0,0,49.0,3.0,3,2,9.0,8.0,3.0,3.0,1.0,1.0,6.0,7.0,2.0,191.429,26.9206,0
lucene,org::apache::lucene::search::PrefixQuery,7.0,13,3,10,19.0,0,25.0,5.0,18,7,79.0,25.0,4.38889,140.0,51.0,7.77778,-61.0,13.0,-3.38889,368.143,137.796,0
lucene,org::apache::lucene::analysis::standard::StandardAnalyzer,10.0,12,2,36,24.0,0,48.0,9.0,22,9,320.0,100.0,14.5455,151.0,51.0,6.86364,169.0,98.0,7.68182,368.143,239.629,0
lucene,org::apache::lucene::document::FieldSelectorResult,7.0,1,1,3,5.0,0,16.0,3.0,8,4,167.0,96.0,20.875,115.0,96.0,14.375,52.0,32.0,6.5,121.571,66.6801,0
lucene,org::apache::lucene::search::TopFieldDocs,1.0,1,2,0,1.0,0,4.0,1.0,6,3,13.0,6.0,2.16667,12.0,5.0,2.0,1.0,1.0,0.166667,242.143,117.78,0
lucene,org::apache::lucene::index::BufferedDeletes,15.0,4,1,6,47.0,0,71.0,4.0,1,1,1.0,1.0,1.0,1.0,1.0,1.0,0.0,0.0,0.0,30.0,0.0,0
lucene,org::apache::lucene::index::IntBlockPool,6.0,4,1,3,6.0,0,29.0,3.0,1,1,1.0,1.0,1.0,1.0,1.0,1.0,0.0,0.0,0.0,11.7143,0.0,0
lucene,org::apache::lucene::analysis::ar::ArabicLetterTokenizer,3.0,5,5,1,4.0,0,6.0,2.0,0,0,0.0,0.0,0.0,0.0,0.0,0.0,0.0,0.0,0.0,0.0,0.0,0
lucene,org::apache::lucene::search::SampleComparable,5.0,5,1,6,12.0,0,86.0,4.0,2,2,2.0,1.0,1.0,2.0,1.0,1.0,0.0,0.0,0.0,200.429,33.6429,0
lucene,org::apache::lucene::search::Searcher,5.0,38,2,55,13.0,3,16.0,11.0,24,8,256.0,68.0,10.6667,133.0,51.0,5.54167,123.0,67.0,5.125,368.143,159.17,0
lucene,org::apache::lucene::index::InvertedDocEndConsumerPerThread,0.0,2,1,6,4.0,1,0.0,4.0,1,1,1.0,1.0,1.0,1.0,1.0,1.0,0.0,0.0,0.0,11.7143,0.0,0
lucene,org::apache::lucene::analysis::LengthFilter,5.0,3,3,1,4.0,0,19.0,2.0,2,2,2.0,1.0,1.0,2.0,1.0,1.0,0.0,0.0,0.0,240.143,0.642857,0
lucene,org::apache::lucene::search::PhraseQueue,4.0,2,2,1,3.0,0,16.0,2.0,4,4,26.0,13.0,6.5,58.0,51.0,14.5,-32.0,5.0,-8.0,368.143,195.225,0
lucene,org::apache::lucene::index::GCJTermDocs,1.0,1,2,1,2.0,0,3.0,2.0,2,2,7.0,6.0,3.5,6.0,5.0,3.0,1.0,1.0,0.5,211.0,95.2653,0
lucene,org::apache::lucene::search::regex::JakartaRegexpCapabilities,12.0,4,1,15,14.0,0,23.0,6.0,4,2,43.0,21.0,10.75,6.0,5.0,1.5,37.0,21.0,9.25,145.0,10.4851,0
lucene,org::apache::lucene::xmlparser::DOMUtils,39.0,29,1,91,71.0,0,166.0,14.0,6,2,86.0,59.0,14.3333,8.0,3.0,1.33333,78.0,59.0,13.0,136.571,15.794,0
lucene,org::apache::lucene::util::cache::SimpleMapCache,7.0,1,2,21,12.0,2,21.0,7.0,1,1,1.0,1.0,1.0,1.0,1.0,1.0,0.0,0.0,0.0,19.7143,0.0,0
lucene,org::apache::lucene::analysis::de::GermanAnalyzer,3.0,4,2,3,10.0,0,14.0,3.0,4,1,4.0,1.0,1.0,4.0,1.0,1.0,0.0,0.0,0.0,216.286,5.96429,0
lucene,org::apache::lucene::xmlparser::FilterBuilderFactory,4.0,6,1,6,11.0,0,14.0,4.0,4,2,22.0,16.0,5.5,6.0,3.0,1.5,16.0,15.0,4.0,136.571,49.0195,0
lucene,org::apache::lucene::benchmark::byTask::tasks::RepSumByNameRoundTask,6.0,6,3,3,28.0,0,40.0,3.0,3,2,82.0,43.0,27.3333,46.0,43.0,15.3333,36.0,36.0,12.0,90.5714,10.3537,0
lucene,org::apache::lucene::benchmark::byTask::tasks::RepSumByPrefRoundTask,7.0,7,4,3,31.0,0,40.0,3.0,3,2,79.0,43.0,26.3333,46.0,43.0,15.3333,33.0,33.0,11.0,90.5714,10.3834,0
lucene,org::apache::lucene::index::DefaultSkipListWriter,10.0,6,2,15,18.0,0,79.0,6.0,3,2,129.0,124.0,43.0,127.0,124.0,42.3333,2.0,2.0,0.666667,70.8571,50.6622,0
lucene,org::apache::lucene::index::SegmentMergeQueue,5.0,5,2,3,8.0,0,16.0,3.0,3,3,20.0,13.0,6.66667,57.0,51.0,19.0,-37.0,1.0,-12.3333,368.143,166.193,0
lucene,org::apache::lucene::search::highlight::WeightedSpanTerm,9.0,4,2,15,10.0,0,33.0,6.0,1,1,1.0,1.0,1.0,1.0,1.0,1.0,0.0,0.0,0.0,23.1429,0.0,0
lucene,org::apache::lucene::index::TermsHash,29.0,8,2,45,52.0,0,166.0,10.0,3,1,11.0,10.0,3.66667,22.0,19.0,7.33333,-11.0,0.0,-3.66667,11.7143,2.46753,0
lucene,org::apache::lucene::benchmark::byTask::feeds::SortableSimpleDocMaker,3.0,5,3,3,14.0,0,16.0,3.0,1,1,1.0,1.0,1.0,1.0,1.0,1.0,0.0,0.0,0.0,4.14286,0.0,0
lucene,org::apache::lucene::analysis::KeywordAnalyzer,3.0,6,2,3,8.0,0,12.0,3.0,5,2,4.0,2.0,0.8,23.0,20.0,4.6,-19.0,1.0,-3.8,191.143,7.82143,0
lucene,org::apache::lucene::xmlparser::builders::CachedFilterBuilder,6.0,9,1,1,12.0,0,47.0,2.0,5,3,27.0,16.0,5.4,21.0,15.0,4.2,6.0,15.0,1.2,91.7143,24.3598,0
lucene,org::apache::lucene::search::highlight::TextFragment,7.0,4,1,21,9.0,0,24.0,7.0,1,1,1.0,1.0,1.0,1.0,1.0,1.0,0.0,0.0,0.0,234.714,0.0,0
lucene,org::apache::lucene::benchmark::byTask::stats::TaskStats,17.0,14,1,91,34.0,0,69.0,14.0,3,2,193.0,190.0,64.3333,193.0,190.0,64.3333,0.0,0.0,0.0,90.5714,11.2095,0
lucene,org::apache::lucene::search::ScoreDoc,1.0,1,1,0,1.0,1,4.0,1.0,5,3,35.0,14.0,7.0,64.0,51.0,12.8,-29.0,8.0,-5.8,368.143,113.457,0
lucene,org::apache::lucene::search::ReqExclScorer,24.0,4,3,21,28.0,0,79.0,7.0,2,2,7.0,6.0,3.5,6.0,5.0,3.0,1.0,1.0,0.5,193.286,80.0816,0
lucene,org::apache::lucene::queryParser::precedence::Token,2.0,2,1,3,4.0,0,9.0,3.0,1,1,1.0,1.0,1.0,1.0,1.0,1.0,0.0,0.0,0.0,187.286,0.0,0
lucene,org::apache::lucene::index::TermInfosWriter,26.0,10,1,21,35.0,0,114.0,7.0,16,8,272.0,78.0,17.0,203.0,61.0,12.6875,69.0,47.0,4.3125,368.143,258.475,0
lucene,org::apache::lucene::search::function::ReverseOrdFieldSource,6.0,4,2,10,10.0,0,44.0,5.0,3,2,3.0,1.0,1.0,4.0,2.0,1.33333,-1.0,0.0,-0.333333,70.1429,31.3333,0
lucene,org::apache::lucene::benchmark::byTask::tasks::CreateIndexTask,6.0,8,2,3,41.0,0,66.0,3.0,12,3,164.0,62.0,13.6667,117.0,56.0,9.75,47.0,39.0,3.91667,90.5714,34.939,0
lucene,org::apache::lucene::search::highlight::NullFragmenter,2.0,4,1,3,3.0,0,5.0,3.0,2,2,7.0,6.0,3.5,6.0,5.0,3.0,1.0,1.0,0.5,151.571,44.3265,0
lucene,org::apache::lucene::benchmark::byTask::tasks::ClearStatsTask,3.0,3,2,3,6.0,0,10.0,3.0,3,2,45.0,43.0,15.0,45.0,43.0,15.0,0.0,0.0,0.0,90.5714,10.9968,0
lucene,org::apache::lucene::queryParser::QueryParserTokenManager,334.0,3,1,496,184.0,0,1040.0,32.0,15,8,1045.0,154.0,69.6667,900.0,181.0,60.0,145.0,59.0,9.66667,264.857,177.82,0
lucene,org::apache::lucene::analysis::ru::RussianCharsets,16.0,2,1,0,2.0,0,41.0,1.0,1,1,1.0,1.0,1.0,1.0,1.0,1.0,0.0,0.0,0.0,216.286,0.0,0
lucene,org::apache::lucene::search::highlight::WeightedTerm,5.0,4,1,10,5.0,1,16.0,5.0,1,1,1.0,1.0,1.0,1.0,1.0,1.0,0.0,0.0,0.0,234.714,0.0,0
lucene,org::apache::lucene::queryParser::QueryParser,290.0,73,1,2628,345.0,5,1009.0,73.0,57,12,1332.0,116.0,23.3684,605.0,123.0,10.614,727.0,93.0,12.7544,264.857,142.483,1
lucene,org::apache::lucene::store::RAMOutputStream,24.0,12,2,78,34.0,1,98.0,13.0,16,5,146.0,77.0,9.125,133.0,51.0,8.3125,13.0,46.0,0.8125,246.857,143.408,0
lucene,org::apache::lucene::store::RAMInputStream,20.0,5,2,28,16.0,1,68.0,8.0,11,5,124.0,68.0,11.2727,103.0,51.0,9.36364,21.0,46.0,1.90909,246.857,145.357,0
lucene,org::apache::lucene::search::PhrasePositions,8.0,5,1,10,14.0,0,35.0,5.0,6,5,46.0,15.0,7.66667,61.0,51.0,10.1667,-15.0,12.0,-2.5,368.143,178.556,0
lucene,org::apache::lucene::analysis::miscellaneous::PrefixAndSuffixAwareTokenFilter,6.0,6,2,15,18.0,0,32.0,6.0,2,2,4.0,3.0,2.0,3.0,2.0,1.5,1.0,1.0,0.5,14.0,5.25,0
lucene,org::apache::lucene::analysis::br::BrazilianStemmer,321.0,3,1,171,423.0,0,847.0,19.0,5,3,5.0,1.0,1.0,5.0,1.0,1.0,0.0,0.0,0.0,250.143,16.1429,0
lucene,org::apache::lucene::search::SloppyPhraseScorer,40.0,6,4,10,30.0,0,139.0,5.0,11,8,262.0,142.0,23.8182,152.0,51.0,13.8182,110.0,125.0,10.0,368.143,254.441,0
lucene,org::apache::lucene::benchmark::quality::QualityStats,40.0,8,1,120,57.0,0,154.0,16.0,3,1,31.0,29.0,10.3333,3.0,1.0,1.0,28.0,28.0,9.33333,62.7143,22.424,0
lucene,org::apache::lucene::index::DocFieldConsumers,13.0,4,2,36,35.0,0,80.0,9.0,1,1,1.0,1.0,1.0,1.0,1.0,1.0,0.0,0.0,0.0,11.7143,0.0,0
lucene,org::apache::lucene::index::SegmentTermPositionVector,9.0,1,2,3,3.0,0,26.0,3.0,3,3,8.0,6.0,2.66667,7.0,5.0,2.33333,1.0,1.0,0.333333,209.143,99.4107,0
lucene,org::apache::lucene::store::je::JEIndexInput,16.0,6,2,28,35.0,0,88.0,8.0,3,3,8.0,6.0,2.66667,8.0,5.0,2.66667,0.0,1.0,0.0,143.857,50.5714,0
lucene,org::apache::lucene::search::CachingSpanFilter,13.0,3,3,28,19.0,0,39.0,8.0,2,2,10.0,9.0,5.0,2.0,1.0,1.0,8.0,8.0,4.0,64.0,25.5857,0
mylyn,org::eclipse::mylyn::internal::trac::core::util::TracUtil,8.0,16,1,15,18.0,0,42.0,6.0,7,2,22.0,10.0,3.14286,8.0,3.0,1.14286,14.0,10.0,2.0,38.2857,10.5779,0
mylyn,org::eclipse::mylyn::internal::sandbox::bridge::bugs::ProgressQueryHitCollector,14.0,7,1,36,29.0,0,60.0,9.0,14,3,60.0,33.0,4.28571,45.0,26.0,3.21429,15.0,7.0,1.07143,91.7143,43.4024,0
mylyn,org::eclipse::mylyn::internal::jira::core::model::filter::DateRangeFilter,4.0,6,2,6,5.0,0,13.0,4.0,10,2,13.0,5.0,1.3,15.0,5.0,1.5,-2.0,4.0,-0.2,110.714,56.3626,0
mylyn,org::eclipse::mylyn::internal::wikitext::textile::core::phrase::EscapeTextilePhraseModifier,3.0,2,2,6,6.0,0,12.0,4.0,3,2,6.0,4.0,2.0,8.0,6.0,2.66667,-2.0,0.0,-0.666667,32.7143,5.42857,0
mylyn,org::eclipse::mylyn::internal::java::ui::search::JavaImplementorsProvider,5.0,1,4,6,4.0,0,12.0,4.0,4,2,7.0,4.0,1.75,7.0,4.0,1.75,0.0,3.0,0.0,92.4286,60.1428,0
mylyn,org::eclipse::mylyn::internal::jira::core::wsdl::beans::RemoteVersion,33.0,4,3,91,33.0,0,78.0,14.0,9,2,219.0,191.0,24.3333,240.0,212.0,26.6667,-21.0,7.0,-2.33333,110.714,24.015,0
mylyn,org::eclipse::mylyn::tasklist::tests::Person,21.0,2,1,105,17.0,0,57.0,15.0,3,2,1.0,1.0,0.333333,0.0,0.0,0.0,1.0,1.0,0.333333,190.571,9.0,0
mylyn,org::eclipse::mylyn::internal::bugzilla::ui::actions::ViewFavoriteAction,3.0,4,2,1,8.0,0,16.0,2.0,3,1,0.0,0.0,0.0,0.0,0.0,0.0,0.0,0.0,0.0,164.0,0.0,0
mylyn,org::eclipse::mylyn::internal::tasks::ui::actions::SynchronizeSelectedAction,20.0,10,1,3,56.0,0,95.0,3.0,39,3,281.0,98.0,7.20513,245.0,37.0,6.28205,36.0,61.0,0.923077,139.429,40.9451,0
mylyn,org::eclipse::mylyn::internal::jira::core::model::Subtask,3.0,3,1,3,3.0,0,10.0,3.0,6,2,10.0,5.0,1.66667,9.0,4.0,1.5,1.0,4.0,0.166667,93.2857,41.2714,0
mylyn,org::eclipse::mylyn::internal::tasks::core::TaskComment,16.0,7,1,120,19.0,0,53.0,16.0,6,2,14.0,4.0,2.33333,11.0,4.0,1.83333,3.0,3.0,0.5,45.2857,8.0,0
mylyn,org::eclipse::mylyn::internal::tasks::core::TaskDataStorageManager,57.0,5,1,153,90.0,0,211.0,18.0,8,2,22.0,8.0,2.75,19.0,8.0,2.375,3.0,4.0,0.375,46.5714,8.61688,0
mylyn,org::eclipse::mylyn::internal::hypertext::ui::editors::WebResourceContentProvider,15.0,3,1,28,23.0,0,56.0,8.0,3,1,0.0,0.0,0.0,0.0,0.0,0.0,0.0,0.0,0.0,151.0,0.0,0
mylyn,org::eclipse::mylyn::internal::team::ccvs::CvsActiveChangeSetProvider,2.0,1,2,1,5.0,0,6.0,2.0,4,1,2.0,2.0,0.5,34.0,32.0,8.5,-32.0,0.0,-8.0,118.857,26.2857,0
mylyn,org::eclipse::mylyn::internal::monitor::ui::ShellLifecycleListener,8.0,2,1,15,15.0,0,40.0,6.0,11,3,78.0,14.0,7.09091,63.0,14.0,5.72727,15.0,12.0,1.36364,90.7143,23.4853,0
mylyn,org::eclipse::mylyn::internal::bugzilla::core::MultiBugReportFactory,6.0,7,2,1,17.0,0,26.0,2.0,21,3,112.0,58.0,5.33333,109.0,58.0,5.19048,3.0,58.0,0.142857,103.0,23.6952,0
mylyn,org::eclipse::mylyn::internal::sandbox::ui::commands::ContextCapturePauseHandler,10.0,4,1,21,32.0,0,38.0,7.0,3,1,5.0,4.0,1.66667,2.0,1.0,0.666667,3.0,3.0,1.0,43.0,16.4571,0
mylyn,org::eclipse::mylyn::internal::tasks::ui::editors::RepositoryTaskOutlinePage,8.0,8,1,6,16.0,0,81.0,4.0,32,3,103.0,23.0,3.21875,71.0,9.0,2.21875,32.0,21.0,1.0,139.571,58.4175,0
mylyn,org::eclipse::mylyn::ide::ui::AbstractFocusMarkerViewAction,14.0,7,2,6,23.0,5,50.0,4.0,10,2,155.0,102.0,15.5,154.0,104.0,15.4,1.0,102.0,0.1,43.0,3.29217,0
mylyn,org::eclipse::mylyn::wikitext::core::parser::markup::token::EntityReferenceReplacementToken,1.0,5,3,0,2.0,0,3.0,1.0,5,2,7.0,4.0,1.4,6.0,4.0,1.2,1.0,1.0,0.2,32.7143,9.55102,0
mylyn,org::eclipse::mylyn::internal::tasks::ui::editors::TaskListChangeAdapter,1.0,1,1,1,2.0,1,2.0,2.0,6,3,7.0,4.0,1.16667,7.0,3.0,1.16667,0.0,3.0,0.0,47.4286,18.7755,0
mylyn,org::eclipse::mylyn::internal::wikitext::tasks::ui::WikiTextContextStructureBridge,53.0,13,2,120,91.0,0,214.0,16.0,2,1,1.0,1.0,0.5,5.0,5.0,2.5,-4.0,0.0,-2.0,8.0,7.0,0
mylyn,org::eclipse::mylyn::internal::wikitext::ui::util::css::CssParser,30.0,20,1,28,64.0,0,115.0,8.0,3,1,21.0,16.0,7.0,11.0,9.0,3.66667,10.0,7.0,3.33333,7.42857,1.65986,0
mylyn,org::eclipse::mylyn::internal::tasks::ui::views::TaskRepositoryLabelProvider,15.0,11,1,28,23.0,0,57.0,8.0,26,3,147.0,45.0,5.65385,109.0,43.0,4.19231,38.0,21.0,1.46154,139.571,28.2323,0
mylyn,org::eclipse::mylyn::internal::bugzilla::core::BugzillaFlagMapper,18.0,11,1,91,59.0,0,83.0,14.0,5,2,35.0,15.0,7.0,14.0,9.0,2.8,21.0,14.0,4.2,13.5714,4.30612,0
mylyn,org::eclipse::mylyn::internal::bugzilla::ui::editor::BugzillaPeoplePart,16.0,8,2,6,53.0,0,84.0,4.0,10,3,133.0,90.0,13.3,21.0,5.0,2.1,112.0,89.0,11.2,42.0,2.67025,0
mylyn,org::eclipse::mylyn::internal::tasks::bugs::TasksBugsPlugin,6.0,2,1,10,8.0,0,19.0,5.0,13,2,99.0,43.0,7.61538,55.0,42.0,4.23077,44.0,42.0,3.38462,47.5714,8.95094,0
mylyn,org::eclipse::mylyn::internal::xplanner::ui::wizard::XPlannerTaskMapping,2.0,1,2,1,2.0,0,6.0,2.0,1,1,0.0,0.0,0.0,0.0,0.0,0.0,0.0,0.0,0.0,6.42857,0.0,0
mylyn,org::eclipse::mylyn::tasks::tests::connector::MockTask,7.0,4,4,15,8.0,0,23.0,6.0,4,2,6.0,4.0,1.5,3.0,1.0,0.75,3.0,3.0,0.75,49.8571,23.119,0
mylyn,org::eclipse::mylyn::internal::commons::ui::NotificationPopupColors,23.0,1,1,105,45.0,0,122.0,15.0,3,1,7.0,5.0,2.33333,3.0,2.0,1.0,4.0,4.0,1.33333,45.8571,26.102,0
mylyn,org::eclipse::mylyn::internal::jira::core::service::web::rss::JiraRssSessionCallback,16.0,6,2,15,36.0,4,91.0,6.0,7,2,28.0,8.0,4.0,22.0,8.0,3.14286,6.0,5.0,0.857143,54.0,24.7653,1
mylyn,org::eclipse::mylyn::zest::tests::swt::LayoutExample,5.0,2,1,0,12.0,0,48.0,1.0,2,1,2.0,2.0,1.0,2.0,2.0,1.0,0.0,0.0,0.0,80.5714,0.0,0
mylyn,org::xplanner::soap::XPlanner::XPlannerHttpSender,2.0,4,1,1,9.0,0,14.0,2.0,7,3,25.0,11.0,3.57143,11.0,4.0,1.57143,14.0,7.0,2.0,88.0,44.3086,0
mylyn,org::eclipse::mylyn::internal::pde::ui::Messages,1.0,0,1,0,2.0,0,3.0,1.0,3,1,31.0,31.0,10.3333,31.0,31.0,10.3333,0.0,31.0,0.0,19.1429,5.14286,0
mylyn,org::eclipse::mylyn::internal::bugzilla::ui::search::BugzillaSeveritySearchSorter,5.0,2,1,1,10.0,0,36.0,2.0,7,2,15.0,6.0,2.14286,17.0,8.0,2.42857,-2.0,3.0,-0.285714,148.571,82.3333,0
mylyn,org::eclipse::mylyn::internal::sandbox::ui::planner::TaskActivityLabelProvider,30.0,12,2,15,40.0,0,115.0,6.0,7,3,11.0,4.0,1.57143,8.0,2.0,1.14286,3.0,3.0,0.428571,44.7143,11.1299,0
mylyn,org::eclipse::mylyn::internal::tasks::core::sync::SynchronizeRepositoriesJob,16.0,12,2,21,52.0,0,109.0,7.0,23,3,121.0,27.0,5.26087,71.0,15.0,3.08696,50.0,21.0,2.17391,48.7143,15.2243,0
mylyn,org::eclipse::mylyn::internal::wikitext::ui::util::OutlineItemAdapterFactory,4.0,1,1,1,3.0,0,9.0,2.0,1,1,0.0,0.0,0.0,0.0,0.0,0.0,0.0,0.0,0.0,8.57143,0.0,0
mylyn,org::eclipse::mylyn::internal::wikitext::ui::util::css::editor::CssScanner,1.0,3,1,0,8.0,0,6.0,1.0,1,1,0.0,0.0,0.0,0.0,0.0,0.0,0.0,0.0,0.0,6.42857,0.0,0
mylyn,org::eclipse::mylyn::internal::wikitext::textile::core::token::FootnoteReferenceReplacementToken,3.0,2,2,6,5.0,0,9.0,4.0,6,2,35.0,19.0,5.83333,19.0,11.0,3.16667,16.0,8.0,2.66667,32.7143,18.6735,0
mylyn,org::eclipse::mylyn::internal::xplanner::ui::XPlannerClientFacade,28.0,29,1,105,84.0,0,146.0,15.0,1,1,0.0,0.0,0.0,0.0,0.0,0.0,0.0,0.0,0.0,6.42857,0.0,1
mylyn,org::eclipse::mylyn::internal::tasks::ui::dialogs::UiLegendControl,32.0,11,1,136,98.0,0,483.0,17.0,4,2,68.0,63.0,17.0,67.0,65.0,16.75,1.0,3.0,0.25,39.5714,24.3761,0
mylyn,org::eclipse::mylyn::internal::tasks::bugs::TaskContributorManager,13.0,8,1,28,34.0,0,89.0,8.0,15,2,74.0,33.0,4.93333,40.0,9.0,2.66667,34.0,24.0,2.26667,47.5714,13.7529,0
mylyn,org::eclipse::mylyn::wikitext::confluence::core::Main,2.0,2,2,3,7.0,0,12.0,3.0,3,1,3.0,2.0,1.0,4.0,4.0,1.33333,-1.0,1.0,-0.333333,32.7143,1.71429,0
mylyn,org::eclipse::mylyn::internal::tasks::core::sync::Messages,1.0,0,1,0,2.0,0,3.0,1.0,2,1,0.0,0.0,0.0,2.0,2.0,1.0,-2.0,0.0,-1.0,14.7143,0.0,0
mylyn,org::eclipse::mylyn::internal::trac::core::TracWikiHandler,9.0,9,2,21,46.0,0,69.0,7.0,13,2,88.0,40.0,6.76923,30.0,11.0,2.30769,58.0,40.0,4.46154,84.7143,19.0731,0
mylyn,org::eclipse::mylyn::internal::bugzilla::core::SaxConfigurationContentHandler,139.0,7,1,15,185.0,0,373.0,6.0,15,3,495.0,112.0,33.0,310.0,156.0,20.6667,185.0,61.0,12.3333,148.571,75.0346,1
mylyn,org::eclipse::mylyn::internal::team::ccvs::CvsCommitWorkflowProvider,6.0,1,2,1,11.0,0,26.0,2.0,4,1,4.0,3.0,1.0,4.0,3.0,1.0,0.0,0.0,0.0,118.857,19.7143,0
mylyn,org::eclipse::mylyn::examples::monitor::study::SubmitFeedbackPage,33.0,15,1,105,56.0,0,313.0,15.0,12,2,45.0,20.0,3.75,37.0,12.0,3.08333,8.0,8.0,0.666667,109.857,44.1079,0
mylyn,org::eclipse::mylyn::internal::sandbox::bridge::bugs::BugzillaMylynSearchJob,2.0,6,1,1,22.0,0,57.0,2.0,5,2,6.0,4.0,1.2,3.0,1.0,0.6,3.0,3.0,0.6,88.0,54.5952,0
mylyn,org::eclipse::mylyn::context::core::InterestComparator,5.0,3,1,1,4.0,0,15.0,2.0,8,2,23.0,7.0,2.875,21.0,9.0,2.625,2.0,3.0,0.25,139.714,66.1242,0
mylyn,org::eclipse::mylyn::internal::context::ui::ContextEditorManager,60.0,23,2,91,150.0,0,303.0,14.0,14,2,215.0,108.0,15.3571,156.0,60.0,11.1429,59.0,94.0,4.21429,47.4286,6.12691,1
mylyn,org::eclipse::mylyn::internal::tasks::ui::TaskHyperlink,5.0,5,2,3,16.0,0,27.0,3.0,4,2,10.0,5.0,2.5,6.0,4.0,1.5,4.0,4.0,1.0,39.8571,19.7857,0
mylyn,org::eclipse::mylyn::internal::wikitext::confluence::core::phrase::SimplePhraseModifier,1.0,1,3,0,1.0,0,3.0,1.0,3,2,5.0,3.0,1.66667,5.0,3.0,1.66667,0.0,0.0,0.0,32.7143,6.05714,0
mylyn,org::eclipse::mylyn::internal::sandbox::ui::planner::TaskActivityContentProvider,10.0,3,1,36,22.0,0,46.0,9.0,5,2,17.0,9.0,3.4,13.0,8.0,2.6,4.0,3.0,0.8,46.0,7.95798,0
mylyn,org::eclipse::mylyn::internal::monitor::ui::CheckActivityJob,18.0,6,1,21,18.0,1,72.0,7.0,5,1,139.0,131.0,27.8,134.0,131.0,26.8,5.0,131.0,1.0,22.7143,0.219938,0
mylyn,org::eclipse::mylyn::tasks::ui::TaskHyperlinkPresenter,32.0,6,1,28,44.0,0,89.0,8.0,2,1,0.0,0.0,0.0,5.0,5.0,2.5,-5.0,0.0,-2.5,18.0,0.0,1
mylyn,org::eclipse::mylyn::internal::trac::core::TracClientFactory,4.0,8,1,1,12.0,0,27.0,2.0,13,2,40.0,10.0,3.07692,39.0,15.0,3.0,1.0,5.0,0.0769231,133.0,59.9536,0
mylyn,org::eclipse::mylyn::internal::tasks::ui::ChangeActivityHandleOperation,8.0,8,2,3,27.0,0,33.0,3.0,4,3,6.0,4.0,1.5,3.0,1.0,0.75,3.0,3.0,0.75,27.8571,6.19048,0
mylyn,org::eclipse::mylyn::internal::tasks::core::AbstractTask,92.0,120,3,2485,124.0,4,294.0,71.0,34,3,208.0,83.0,6.11765,300.0,106.0,8.82353,-92.0,71.0,-2.70588,45.1429,6.77816,0
mylyn,org::eclipse::mylyn::internal::xplanner::ui::wizard::NewXPlannerTaskPage,10.0,11,1,15,33.0,0,138.0,6.0,1,1,0.0,0.0,0.0,0.0,0.0,0.0,0.0,0.0,0.0,6.42857,0.0,1
mylyn,org::eclipse::mylyn::internal::wikitext::ui::viewer::TextHover,11.0,1,1,6,13.0,0,58.0,4.0,3,2,14.0,13.0,4.66667,14.0,13.0,4.66667,0.0,0.0,0.0,32.7143,2.17347,0
mylyn,org::eclipse::mylyn::internal::tasks::ui::TaskListSynchronizationScheduler,7.0,5,1,15,18.0,0,46.0,6.0,22,3,142.0,50.0,6.45455,186.0,115.0,8.45454,-44.0,13.0,-2.0,133.571,66.2012,0
mylyn,org::eclipse::mylyn::internal::wikitext::ui::viewer::ImageManager,69.0,13,1,105,119.0,0,313.0,15.0,5,1,149.0,127.0,29.8,19.0,11.0,3.8,130.0,127.0,26.0,24.7143,9.25312,1
mylyn,org::eclipse::mylyn::internal::bugzilla::ui::editor::BugSubmissionHandler,8.0,4,1,6,31.0,0,122.0,4.0,14,2,111.0,37.0,7.92857,96.0,24.0,6.85714,15.0,13.0,1.07143,133.571,7.74517,0
mylyn,org::eclipse::mylyn::internal::trac::ui::WebHyperlink,6.0,3,1,15,8.0,0,19.0,6.0,6,3,19.0,9.0,3.16667,13.0,9.0,2.16667,6.0,4.0,1.0,105.571,74.3684,0
mylyn,org::eclipse::mylyn::internal::tasks::ui::notifications::TaskListNotificationReminder,7.0,5,3,3,7.0,0,19.0,3.0,9,2,17.0,4.0,1.88889,25.0,16.0,2.77778,-8.0,3.0,-0.888889,66.8571,26.3193,0
mylyn,org::eclipse::mylyn::wikitext::core::util::Messages,2.0,2,1,1,3.0,0,9.0,2.0,2,1,1.0,1.0,0.5,1.0,1.0,0.5,0.0,0.0,0.0,19.8571,2.0,0
mylyn,org::eclipse::mylyn::tasks::ui::editors::TaskEditor,89.0,34,1,703,206.0,0,464.0,38.0,148,3,1921.0,340.0,12.9797,1555.0,335.0,10.5068,366.0,130.0,2.47297,118.714,53.4594,1
mylyn,org::eclipse::mylyn::internal::tasks::core::TaskExternalizationException,1.0,0,1,0,1.0,0,3.0,1.0,4,2,8.0,6.0,2.0,6.0,4.0,1.5,2.0,5.0,0.5,90.4286,58.125,0
mylyn,org::eclipse::mylyn::monitor::core::AbstractMonitorLog,11.0,8,1,10,26.0,1,56.0,5.0,16,3,45.0,8.0,2.8125,35.0,5.0,2.1875,10.0,4.0,0.625,109.857,48.0794,0
mylyn,org::eclipse::mylyn::internal::provisional::commons::ui::CommonThemes,10.0,1,1,0,2.0,0,11.0,1.0,3,2,14.0,10.0,4.66667,11.0,10.0,3.66667,3.0,3.0,1.0,45.8571,27.6531,0
mylyn,org::eclipse::mylyn::internal::tasks::ui::actions::AbstractTaskAction,6.0,2,1,3,8.0,0,24.0,3.0,13,3,47.0,13.0,3.61538,43.0,11.0,3.30769,4.0,3.0,0.307692,91.8571,36.7234,0
mylyn,org::eclipse::mylyn::internal::trac::wiki::TracWikiPageHistoryPageSource,3.0,1,1,1,3.0,0,9.0,2.0,3,2,5.0,4.0,1.66667,2.0,1.0,0.666667,3.0,3.0,1.0,81.8571,58.8,0
mylyn,org::eclipse::mylyn::wikitext::core::parser::outline::OutlineParser,14.0,13,1,45,30.0,2,49.0,10.0,14,2,104.0,38.0,7.42857,51.0,21.0,3.64286,53.0,17.0,3.78571,32.7143,11.4258,0
mylyn,org::eclipse::mylyn::internal::wikitext::twiki::core::block::ListBlock,33.0,11,3,36,70.0,0,137.0,9.0,2,1,6.0,6.0,3.0,6.0,6.0,3.0,0.0,0.0,0.0,23.8571,4.0,0
mylyn,org::eclipse::mylyn::internal::context::ui::HighlighterImageDescriptor,48.0,3,1,36,25.0,0,157.0,9.0,6,2,22.0,8.0,3.66667,22.0,8.0,3.66667,0.0,4.0,0.0,139.714,83.948,0
mylyn,org::eclipse::mylyn::internal::tasks::ui::actions::TaskSelectionDialog,33.0,19,1,190,77.0,0,257.0,20.0,52,3,1225.0,388.0,23.5577,755.0,373.0,14.5192,470.0,250.0,9.03846,136.571,76.8238,0
mylyn,org::eclipse::mylyn::internal::jira::core::wsdl::beans::RemoteSecurityLevel,18.0,2,3,28,17.0,0,49.0,8.0,1,1,0.0,0.0,0.0,0.0,0.0,0.0,0.0,0.0,0.0,19.0,0.0,0
mylyn,org::eclipse::mylyn::internal::tasks::ui::actions::NewQueryAction,14.0,11,1,10,30.0,0,58.0,5.0,20,3,124.0,47.0,6.2,49.0,11.0,2.45,75.0,45.0,3.75,139.571,69.841,0
mylyn,org::eclipse::mylyn::internal::jira::core::JiraTaskDataHandler,222.0,65,2,780,851.0,0,1090.0,40.0,6,3,59.0,26.0,9.83333,133.0,86.0,22.1667,-74.0,10.0,-12.3333,114.571,2.39709,0
mylyn,org::eclipse::mylyn::internal::trac::ui::TracImages,4.0,2,1,1,11.0,0,19.0,2.0,9,2,19.0,5.0,2.11111,16.0,5.0,1.77778,3.0,4.0,0.333333,95.5714,59.2406,0
mylyn,org::eclipse::mylyn::internal::tasks::core::LocalTask,7.0,22,4,21,7.0,0,21.0,7.0,13,3,29.0,6.0,2.23077,21.0,4.0,1.61538,8.0,5.0,0.615385,91.8571,16.9212,0
mylyn,org::eclipse::mylyn::internal::tasks::ui::wizards::TaskDataImportWizard,12.0,12,1,21,37.0,0,70.0,7.0,45,3,460.0,92.0,10.2222,694.0,278.0,15.4222,-234.0,41.0,-5.2,139.571,67.8391,0
mylyn,org::eclipse::mylyn::tasks::core::sync::SubmitJob,9.0,10,2,28,23.0,2,47.0,8.0,12,2,65.0,25.0,5.41667,25.0,13.0,2.08333,40.0,25.0,3.33333,46.1429,5.15824,0
mylyn,org::eclipse::mylyn::internal::tasks::ui::OpenRepositoryTaskJob,3.0,11,1,3,23.0,0,60.0,3.0,32,3,250.0,77.0,7.8125,268.0,73.0,8.375,-18.0,69.0,-0.5625,120.143,65.3257,0
mylyn,org::eclipse::mylyn::wikitext::ui::annotation::TitleAnnotation,3.0,2,1,3,4.0,0,10.0,3.0,5,2,7.0,4.0,1.4,6.0,4.0,1.2,1.0,1.0,0.2,32.7143,9.55102,0
mylyn,org::eclipse::mylyn::internal::context::ui::BrowseFilteredListener,25.0,3,1,55,43.0,0,124.0,11.0,21,2,222.0,55.0,10.5714,171.0,33.0,8.14286,51.0,28.0,2.42857,139.714,55.9492,0
mylyn,org::eclipse::mylyn::internal::bugzilla::core::history::Messages,1.0,0,1,0,2.0,0,3.0,1.0,1,1,0.0,0.0,0.0,0.0,0.0,0.0,0.0,0.0,0.0,13.1429,0.0,0
mylyn,org::eclipse::mylyn::internal::wikitext::twiki::core::token::ImpliedEmailLinkReplacementToken,3.0,2,2,6,5.0,0,9.0,4.0,4,1,13.0,10.0,3.25,3.0,2.0,0.75,10.0,10.0,2.5,23.8571,13.5494,0
mylyn,org::eclipse::mylyn::internal::bugzilla::ui::editor::BugzillaCcAttributeEditor,4.0,4,2,1,21.0,0,54.0,2.0,4,2,8.0,4.0,2.0,4.0,2.0,1.0,4.0,3.0,1.0,41.2857,7.96429,0
mylyn,org::eclipse::mylyn::internal::sandbox::ui::hyperlinks::AbstractResourceHyperlinkExtension,11.0,4,1,21,32.0,2,50.0,7.0,3,2,5.0,4.0,1.66667,2.0,1.0,0.666667,3.0,3.0,1.0,33.8571,7.31429,0
mylyn,org::eclipse::mylyn::internal::context::core::InteractionContextRelation,8.0,5,2,28,12.0,0,29.0,8.0,9,2,20.0,5.0,2.22222,20.0,5.0,2.22222,0.0,3.0,0.0,94.2857,34.0357,0
mylyn,org::eclipse::mylyn::internal::tasks::ui::commands::NewSubTaskHandler,4.0,2,1,0,9.0,0,17.0,1.0,4,2,5.0,4.0,1.25,3.0,1.0,0.75,2.0,3.0,0.5,49.0,25.9429,0
mylyn,org::eclipse::mylyn::internal::wikitext::mediawiki::core::token::HyperlinkInternalReplacementToken,3.0,1,2,6,5.0,0,9.0,4.0,3,2,8.0,4.0,2.66667,8.0,4.0,2.66667,0.0,0.0,0.0,32.7143,7.28571,0
mylyn,org::eclipse::mylyn::internal::jira::core::model::Comment,12.0,3,1,66,12.0,0,35.0,12.0,11,2,55.0,28.0,5.0,37.0,22.0,3.36364,18.0,11.0,1.63636,110.714,71.3351,0
mylyn,org::eclipse::mylyn::internal::sandbox::ui::actions::LinkActiveSearchWithEditorAction,8.0,2,1,21,14.0,0,38.0,7.0,8,2,13.0,4.0,1.625,9.0,4.0,1.125,4.0,3.0,0.5,48.8571,11.4725,0
mylyn,org::eclipse::mylyn::internal::tasks::ui::dialogs::TaskListSortDialog,2.0,3,2,1,7.0,0,12.0,2.0,7,3,53.0,29.0,7.57143,277.0,251.0,39.5714,-224.0,14.0,-32.0,44.7143,27.5337,0
mylyn,org::eclipse::mylyn::examples::monitor::study::MylynUserStudyExamplePlugin,5.0,4,1,10,14.0,0,27.0,5.0,7,2,43.0,27.0,6.14286,33.0,24.0,4.71429,10.0,4.0,1.42857,88.0,35.0266,0
mylyn,org::eclipse::mylyn::internal::xplanner::ui::wizard::XPlannerRepositorySettingsPage,7.0,5,4,10,10.0,0,26.0,5.0,1,1,0.0,0.0,0.0,0.0,0.0,0.0,0.0,0.0,0.0,6.42857,0.0,1
mylyn,org::eclipse::mylyn::zest::core::viewers::internal::GraphItemStyler,41.0,9,1,10,79.0,0,201.0,5.0,9,1,96.0,48.0,10.6667,84.0,48.0,9.33333,12.0,5.0,1.33333,103.714,3.6994,0
mylyn,org::eclipse::mylyn::internal::bugzilla::ui::editor::BugzillaKeywordAttributeEditor,8.0,2,2,3,12.0,0,64.0,3.0,5,2,23.0,11.0,4.6,3.0,1.0,0.6,20.0,10.0,4.0,42.0,4.0559,0
mylyn,org::eclipse::mylyn::wikitext::core::parser::markup::Processor,13.0,52,1,36,15.0,2,45.0,9.0,5,2,24.0,14.0,4.8,7.0,5.0,1.4,17.0,13.0,3.4,32.7143,18.119,0
mylyn,org::eclipse::mylyn::internal::tasks::ui::commands::TaskListToolTipHandler,3.0,2,2,0,9.0,0,13.0,1.0,4,2,6.0,4.0,1.5,3.0,1.0,0.75,3.0,3.0,0.75,44.0,24.119,0
mylyn,org::eclipse::mylyn::internal::wikitext::ui::util::HyperlinkDetectorDelegate,14.0,1,1,15,12.0,0,45.0,6.0,1,1,0.0,0.0,0.0,0.0,0.0,0.0,0.0,0.0,0.0,3.85714,0.0,0
mylyn,org::eclipse::mylyn::tasks::core::data::AbstractTaskAttachmentSource,0.0,7,1,15,6.0,4,0.0,6.0,4,2,7.0,4.0,1.75,2.0,1.0,0.5,5.0,3.0,1.25,45.8571,18.2857,0
mylyn,org::eclipse::mylyn::internal::bugzilla::ui::wizard::WizardAttributesPage,1.0,0,2,0,2.0,0,5.0,1.0,4,2,10.0,10.0,2.5,2.0,2.0,0.5,8.0,8.0,2.0,164.0,6.85714,0
mylyn,org::eclipse::mylyn::internal::wikitext::core::parser::builder::Messages,2.0,2,1,1,3.0,0,9.0,2.0,2,1,1.0,1.0,0.5,1.0,1.0,0.5,0.0,0.0,0.0,19.8571,2.0,0
mylyn,org::eclipse::mylyn::context::ui::AbstractAutoFocusViewAction,6.0,4,2,6,13.0,3,37.0,4.0,23,3,92.0,20.0,4.0,94.0,48.0,4.08696,-2.0,7.0,-0.0869565,91.0,30.3292,0
mylyn,org::eclipse::mylyn::internal::wikitext::tasks::ui::editor::TWikiMarkupTaskEditorExtension,1.0,1,3,0,3.0,0,3.0,1.0,2,1,2.0,2.0,1.0,2.0,2.0,1.0,0.0,0.0,0.0,14.7143,7.57143,0
mylyn,org::eclipse::mylyn::internal::bugzilla::ui::BugzillaHyperLink,6.0,0,1,10,7.0,0,37.0,5.0,12,2,13.0,2.0,1.08333,14.0,2.0,1.16667,-1.0,0.0,-0.0833333,154.143,30.5824,0
mylyn,org::eclipse::mylyn::context::ui::AbstractFocusViewAction,71.0,26,1,351,147.0,6,270.0,27.0,40,2,397.0,63.0,9.925,234.0,28.0,5.85,163.0,63.0,4.075,91.0,38.4887,1
mylyn,org::eclipse::mylyn::internal::java::ui::InterestUpdateDeltaListener,16.0,6,1,15,34.0,0,75.0,6.0,14,2,54.0,18.0,3.85714,40.0,7.0,2.85714,14.0,13.0,1.0,92.4286,25.8492,0
mylyn,org::eclipse::mylyn::internal::tasks::ui::AddExistingTaskJob,4.0,7,1,1,10.0,0,68.0,2.0,51,3,187.0,59.0,3.66667,172.0,41.0,3.37255,15.0,18.0,0.294118,120.571,53.1199,1
mylyn,org::eclipse::mylyn::internal::bugzilla::core::BugzillaVersion,27.0,8,1,21,24.0,0,76.0,7.0,4,2,27.0,16.0,6.75,5.0,2.0,1.25,22.0,14.0,5.5,6.71429,2.56614,1
mylyn,org::eclipse::mylyn::internal::trac::ui::editor::TracTaskEditorPage,6.0,7,3,6,22.0,0,39.0,4.0,4,2,7.0,4.0,1.75,4.0,2.0,1.0,3.0,3.0,0.75,39.5714,14.449,1
mylyn,org::eclipse::mylyn::internal::jira::core::wsdl::beans::RemoteProjectRole,32.0,4,1,66,28.0,0,70.0,12.0,9,2,189.0,162.0,21.0,206.0,179.0,22.8889,-17.0,7.0,-1.88889,110.714,24.5745,0
mylyn,org::eclipse::mylyn::context::tests::support::ResourceHelper,12.0,6,1,10,27.0,0,89.0,5.0,9,2,23.0,11.0,2.55556,18.0,6.0,2.0,5.0,5.0,0.555556,131.714,58.3975,0
mylyn,org::eclipse::mylyn::internal::tasks::ui::editors::EditorBusyIndicator,14.0,4,1,6,17.0,0,49.0,4.0,9,2,86.0,67.0,9.55556,126.0,119.0,14.0,-40.0,7.0,-4.44444,90.4286,25.6213,0
mylyn,org::eclipse::mylyn::internal::team::ui::actions::ApplyPatchAction,6.0,3,1,6,12.0,0,29.0,4.0,29,3,318.0,47.0,10.9655,341.0,47.0,11.7586,-23.0,18.0,-0.793103,122.857,18.9618,0
mylyn,org::eclipse::mylyn::tasks::ui::editors::BrowserFormPage,8.0,9,1,10,24.0,1,55.0,5.0,8,2,43.0,24.0,5.375,12.0,5.0,1.5,31.0,19.0,3.875,50.5714,18.6213,0
mylyn,org::eclipse::mylyn::internal::sandbox::ui::views::ActiveSearchQuickView,68.0,10,1,406,121.0,0,556.0,29.0,6,2,8.0,5.0,1.33333,6.0,2.0,1.0,2.0,3.0,0.333333,48.8571,19.125,0
mylyn,org::eclipse::mylyn::zest::core::viewers::AbstractZoomableViewer,2.0,3,1,1,8.0,1,8.0,2.0,1,1,0.0,0.0,0.0,0.0,0.0,0.0,0.0,0.0,0.0,103.714,0.0,0
mylyn,org::eclipse::mylyn::internal::wikitext::core::parser::builder::SplittingMarkupToEclipseToc,3.0,3,2,1,4.0,0,9.0,2.0,4,2,6.0,4.0,1.5,2.0,1.0,0.5,4.0,4.0,1.0,32.7143,19.0476,0
mylyn,org::eclipse::mylyn::internal::tasks::ui::deprecated::AbstractRepositoryQueryWizard,8.0,7,1,3,14.0,0,30.0,3.0,6,2,8.0,4.0,1.33333,9.0,5.0,1.5,-1.0,3.0,-0.166667,44.5714,10.0357,0
mylyn,org::eclipse::mylyn::internal::tasks::bugs::wizards::ReportErrorWizard,4.0,5,1,3,12.0,0,20.0,3.0,11,2,31.0,17.0,2.81818,20.0,10.0,1.81818,11.0,7.0,1.0,42.8571,8.88479,0
mylyn,org::eclipse::mylyn::internal::web::ui::WebResource,7.0,7,1,36,13.0,3,22.0,9.0,5,2,22.0,16.0,4.4,23.0,17.0,4.6,-1.0,3.0,-0.2,92.4286,17.539,0
mylyn,org::eclipse::mylyn::internal::tasks::ui::workingsets::WorkingSetLabelComparator,1.0,1,1,1,5.0,0,3.0,2.0,3,2,5.0,4.0,1.66667,3.0,2.0,1.0,2.0,2.0,0.666667,55.5714,29.0286,0
mylyn,org::eclipse::mylyn::tasks::core::sync::SubmitJobEvent,2.0,2,1,1,2.0,0,6.0,2.0,5,2,14.0,8.0,2.8,2.0,1.0,0.4,12.0,8.0,2.4,46.1429,12.4184,0
mylyn,org::eclipse::mylyn::internal::tasks::ui::util::AttachmentUtil,24.0,49,1,45,119.0,0,194.0,10.0,10,2,78.0,39.0,7.8,244.0,71.0,24.4,-166.0,18.0,-16.6,39.5714,9.99817,1
mylyn,org::eclipse::mylyn::wikitext::core::parser::markup::phrase::HtmlStartTagPhraseModifier,4.0,1,2,6,5.0,0,12.0,4.0,7,2,26.0,11.0,3.71429,5.0,2.0,0.714286,21.0,10.0,3.0,32.7143,13.5549,0
mylyn,org::eclipse::mylyn::internal::jira::core::model::LinkType,10.0,0,1,45,10.0,0,30.0,10.0,6,1,9.0,5.0,1.5,8.0,4.0,1.33333,1.0,4.0,0.166667,110.714,62.9365,0
mylyn,org::eclipse::mylyn::internal::tasks::ui::editors::RepositoryCompletionProcessor,11.0,15,1,45,41.0,0,107.0,10.0,21,3,309.0,217.0,14.7143,140.0,74.0,6.66667,169.0,143.0,8.04762,53.7143,3.23347,0
mylyn,org::eclipse::mylyn::internal::tasks::ui::workingsets::TaskWorkingSetUpdater,45.0,16,1,91,80.0,0,159.0,14.0,37,3,395.0,94.0,10.6757,186.0,47.0,5.02703,209.0,92.0,5.64865,91.2857,16.9031,1
mylyn,org::eclipse::mylyn::internal::wikitext::ui::editor::help::Messages,2.0,2,1,1,3.0,0,9.0,2.0,2,1,1.0,1.0,0.5,1.0,1.0,0.5,0.0,0.0,0.0,19.8571,2.0,1
mylyn,org::eclipse::mylyn::internal::web::ui::WebResourceUiBridge,10.0,5,2,21,12.0,0,29.0,7.0,18,2,55.0,12.0,3.05556,61.0,9.0,3.38889,-6.0,8.0,-0.333333,145.857,46.3273,0
mylyn,org::eclipse::mylyn::internal::web::tasks::WebRepositoryConnector,93.0,36,2,435,255.0,0,457.0,30.0,61,4,628.0,122.0,10.2951,473.0,152.0,7.7541,155.0,31.0,2.54098,92.4286,33.4472,0
mylyn,org::eclipse::mylyn::internal::tasks::core::AutomaticRepositoryTaskContainer,7.0,5,4,36,14.0,2,24.0,9.0,4,2,7.0,4.0,1.75,4.0,2.0,1.0,3.0,3.0,0.75,37.0,16.3265,0
mylyn,org::eclipse::mylyn::tasks::ui::wizards::RepositoryQueryWizard,8.0,15,1,6,23.0,1,41.0,4.0,8,3,27.0,13.0,3.375,16.0,5.0,2.0,11.0,9.0,1.375,44.5714,9.59788,0
mylyn,org::eclipse::mylyn::internal::wikitext::textile::core::block::QuoteBlock,16.0,9,3,6,28.0,0,66.0,4.0,3,2,18.0,16.0,6.0,12.0,10.0,4.0,6.0,6.0,2.0,32.7143,2.95238,0
mylyn,org::eclipse::mylyn::internal::tasks::core::RepositoryPerson,9.0,2,1,28,14.0,0,29.0,8.0,4,2,6.0,4.0,1.5,3.0,1.0,0.75,3.0,3.0,0.75,45.2857,23.619,0
mylyn,org::eclipse::mylyn::internal::team::ui::properties::TeamPropertiesLinkProvider,10.0,5,1,6,19.0,0,41.0,4.0,8,3,18.0,5.0,2.25,11.0,3.0,1.375,7.0,4.0,0.875,71.7143,33.2063,0
mylyn,org::eclipse::mylyn::internal::tasks::core::UnmatchedTaskContainer,3.0,3,5,3,3.0,0,9.0,3.0,10,2,21.0,8.0,2.1,63.0,36.0,6.3,-42.0,3.0,-4.2,60.0,27.1292,0
mylyn,org::eclipse::mylyn::internal::ide::ui::IdeUiBridgePlugin,5.0,2,1,10,8.0,0,15.0,5.0,15,2,76.0,24.0,5.06667,102.0,49.0,6.8,-26.0,23.0,-1.73333,92.4286,37.782,0
mylyn,org::eclipse::mylyn::internal::wikitext::ui::editor::syntax::MarkupDamagerRepairer,2.0,1,1,1,2.0,0,6.0,2.0,2,1,3.0,3.0,1.5,3.0,3.0,1.5,0.0,0.0,0.0,32.7143,1.71429,0
mylyn,org::eclipse::mylyn::internal::context::core::InteractionContextExternalizer,14.0,19,1,10,44.0,0,86.0,5.0,27,3,241.0,45.0,8.92593,172.0,26.0,6.37037,69.0,43.0,2.55556,94.2857,46.0213,0
mylyn,org::eclipse::mylyn::internal::tasks::core::TaskAttachment,26.0,8,1,325,29.0,1,83.0,26.0,6,2,16.0,6.0,2.66667,13.0,6.0,2.16667,3.0,3.0,0.5,45.2857,7.0,0
mylyn,org::eclipse::mylyn::internal::jira::core::wsdl::beans::RemoteIssue,166.0,10,2,1035,159.0,0,288.0,46.0,8,2,774.0,734.0,96.75,876.0,836.0,109.5,-102.0,7.0,-12.75,110.714,21.4956,0
mylyn,org::eclipse::mylyn::internal::tasks::ui::actions::GroupSubTasksAction,2.0,2,1,1,7.0,0,26.0,2.0,8,2,36.0,12.0,4.5,33.0,10.0,4.125,3.0,2.0,0.375,78.8571,32.2937,0
mylyn,org::eclipse::mylyn::internal::context::ui::commands::CopyContextHandler,6.0,7,2,0,18.0,0,41.0,1.0,7,2,26.0,13.0,3.71429,34.0,18.0,4.85714,-8.0,3.0,-1.14286,43.8571,11.1319,0
mylyn,org::eclipse::mylyn::tasks::core::data::TaskData,11.0,112,1,55,15.0,0,41.0,11.0,13,2,51.0,18.0,3.92308,33.0,16.0,2.53846,18.0,15.0,1.38462,47.1429,14.2465,0
mylyn,org::eclipse::mylyn::internal::tasks::bugs::PluginRepositoryMappingManager,17.0,8,1,28,47.0,0,92.0,8.0,9,2,96.0,51.0,10.6667,61.0,22.0,6.77778,35.0,29.0,3.88889,47.5714,16.8557,0
mylyn,org::eclipse::mylyn::wikitext::core::parser::markup::token::PatternLineBreakReplacementToken,4.0,2,2,6,5.0,0,12.0,4.0,6,2,7.0,2.0,1.16667,4.0,2.0,0.666667,3.0,2.0,0.5,32.7143,13.7959,0
mylyn,org::eclipse::mylyn::internal::wikitext::mediawiki::core::block::ParagraphBlock,25.0,7,3,15,32.0,0,88.0,6.0,5,2,27.0,21.0,5.4,12.0,6.0,2.4,15.0,17.0,3.0,32.7143,22.5503,0
mylyn,org::eclipse::mylyn::internal::tasks::ui::editors::LongTextAttributeEditor,4.0,4,2,6,23.0,0,40.0,4.0,13,2,30.0,6.0,2.30769,16.0,3.0,1.23077,14.0,4.0,1.07692,61.2857,22.5286,0
mylyn,org::eclipse::mylyn::internal::wikitext::mediawiki::core::MediaWikiIdGenerationStrategy,3.0,4,2,3,11.0,0,31.0,3.0,2,1,1.0,1.0,0.5,1.0,1.0,0.5,0.0,0.0,0.0,9.85714,1.14286,0
mylyn,org::eclipse::mylyn::wikitext::textile::core::TextileLanguage,18.0,44,3,66,61.0,0,120.0,12.0,12,2,248.0,73.0,20.6667,226.0,122.0,18.8333,22.0,73.0,1.83333,32.7143,18.3957,1
mylyn,org::eclipse::mylyn::internal::java::ui::editor::FocusedJavaProposalProcessor,21.0,11,1,15,37.0,0,77.0,6.0,16,2,54.0,20.0,3.375,35.0,5.0,2.1875,19.0,16.0,1.1875,92.5714,58.1799,0
mylyn,org::eclipse::mylyn::xplanner::wsdl::soap::domain::DomainData,21.0,20,1,45,19.0,7,60.0,10.0,6,2,139.0,135.0,23.1667,145.0,141.0,24.1667,-6.0,0.0,-1.0,93.7143,38.7009,0
mylyn,org::eclipse::mylyn::internal::bugzilla::core::GzipGetMethod,4.0,1,1,3,6.0,0,16.0,3.0,13,3,57.0,16.0,4.38462,96.0,35.0,7.38462,-39.0,7.0,-3.0,49.8571,8.09774,0
mylyn,org::eclipse::mylyn::internal::tasks::ui::editors::TaskUrlHyperlink,2.0,1,1,1,3.0,0,6.0,2.0,6,2,8.0,4.0,1.33333,5.0,2.0,0.833333,3.0,3.0,0.5,90.4286,47.4643,0
mylyn,org::eclipse::mylyn::internal::tasks::ui::OfflineCachingStorage,40.0,5,1,153,81.0,0,166.0,18.0,14,3,36.0,9.0,2.57143,36.0,9.0,2.57143,0.0,5.0,0.0,91.1429,28.7698,0
mylyn,org::eclipse::mylyn::tasks::core::data::TaskDataModelListener,0.0,2,1,1,2.0,1,0.0,2.0,6,2,10.0,4.0,1.66667,3.0,1.0,0.5,7.0,3.0,1.16667,46.5714,14.1714,0
mylyn,org::eclipse::mylyn::wikitext::core::util::IgnoreDtdEntityResolver,6.0,3,1,1,6.0,0,9.0,2.0,5,2,6.0,2.0,1.2,6.0,3.0,1.2,0.0,1.0,0.0,32.7143,12.7143,0
mylyn,org::eclipse::mylyn::internal::tasks::ui::DialogErrorReporter,3.0,1,2,1,8.0,0,26.0,2.0,5,2,14.0,11.0,2.8,7.0,5.0,1.4,7.0,11.0,1.4,40.7143,15.3673,0
mylyn,org::eclipse::mylyn::tasks::ui::wizards::NewTaskWizard,9.0,7,1,21,26.0,3,61.0,7.0,42,3,418.0,113.0,9.95238,382.0,108.0,9.09524,36.0,108.0,0.857143,108.143,38.9269,0
mylyn,org::eclipse::mylyn::internal::wikitext::twiki::core::token::LinkReplacementToken,3.0,2,2,6,5.0,0,9.0,4.0,3,1,7.0,6.0,2.33333,7.0,6.0,2.33333,0.0,0.0,0.0,23.8571,4.73469,0
mylyn,org::eclipse::mylyn::internal::bugzilla::ui::search::SavedQueryFile,21.0,7,1,55,51.0,0,149.0,11.0,3,1,0.0,0.0,0.0,0.0,0.0,0.0,0.0,0.0,0.0,164.0,0.0,0
mylyn,org::eclipse::mylyn::internal::tasks::ui::editors::RepositoryTaskEditorDropListener,24.0,4,1,28,30.0,0,102.0,8.0,9,2,18.0,4.0,2.0,17.0,6.0,1.88889,1.0,3.0,0.111111,45.8571,6.29365,0
mylyn,org::eclipse::mylyn::internal::wikitext::ui::editor::validation::AnnotationMarkupValidator,13.0,6,2,6,31.0,0,56.0,4.0,3,2,14.0,13.0,4.66667,13.0,12.0,4.33333,1.0,1.0,0.333333,32.7143,2.5102,1
mylyn,org::eclipse::mylyn::context::core::ContextCore,6.0,110,1,15,16.0,0,18.0,6.0,9,2,36.0,15.0,4.0,9.0,5.0,1.0,27.0,15.0,3.0,48.8571,5.69841,0
mylyn,org::eclipse::mylyn::internal::tasks::ui::search::SearchHitCollector,11.0,22,2,36,36.0,0,74.0,9.0,20,3,181.0,111.0,9.05,172.0,63.0,8.6,9.0,48.0,0.45,131.143,87.8406,0
mylyn,org::eclipse::mylyn::internal::wikitext::tracwiki::core::token::LineBreakToken,3.0,2,2,6,5.0,0,9.0,4.0,3,2,3.0,2.0,1.0,3.0,2.0,1.0,0.0,0.0,0.0,32.7143,5.42857,0
mylyn,org::eclipse::mylyn::internal::tasks::ui::views::TaskKeyComparator,25.0,5,1,10,21.0,0,68.0,5.0,13,3,100.0,69.0,7.69231,35.0,19.0,2.69231,65.0,50.0,5.0,139.571,71.5786,1
mylyn,org::eclipse::mylyn::internal::tasks::ui::util::DownloadAttachmentJob,2.0,7,1,1,12.0,0,27.0,2.0,3,2,10.0,6.0,3.33333,6.0,5.0,2.0,4.0,3.0,1.33333,39.5714,20.2,0
mylyn,org::eclipse::mylyn::zest::layouts::algorithms::CompositeLayoutAlgorithm,10.0,5,2,28,14.0,0,43.0,8.0,3,1,11.0,6.0,3.66667,15.0,10.0,5.0,-4.0,0.0,-1.33333,121.714,24.7403,0
mylyn,org::eclipse::mylyn::internal::tasks::ui::preferences::Messages,1.0,0,1,0,2.0,0,3.0,1.0,1,1,0.0,0.0,0.0,0.0,0.0,0.0,0.0,0.0,0.0,14.5714,0.0,0
mylyn,org::eclipse::mylyn::internal::provisional::commons::ui::ScalingHyperlink,12.0,2,1,15,14.0,1,47.0,6.0,3,2,5.0,4.0,1.66667,2.0,1.0,0.666667,3.0,3.0,1.0,39.8571,15.6286,0
mylyn,org::eclipse::mylyn::internal::jira::core::model::Resolution,14.0,10,1,66,14.0,0,45.0,12.0,12,2,26.0,7.0,2.16667,60.0,25.0,5.0,-34.0,7.0,-2.83333,110.714,60.7967,0
mylyn,org::eclipse::mylyn::bugzilla::deprecated::BugzillaRepositoryQuery,4.0,4,4,6,5.0,0,14.0,4.0,3,3,4.0,4.0,1.33333,1.0,1.0,0.333333,3.0,3.0,1.0,39.5714,13.0,0
mylyn,org::eclipse::mylyn::wikitext::core::parser::markup::token::PatternEntityReferenceReplacementToken,4.0,3,2,6,5.0,1,13.0,4.0,6,2,10.0,4.0,1.66667,6.0,3.0,1.0,4.0,2.0,0.666667,32.7143,10.1714,0
mylyn,org::eclipse::mylyn::internal::tasks::ui::wizards::TaskDataImportWizardPage,22.0,7,1,66,53.0,0,157.0,12.0,37,3,402.0,138.0,10.8649,535.0,120.0,14.4595,-133.0,98.0,-3.59459,139.571,32.5199,0
mylyn,org::eclipse::mylyn::internal::jira::core::service::JiraClientData,0.0,1,1,0,1.0,0,0.0,1.0,9,2,84.0,65.0,9.33333,80.0,65.0,8.88889,4.0,65.0,0.444444,96.8571,7.40136,0
mylyn,org::eclipse::mylyn::wikitext::ui::annotation::ClassAnnotation,2.0,2,1,1,3.0,0,6.0,2.0,5,2,4.0,1.0,0.8,4.0,2.0,0.8,0.0,1.0,0.0,32.7143,15.4286,0
mylyn,org::eclipse::mylyn::internal::tasks::bugs::actions::NewTaskFromMarkerHandler,3.0,6,1,1,13.0,0,44.0,2.0,6,2,20.0,7.0,3.33333,20.0,12.0,3.33333,0.0,3.0,0.0,40.7143,12.9,0
mylyn,org::eclipse::mylyn::internal::jira::core::model::filter::ComponentFilter,4.0,6,1,6,5.0,0,13.0,4.0,6,1,13.0,5.0,2.16667,14.0,6.0,2.33333,-1.0,4.0,-0.166667,110.714,49.7143,0
mylyn,org::eclipse::mylyn::internal::context::ui::ContextUiImages,8.0,8,1,6,19.0,0,37.0,4.0,18,2,62.0,15.0,3.44444,91.0,47.0,5.05556,-29.0,4.0,-1.61111,139.143,80.7166,1
mylyn,org::eclipse::mylyn::internal::tasks::core::DefaultTaskMapping,4.0,1,2,10,9.0,0,12.0,5.0,3,2,8.0,7.0,2.66667,2.0,1.0,0.666667,6.0,6.0,2.0,37.1429,12.7679,0
mylyn,org::eclipse::mylyn::internal::tasks::ui::commands::OpenSelectedTaskHandler,2.0,1,2,0,2.0,0,5.0,1.0,7,2,15.0,5.0,2.14286,11.0,4.0,1.57143,4.0,3.0,0.571429,46.0,9.09524,0
mylyn,org::eclipse::mylyn::internal::tasks::ui::ComboSelectionDialog,5.0,1,1,10,11.0,0,53.0,5.0,6,2,9.0,4.0,1.5,14.0,5.0,2.33333,-5.0,2.0,-0.833333,139.571,58.3016,0
mylyn,org::eclipse::mylyn::internal::tasks::ui::actions::CompareAttachmentsAction,9.0,4,1,10,19.0,0,65.0,5.0,14,2,91.0,52.0,6.5,94.0,58.0,6.71429,-3.0,3.0,-0.214286,57.0,17.2465,0
mylyn,org::eclipse::mylyn::zest::core::viewers::internal::AbstractStructuredGraphViewer,106.0,15,2,861,271.0,1,407.0,42.0,9,1,105.0,34.0,11.6667,114.0,48.0,12.6667,-9.0,8.0,-1.0,103.714,3.12381,0
mylyn,org::eclipse::mylyn::internal::tasks::core::OfflineDataStore,6.0,1,1,15,7.0,0,19.0,6.0,14,3,38.0,10.0,2.71429,28.0,5.0,2.0,10.0,9.0,0.714286,118.714,34.5714,0
mylyn,org::eclipse::mylyn::wikitext::core::parser::builder::MultiplexingDocumentBuilder,19.0,1,2,171,40.0,0,92.0,19.0,6,2,26.0,22.0,4.33333,25.0,22.0,4.16667,1.0,1.0,0.166667,32.7143,4.21429,0
mylyn,org::eclipse::mylyn::internal::wikitext::tasks::ui::actions::ToggleActiveFoldingEditorActionDelegate,4.0,1,1,6,10.0,0,15.0,4.0,2,1,2.0,2.0,1.0,2.0,2.0,1.0,0.0,0.0,0.0,8.0,0.285714,0
mylyn,org::eclipse::mylyn::internal::web::tasks::WebContentProposalProvider,5.0,6,1,6,22.0,0,78.0,4.0,5,3,7.0,4.0,1.4,3.0,1.0,0.6,4.0,3.0,0.8,87.2857,50.4082,0
mylyn,org::eclipse::mylyn::internal::wikitext::tasks::ui::WikiTextTasksUiPlugin,15.0,13,1,28,29.0,0,51.0,8.0,3,1,6.0,5.0,2.0,1.0,1.0,0.333333,5.0,5.0,1.66667,8.0,3.47619,0
mylyn,org::eclipse::mylyn::internal::tasks::ui::ScheduleDatePicker,14.0,9,1,66,31.0,0,112.0,12.0,15,3,112.0,37.0,7.46667,94.0,43.0,6.26667,18.0,24.0,1.2,59.0,12.5268,0
mylyn,org::eclipse::mylyn::internal::tasks::core::UncategorizedTaskContainer,5.0,3,4,10,6.0,0,15.0,5.0,9,3,10.0,4.0,1.11111,13.0,5.0,1.44444,-3.0,3.0,-0.333333,60.0,28.1857,0
mylyn,org::eclipse::mylyn::internal::tasks::ui::editors::PreviewAttributeEditor,14.0,4,2,15,21.0,0,187.0,6.0,14,2,53.0,13.0,3.78571,37.0,9.0,2.64286,16.0,7.0,1.14286,57.2857,22.3315,1
mylyn,org::eclipse::mylyn::wikitext::core::validation::DocumentLocalReferenceValidationRule,6.0,8,2,3,16.0,5,29.0,3.0,1,1,0.0,0.0,0.0,0.0,0.0,0.0,0.0,0.0,0.0,16.4286,0.0,0
mylyn,org::eclipse::mylyn::internal::bugzilla::ui::actions::AddFavoriteAction,6.0,4,2,3,21.0,0,60.0,3.0,2,1,0.0,0.0,0.0,0.0,0.0,0.0,0.0,0.0,0.0,164.0,0.0,0
mylyn,org::eclipse::mylyn::internal::sandbox::dev::MylynDevPlugin,4.0,2,1,6,8.0,0,18.0,4.0,5,2,18.0,13.0,3.6,3.0,1.0,0.6,15.0,13.0,3.0,70.7143,39.746,0
mylyn,org::eclipse::mylyn::internal::sandbox::ui::views::ContextHierarchyView,20.0,16,1,78,83.0,0,144.0,13.0,10,2,20.0,7.0,2.0,24.0,13.0,2.4,-4.0,3.0,-0.4,48.8571,9.16429,0
mylyn,org::eclipse::mylyn::internal::hypertext::ui::editors::WebElementsEditorFactory,7.0,2,1,15,9.0,0,20.0,6.0,8,1,18.0,11.0,2.25,9.0,6.0,1.125,9.0,5.0,1.125,164.0,1.20635,0
mylyn,org::eclipse::mylyn::internal::bugzilla::core::BugzillaAttributeMapper,75.0,14,2,66,196.0,0,223.0,12.0,18,2,228.0,54.0,12.6667,70.0,34.0,3.88889,158.0,37.0,8.77778,42.0,5.4693,1
mylyn,org::eclipse::mylyn::internal::tasks::ui::util::TaskDataSnapshotOperation,2.0,3,2,1,7.0,0,9.0,2.0,1,1,0.0,0.0,0.0,0.0,0.0,0.0,0.0,0.0,0.0,5.14286,0.0,0
mylyn,org::eclipse::mylyn::internal::sandbox::ui::views::RelatedElementsPopupDialog,87.0,35,1,990,191.0,0,480.0,45.0,12,2,31.0,13.0,2.58333,21.0,5.0,1.75,10.0,8.0,0.833333,48.8571,8.05991,0
mylyn,org::eclipse::mylyn::internal::tasks::ui::actions::AddRepositoryAction,12.0,11,1,15,30.0,0,56.0,6.0,24,3,119.0,60.0,4.95833,72.0,28.0,3.0,47.0,59.0,1.95833,139.571,74.2521,1
mylyn,org::eclipse::mylyn::internal::xplanner::ui::XPlannerRepositoryConnector,66.0,33,2,351,175.0,0,400.0,27.0,1,1,0.0,0.0,0.0,0.0,0.0,0.0,0.0,0.0,0.0,6.42857,0.0,1
mylyn,org::eclipse::mylyn::internal::context::ui::wizards::ContextRetrieveWizard,3.0,7,1,3,13.0,0,17.0,3.0,14,3,25.0,4.0,1.78571,22.0,5.0,1.57143,3.0,3.0,0.214286,50.2857,11.4857,0
mylyn,org::eclipse::mylyn::zest::core::widgets::internal::GraphLabel,3.0,4,2,10,26.0,0,19.0,5.0,8,1,82.0,63.0,10.25,20.0,5.0,2.5,62.0,59.0,7.75,103.714,18.8728,0
mylyn,org::eclipse::mylyn::internal::pde::ui::PdeUiBridge,34.0,9,2,45,59.0,0,188.0,10.0,22,2,123.0,16.0,5.59091,143.0,16.0,6.5,-20.0,3.0,-0.909091,92.4286,46.1324,0
mylyn,org::eclipse::mylyn::internal::tasks::ui::util::TaskDataExportOperation,9.0,12,1,6,37.0,1,59.0,4.0,17,3,370.0,161.0,21.7647,522.0,230.0,30.7059,-152.0,31.0,-8.94118,46.0,23.6676,0
mylyn,org::eclipse::mylyn::internal::sandbox::ui::actions::ToggleRelationshipProviderAction,8.0,3,1,15,25.0,0,36.0,6.0,8,2,11.0,5.0,1.375,9.0,4.0,1.125,2.0,1.0,0.25,48.8571,15.3117,0
mylyn,org::eclipse::mylyn::internal::jira::core::JiraFieldData,0.0,0,1,0,0.0,0,0.0,0.0,1,1,0.0,0.0,0.0,0.0,0.0,0.0,0.0,0.0,0.0,18.8571,0.0,0
mylyn,org::eclipse::mylyn::internal::wikitext::textile::core::validation::TextileReferenceValidationRule,1.0,2,3,1,3.0,0,3.0,2.0,1,1,0.0,0.0,0.0,0.0,0.0,0.0,0.0,0.0,0.0,16.4286,0.0,0
mylyn,org::eclipse::mylyn::internal::tasks::ui::editors::TaskEditorCommentPart,28.0,13,2,66,98.0,0,225.0,12.0,52,2,1666.0,455.0,32.0385,1331.0,359.0,25.5962,335.0,191.0,6.44231,61.2857,31.5154,1
mylyn,org::eclipse::mylyn::internal::context::ui::wizards::Messages,1.0,0,1,0,2.0,0,3.0,1.0,3,1,2.0,1.0,0.666667,2.0,1.0,0.666667,0.0,0.0,0.0,14.8571,0.142857,0
mylyn,org::eclipse::mylyn::internal::java::ui::editor::AbstractEditorHyperlinkDetector,2.0,0,1,3,3.0,0,6.0,3.0,5,1,8.0,5.0,1.6,7.0,4.0,1.4,1.0,4.0,0.2,162.571,111.875,0
mylyn,org::eclipse::mylyn::internal::wikitext::tracwiki::core::block::QuoteBlock,21.0,10,3,15,42.0,0,72.0,6.0,3,2,8.0,7.0,2.66667,8.0,7.0,2.66667,0.0,0.0,0.0,32.7143,3.10714,0
mylyn,org::eclipse::mylyn::internal::sandbox::ui::actions::OpenActiveSearchQuickView,6.0,3,1,6,12.0,0,26.0,4.0,4,2,6.0,4.0,1.5,2.0,1.0,0.5,4.0,3.0,1.0,48.8571,21.7143,0
mylyn,org::eclipse::mylyn::internal::wikitext::ui::editor::preferences::Messages,2.0,3,1,1,3.0,0,9.0,2.0,2,1,1.0,1.0,0.5,1.0,1.0,0.5,0.0,0.0,0.0,19.8571,2.0,1
mylyn,org::eclipse::mylyn::internal::web::tasks::WebConnectorUi,7.0,7,2,15,15.0,0,25.0,6.0,16,2,38.0,6.0,2.375,35.0,8.0,2.1875,3.0,4.0,0.1875,90.4286,41.0752,0
mylyn,org::eclipse::mylyn::internal::jira::core::JiraClientFactory,23.0,27,1,91,48.0,0,81.0,14.0,11,3,43.0,14.0,3.90909,45.0,20.0,4.09091,-2.0,4.0,-0.181818,48.7143,10.8339,0
mylyn,org::eclipse::mylyn::internal::jira::core::service::web::JiraWebSessionCallback,11.0,6,1,10,15.0,13,36.0,5.0,19,2,121.0,56.0,6.36842,41.0,5.0,2.15789,80.0,53.0,4.21053,110.714,59.5679,0
mylyn,org::eclipse::mylyn::internal::context::ui::actions::FocusTaskListAction,22.0,10,2,66,47.0,0,117.0,12.0,30,4,172.0,40.0,5.73333,127.0,32.0,4.23333,45.0,13.0,1.5,119.0,56.2533,1
mylyn,org::eclipse::mylyn::wikitext::core::util::anttask::MarkupToDocbookTask,27.0,13,2,105,94.0,0,160.0,15.0,10,2,79.0,30.0,7.9,49.0,28.0,4.9,30.0,12.0,3.0,32.7143,8.9783,0
mylyn,org::eclipse::mylyn::internal::tasks::ui::properties::Messages,1.0,0,1,0,2.0,0,3.0,1.0,1,1,0.0,0.0,0.0,0.0,0.0,0.0,0.0,0.0,0.0,14.7143,0.0,0
mylyn,org::eclipse::mylyn::tasks::ui::SynchronizeChangedTasksJob,8.0,4,1,6,17.0,0,43.0,4.0,4,2,3.0,2.0,0.75,3.0,2.0,0.75,0.0,0.0,0.0,91.7143,0.285714,0
mylyn,org::eclipse::mylyn::internal::wikitext::tracwiki::core::token::BangEscapeToken,3.0,1,2,6,5.0,0,9.0,4.0,3,2,4.0,3.0,1.33333,4.0,3.0,1.33333,0.0,0.0,0.0,32.7143,4.5,0
mylyn,org::eclipse::mylyn::internal::tasks::ui::ScheduleTaskMenuContributor,21.0,8,1,28,71.0,0,213.0,8.0,64,3,641.0,113.0,10.0156,636.0,226.0,9.9375,5.0,48.0,0.078125,125.0,68.7078,0
mylyn,org::eclipse::mylyn::internal::jira::core::model::filter::RelativeDateRangeFilter,11.0,4,2,36,23.0,0,43.0,9.0,9,2,13.0,5.0,1.44444,24.0,15.0,2.66667,-11.0,4.0,-1.22222,110.714,53.1868,0
mylyn,org::eclipse::mylyn::internal::bugzilla::core::BugzillaClientManager,11.0,15,1,28,25.0,0,41.0,8.0,27,3,94.0,10.0,3.48148,75.0,10.0,2.77778,19.0,7.0,0.703704,123.857,66.9574,1
mylyn,org::eclipse::mylyn::internal::tasks::core::TaskRepositoriesExternalizer,10.0,14,1,6,45.0,0,78.0,4.0,20,3,128.0,39.0,6.4,67.0,10.0,3.35,61.0,34.0,3.05,139.143,51.2042,0
mylyn,org::eclipse::mylyn::internal::tasks::ui::TasksReminderDialog,16.0,6,1,21,40.0,0,114.0,7.0,15,3,60.0,15.0,4.0,62.0,15.0,4.13333,-2.0,4.0,-0.133333,139.571,77.1762,0
mylyn,org::eclipse::mylyn::internal::monitor::ui::WorkbenchUserActivityMonitor,5.0,1,2,3,8.0,0,17.0,3.0,5,2,6.0,4.0,1.2,7.0,4.0,1.4,-1.0,3.0,-0.2,90.7143,56.5,0
mylyn,org::eclipse::mylyn::internal::wikitext::ui::util::css::SparseCharSequence,27.0,10,1,21,46.0,0,91.0,7.0,1,1,0.0,0.0,0.0,0.0,0.0,0.0,0.0,0.0,0.0,5.42857,0.0,0
mylyn,org::eclipse::mylyn::internal::wikitext::tracwiki::core::phrase::EscapePhraseModifier,3.0,2,2,6,5.0,0,12.0,4.0,3,2,9.0,5.0,3.0,15.0,11.0,5.0,-6.0,0.0,-2.0,32.7143,6.66667,0
mylyn,org::eclipse::mylyn::internal::tasks::ui::editors::TaskEditorActionPart,36.0,23,2,55,104.0,0,214.0,11.0,46,3,534.0,121.0,11.6087,463.0,178.0,10.0652,71.0,91.0,1.54348,61.2857,17.9572,1
mylyn,org::eclipse::mylyn::zest::layouts::constraints::BasicEdgeConstraints,1.0,0,1,0,1.0,0,4.0,1.0,2,1,2.0,2.0,1.0,2.0,2.0,1.0,0.0,0.0,0.0,135.857,43.7143,0
mylyn,org::eclipse::mylyn::internal::jira::core::wsdl::soap::RemoteValidationException,12.0,1,2,21,12.0,0,40.0,7.0,9,2,106.0,76.0,11.7778,107.0,77.0,11.8889,-1.0,7.0,-0.111111,110.714,27.686,0
mylyn,org::eclipse::mylyn::internal::sandbox::ui::IncomingTaskListContentProvider,15.0,9,3,10,38.0,0,51.0,5.0,14,3,80.0,21.0,5.71429,50.0,7.0,3.57143,30.0,19.0,2.14286,79.0,28.0554,0
mylyn,org::eclipse::mylyn::internal::tasks::ui::actions::CloneTaskAction,11.0,11,1,6,25.0,0,57.0,4.0,20,3,152.0,42.0,7.6,149.0,65.0,7.45,3.0,22.0,0.15,77.7143,25.6767,0
mylyn,org::eclipse::mylyn::tasks::ui::TaskHyperlink,8.0,16,1,21,11.0,0,27.0,7.0,16,3,101.0,60.0,6.3125,81.0,60.0,5.0625,20.0,60.0,1.25,105.143,14.9265,0
mylyn,org::eclipse::mylyn::internal::resources::ui::ResourcesUiPreferenceInitializer,9.0,7,1,21,23.0,0,34.0,7.0,11,2,39.0,20.0,3.54545,31.0,6.0,2.81818,8.0,17.0,0.727273,92.4286,32.6154,0
mylyn,org::eclipse::mylyn::internal::compatibility::Messages,1.0,0,1,0,2.0,0,3.0,1.0,1,1,0.0,0.0,0.0,0.0,0.0,0.0,0.0,0.0,0.0,19.1429,0.0,0
mylyn,org::eclipse::mylyn::internal::xplanner::ui::XPlannerTaskDataHandler,30.0,22,2,28,100.0,0,152.0,8.0,1,1,0.0,0.0,0.0,0.0,0.0,0.0,0.0,0.0,0.0,6.42857,0.0,1
mylyn,org::eclipse::mylyn::internal::tasks::core::DateRange,33.0,26,1,91,49.0,2,87.0,14.0,15,3,300.0,192.0,20.0,246.0,108.0,16.4,54.0,183.0,3.6,45.4286,5.54333,0
mylyn,org::eclipse::mylyn::internal::web::ui::WebUiUtil,17.0,6,1,6,27.0,0,65.0,4.0,17,2,144.0,34.0,8.47059,86.0,30.0,5.05882,58.0,34.0,3.41176,145.857,42.3879,0
mylyn,org::eclipse::mylyn::internal::jira::core::service::web::JiraWebClient,101.0,28,1,325,135.0,0,602.0,26.0,20,2,431.0,102.0,21.55,399.0,104.0,19.95,32.0,21.0,1.6,54.0,17.9466,0
mylyn,org::eclipse::mylyn::internal::bugzilla::core::BugzillaQueryHit,9.0,2,2,6,7.0,0,20.0,4.0,11,2,15.0,5.0,1.36364,61.0,42.0,5.54545,-46.0,3.0,-4.18182,132.714,18.7143,0
mylyn,org::eclipse::mylyn::internal::context::core::SaxContextContentHandler,13.0,9,1,6,24.0,0,77.0,4.0,30,2,246.0,96.0,8.2,179.0,96.0,5.96667,67.0,96.0,2.23333,109.857,38.3304,1
mylyn,org::eclipse::mylyn::internal::tasks::ui::commands::RemoteTaskSelectionDialog,18.0,17,1,55,58.0,0,226.0,11.0,52,3,251.0,68.0,4.82692,289.0,67.0,5.55769,-38.0,64.0,-0.730769,120.571,30.9158,0
mylyn,org::eclipse::mylyn::internal::tasks::ui::notifications::TaskListNotificationQueryIncoming,7.0,4,3,3,7.0,0,19.0,3.0,10,2,14.0,4.0,1.4,68.0,49.0,6.8,-54.0,3.0,-5.4,66.8571,29.0204,0
mylyn,org::eclipse::mylyn::wikitext::tests::ClassTraversal,3.0,4,1,1,14.0,0,21.0,2.0,7,1,19.0,11.0,2.71429,4.0,1.0,0.571429,15.0,10.0,2.14286,16.7143,10.1729,0
mylyn,org::eclipse::mylyn::internal::trac::ui::TracSearchHandler,2.0,6,2,3,14.0,0,21.0,3.0,6,2,8.0,4.0,1.33333,5.0,1.0,0.833333,3.0,3.0,0.5,39.5714,15.0536,0
mylyn,org::eclipse::mylyn::tasks::core::TaskRepository,106.0,231,1,1770,190.0,0,336.0,60.0,80,3,1609.0,322.0,20.1125,1001.0,332.0,12.5125,608.0,129.0,7.6,139.714,63.973,1
mylyn,org::eclipse::mylyn::internal::jira::core::JiraField,1.0,0,2,0,1.0,0,3.0,1.0,1,1,0.0,0.0,0.0,0.0,0.0,0.0,0.0,0.0,0.0,18.8571,0.0,0
mylyn,org::eclipse::mylyn::bugzilla::deprecated::BugzillaCompareStructureCreator,9.0,3,1,15,9.0,0,30.0,6.0,3,3,8.0,8.0,2.66667,3.0,3.0,1.0,5.0,5.0,1.66667,39.5714,13.0,0
mylyn,org::eclipse::mylyn::internal::jira::core::wsdl::soap::RemoteException,12.0,3,1,21,10.0,3,40.0,7.0,9,2,103.0,74.0,11.4444,106.0,77.0,11.7778,-3.0,7.0,-0.333333,110.714,27.9168,0
mylyn,org::eclipse::mylyn::internal::bugzilla::core::SaxMultiBugReportContentHandler,130.0,21,1,66,248.0,0,523.0,12.0,46,4,1114.0,300.0,24.2174,778.0,300.0,16.913,336.0,300.0,7.30435,103.0,44.58,1
mylyn,org::eclipse::mylyn::internal::tasks::ui::wizards::NewQueryWizard,1.0,2,2,0,2.0,0,3.0,1.0,21,3,41.0,5.0,1.95238,40.0,5.0,1.90476,1.0,4.0,0.047619,139.571,40.9512,0
mylyn,org::eclipse::mylyn::internal::wikitext::ui::util::WikiTextUiResources,2.0,2,1,0,4.0,0,12.0,1.0,2,2,3.0,3.0,1.5,3.0,3.0,1.5,0.0,0.0,0.0,26.5714,6.71429,0
mylyn,org::eclipse::mylyn::internal::jira::core::model::IssueLink,7.0,2,1,21,7.0,0,26.0,7.0,7,2,45.0,31.0,6.42857,14.0,6.0,2.0,31.0,30.0,4.42857,110.714,26.8794,0
mylyn,org::eclipse::mylyn::internal::jira::core::model::IssueType,16.0,11,1,91,16.0,0,51.0,14.0,14,2,41.0,11.0,2.92857,64.0,25.0,4.57143,-23.0,11.0,-1.64286,110.714,54.7213,0
mylyn,org::eclipse::mylyn::internal::tasks::bugs::AttributeTaskMapper,8.0,10,1,10,16.0,0,25.0,5.0,19,2,177.0,99.0,9.31579,73.0,24.0,3.84211,104.0,99.0,5.47368,47.5714,6.69169,1
mylyn,org::eclipse::mylyn::internal::tasks::ui::util::SelectionProviderAdapter,5.0,3,1,15,13.0,0,24.0,6.0,4,2,30.0,24.0,7.5,8.0,6.0,2.0,22.0,18.0,5.5,57.8571,47.6429,0
mylyn,org::eclipse::mylyn::internal::tasks::ui::editors::ContentOutlineTools,8.0,2,1,1,12.0,0,24.0,2.0,10,3,20.0,5.0,2.0,19.0,4.0,1.9,1.0,4.0,0.1,139.571,64.8286,0
mylyn,org::eclipse::mylyn::internal::jira::core::service::soap::JiraSoapServiceLocator,7.0,1,3,15,9.0,0,43.0,6.0,5,2,12.0,7.0,2.4,6.0,3.0,1.2,6.0,4.0,1.2,54.0,29.0833,0
mylyn,org::eclipse::mylyn::internal::bugzilla::ui::search::BugzillaSearchOperation,7.0,0,1,15,11.0,0,41.0,6.0,7,2,14.0,6.0,2.0,13.0,6.0,1.85714,1.0,1.0,0.142857,148.571,14.1429,0
mylyn,org::eclipse::mylyn::internal::wikitext::ui::editor::dnd::DndConfigurationStrategy,4.0,3,1,3,9.0,0,24.0,3.0,2,1,1.0,1.0,0.5,1.0,1.0,0.5,0.0,0.0,0.0,7.71429,0.142857,0
mylyn,org::eclipse::mylyn::internal::xplanner::ui::editor::XPlannerUserStoryEditor,30.0,22,1,210,122.0,0,301.0,21.0,1,1,0.0,0.0,0.0,0.0,0.0,0.0,0.0,0.0,0.0,6.42857,0.0,1
mylyn,org::eclipse::mylyn::internal::sandbox::ui::JavaContextLabelProvider,35.0,7,1,21,44.0,0,96.0,7.0,5,2,9.0,5.0,1.8,7.0,4.0,1.4,2.0,1.0,0.4,48.8571,18.3175,0
mylyn,org::eclipse::mylyn::internal::tasks::ui::actions::TaskDeactivateAction,2.0,5,1,1,6.0,0,8.0,2.0,25,2,46.0,8.0,1.84,44.0,8.0,1.76,2.0,3.0,0.08,139.571,69.1118,0
mylyn,org::eclipse::mylyn::internal::tasks::ui::actions::AbstractTaskRepositoryAction,15.0,7,1,15,19.0,4,41.0,6.0,16,2,113.0,43.0,7.0625,72.0,43.0,4.5,41.0,43.0,2.5625,107.857,36.9545,0
mylyn,org::eclipse::mylyn::internal::tasks::ui::views::TaskRepositoriesTableLabelProvider,13.0,3,1,3,12.0,0,42.0,3.0,2,2,0.0,0.0,0.0,0.0,0.0,0.0,0.0,0.0,0.0,131.571,0.0,0
mylyn,org::eclipse::mylyn::internal::tasks::ui::TaskArchiveFilter,5.0,1,2,0,3.0,0,14.0,1.0,18,3,48.0,11.0,2.66667,37.0,8.0,2.05556,11.0,8.0,0.611111,139.571,78.2351,0
mylyn,org::eclipse::mylyn::internal::tasks::ui::views::TaskListToolTipHandler,84.0,15,1,120,142.0,0,456.0,16.0,62,2,1290.0,255.0,20.8065,1011.0,319.0,16.3065,279.0,100.0,4.5,139.571,42.357,0
mylyn,org::eclipse::mylyn::internal::tasks::ui::actions::CommentActionGroup,9.0,2,1,15,16.0,0,32.0,6.0,1,1,0.0,0.0,0.0,0.0,0.0,0.0,0.0,0.0,0.0,6.85714,0.0,0
mylyn,org::eclipse::mylyn::internal::tasks::core::data::TaskDataState,32.0,10,1,253,81.0,0,130.0,23.0,15,2,151.0,36.0,10.0667,92.0,44.0,6.13333,59.0,19.0,3.93333,47.1429,2.7474,0
mylyn,org::eclipse::mylyn::internal::tasks::ui::actions::TaskListSortAction,3.0,2,1,1,7.0,0,11.0,2.0,5,3,16.0,7.0,3.2,4.0,1.0,0.8,12.0,6.0,2.4,44.7143,28.0089,0
mylyn,org::eclipse::mylyn::internal::tasks::ui::actions::SynchronizeAllAction,3.0,1,1,3,4.0,0,9.0,3.0,11,3,16.0,4.0,1.45455,16.0,4.0,1.45455,0.0,3.0,0.0,139.429,84.4286,0
mylyn,org::eclipse::mylyn::wikitext::core::parser::LinkAttributes,4.0,6,2,10,5.0,0,12.0,5.0,5,2,33.0,28.0,6.6,3.0,2.0,0.6,30.0,28.0,6.0,32.7143,3.03896,0
mylyn,org::eclipse::mylyn::internal::jira::core::model::ServerInfo,17.0,10,1,153,20.0,0,52.0,18.0,12,2,49.0,12.0,4.08333,20.0,5.0,1.66667,29.0,10.0,2.41667,110.714,42.8134,0
mylyn,org::eclipse::mylyn::internal::monitor::usage::editors::UsageSummaryReportEditorPart,17.0,15,2,36,62.0,0,189.0,9.0,26,3,445.0,278.0,17.1154,414.0,283.0,15.9231,31.0,278.0,1.19231,103.571,4.49567,0
mylyn,org::eclipse::mylyn::internal::sandbox::dev::IntrospectObjectAction,13.0,14,1,3,32.0,0,64.0,3.0,22,2,48.0,7.0,2.18182,41.0,7.0,1.86364,7.0,4.0,0.318182,92.0,30.2321,0
mylyn,org::eclipse::mylyn::internal::wikitext::ui::viewer::AnnotationHyperlinkDetector,14.0,7,1,6,25.0,1,50.0,4.0,4,2,26.0,20.0,6.5,19.0,17.0,4.75,7.0,4.0,1.75,32.7143,2.22527,0
mylyn,org::eclipse::mylyn::internal::tasks::ui::wizards::NewLocalCategoryWizard,3.0,1,1,3,6.0,0,10.0,3.0,7,2,11.0,4.0,1.57143,9.0,2.0,1.28571,2.0,3.0,0.285714,133.0,69.8571,0
mylyn,org::eclipse::mylyn::internal::wikitext::ui::editor::commands::ShowQuickOutlineCommand,4.0,1,1,0,7.0,0,14.0,1.0,1,1,0.0,0.0,0.0,0.0,0.0,0.0,0.0,0.0,0.0,4.0,0.0,1
mylyn,org::eclipse::mylyn::internal::jira::core::model::filter::NobodyFilter,1.0,2,2,1,3.0,0,3.0,2.0,7,1,10.0,5.0,1.42857,8.0,4.0,1.14286,2.0,4.0,0.285714,110.714,58.7,0
mylyn,org::eclipse::mylyn::internal::java::ui::editor::ActiveFoldingListener,28.0,12,2,36,67.0,0,124.0,9.0,47,2,442.0,185.0,9.40425,637.0,269.0,13.5532,-195.0,7.0,-4.14894,164.0,35.6639,1
mylyn,org::eclipse::mylyn::internal::tasks::ui::util::TaskComparator,49.0,13,1,136,67.0,0,153.0,17.0,5,1,71.0,35.0,14.2,4.0,3.0,0.8,67.0,32.0,13.4,9.57143,4.84507,0
mylyn,org::eclipse::mylyn::internal::tests::report::Build,2.0,2,1,1,2.0,0,6.0,2.0,3,2,15.0,10.0,5.0,1.0,1.0,0.333333,14.0,10.0,4.66667,65.2857,24.4286,0
mylyn,org::eclipse::mylyn::zest::layouts::constraints::LabelLayoutConstraint,1.0,0,1,0,1.0,0,4.0,1.0,2,1,2.0,2.0,1.0,2.0,2.0,1.0,0.0,0.0,0.0,135.857,43.7143,0
mylyn,org::eclipse::mylyn::internal::bugzilla::ui::editor::BugzillaTaskEditorPageFactory,9.0,6,2,15,15.0,1,25.0,6.0,6,3,12.0,4.0,2.0,8.0,3.0,1.33333,4.0,3.0,0.666667,42.0,8.10714,0
mylyn,org::eclipse::mylyn::internal::context::ui::actions::ContextActiveActionFilter,1.0,2,1,0,3.0,0,3.0,1.0,7,1,35.0,26.0,5.0,35.0,26.0,5.0,0.0,26.0,0.0,102.714,12.8286,0
mylyn,org::eclipse::mylyn::internal::context::ui::actions::AbstractInterestManipulationAction,15.0,6,1,28,33.0,4,74.0,8.0,26,2,138.0,16.0,5.30769,120.0,17.0,4.61538,18.0,8.0,0.692308,139.714,58.205,0
mylyn,org::eclipse::mylyn::internal::jira::core::TaskSchema,0.0,0,1,0,0.0,0,0.0,0.0,1,1,0.0,0.0,0.0,0.0,0.0,0.0,0.0,0.0,0.0,18.8571,0.0,0
mylyn,org::eclipse::mylyn::internal::wikitext::ui::util::css::DescendantSelector,5.0,4,2,3,6.0,0,17.0,3.0,2,1,1.0,1.0,0.5,1.0,1.0,0.5,0.0,0.0,0.0,7.42857,0.571429,0
mylyn,org::eclipse::mylyn::internal::wikitext::textile::core::block::PreformattedBlock,13.0,8,3,6,20.0,0,42.0,4.0,3,2,11.0,9.0,3.66667,11.0,9.0,3.66667,0.0,0.0,0.0,32.7143,3.74026,0
mylyn,org::eclipse::mylyn::internal::java::ui::search::Messages,1.0,0,1,0,2.0,0,3.0,1.0,1,1,0.0,0.0,0.0,0.0,0.0,0.0,0.0,0.0,0.0,14.8571,0.0,0
mylyn,org::eclipse::mylyn::internal::bugzilla::ui::BugzillaResultMatchAdapter,7.0,1,1,3,8.0,0,23.0,3.0,15,2,42.0,6.0,2.8,34.0,6.0,2.26667,8.0,3.0,0.533333,164.0,25.9694,0
mylyn,org::eclipse::mylyn::internal::context::ui::preferences::ContextUiPreferencePage,10.0,2,1,36,24.0,0,111.0,9.0,22,2,157.0,57.0,7.13636,645.0,511.0,29.3182,-488.0,29.0,-22.1818,137.286,70.0409,0
mylyn,org::eclipse::mylyn::internal::monitor::core::collection::DataOverviewCollector,21.0,10,1,45,91.0,0,152.0,10.0,8,2,73.0,37.0,9.125,46.0,34.0,5.75,27.0,17.0,3.375,109.857,68.6634,0
mylyn,org::eclipse::mylyn::internal::web::ui::WebUiBridgePlugin,13.0,12,1,45,26.0,0,51.0,10.0,18,2,70.0,21.0,3.88889,45.0,9.0,2.5,25.0,12.0,1.38889,92.4286,35.1571,0
mylyn,org::eclipse::mylyn::internal::wikitext::textile::core::validation::Messages,2.0,2,1,1,3.0,0,9.0,2.0,2,1,1.0,1.0,0.5,1.0,1.0,0.5,0.0,0.0,0.0,19.8571,2.0,0
mylyn,org::eclipse::mylyn::internal::jira::ui::editor::JiraTaskEditorPageFactory,9.0,6,2,15,16.0,0,26.0,6.0,16,2,43.0,16.0,2.6875,25.0,4.0,1.5625,18.0,14.0,1.125,50.4286,8.35548,0
mylyn,org::eclipse::mylyn::internal::sandbox::dev::InterestDecrementAction,2.0,0,2,1,2.0,0,6.0,2.0,4,2,7.0,4.0,1.75,4.0,2.0,1.0,3.0,3.0,0.75,70.8571,38.8367,0
mylyn,upload::UsageAnalysis,34.0,11,1,45,129.0,0,307.0,10.0,9,1,141.0,111.0,15.6667,30.0,16.0,3.33333,111.0,95.0,12.3333,103.714,11.773,0
mylyn,org::eclipse::mylyn::internal::tasks::core::TaskActivityUtil,39.0,28,1,435,106.0,0,194.0,30.0,15,3,149.0,53.0,9.93333,39.0,10.0,2.6,110.0,52.0,7.33333,81.0,33.0892,0
mylyn,org::eclipse::mylyn::internal::context::ui::actions::TaskContextAction,5.0,3,1,1,9.0,2,21.0,2.0,10,2,26.0,5.0,2.6,26.0,5.0,2.6,0.0,3.0,0.0,118.714,49.1593,0
mylyn,org::eclipse::mylyn::internal::resources::ui::ResourceChangeMonitor,20.0,10,1,21,28.0,0,70.0,7.0,24,2,294.0,92.0,12.25,142.0,61.0,5.91667,152.0,47.0,6.33333,92.4286,61.1934,0
mylyn,org::eclipse::mylyn::wikitext::core::parser::markup::Block,5.0,44,2,21,11.0,37,15.0,7.0,4,2,33.0,31.0,8.25,34.0,28.0,8.5,-1.0,3.0,-0.25,32.7143,3.27273,0
mylyn,org::eclipse::mylyn::internal::sandbox::ui::hyperlinks::DefaultResourceHyperlink,7.0,2,1,15,12.0,0,40.0,6.0,3,2,5.0,4.0,1.66667,2.0,1.0,0.666667,3.0,3.0,1.0,31.8571,5.31429,0
mylyn,org::eclipse::mylyn::internal::xplanner::core::Messages,1.0,0,1,0,1.0,0,2.0,1.0,1,1,0.0,0.0,0.0,0.0,0.0,0.0,0.0,0.0,0.0,6.42857,0.0,0
mylyn,org::eclipse::mylyn::internal::jira::core::service::FilterDefinitionConverter,108.0,40,1,105,259.0,0,461.0,15.0,1,1,0.0,0.0,0.0,0.0,0.0,0.0,0.0,0.0,0.0,2.71429,0.0,1
mylyn,org::eclipse::mylyn::internal::team::ui::ContextActiveChangeSetManager,42.0,20,3,91,97.0,0,199.0,14.0,35,2,240.0,55.0,6.85714,183.0,37.0,5.22857,57.0,18.0,1.62857,92.4286,48.1458,1
mylyn,org::eclipse::mylyn::internal::trac::core::model::TracSeverity,1.0,3,2,0,1.0,0,3.0,1.0,7,2,9.0,4.0,1.28571,6.0,1.0,0.857143,3.0,3.0,0.428571,133.0,87.1746,0
mylyn,org::eclipse::mylyn::internal::trac::ui::TracHyperlinkDetector,4.0,4,2,1,6.0,0,9.0,2.0,12,3,69.0,27.0,5.75,149.0,68.0,12.4167,-80.0,11.0,-6.66667,105.714,39.3271,0
mylyn,org::eclipse::mylyn::internal::context::ui::views::ContextNodeOpenListener,10.0,10,1,21,21.0,0,39.0,7.0,14,2,110.0,38.0,7.85714,43.0,6.0,3.07143,67.0,34.0,4.78571,139.714,44.0506,0
mylyn,org::eclipse::mylyn::internal::xplanner::core::service::XPlannerService,3.0,3,2,3,3.0,2,10.0,3.0,1,1,0.0,0.0,0.0,0.0,0.0,0.0,0.0,0.0,0.0,6.42857,0.0,0
mylyn,org::eclipse::mylyn::internal::tasks::ui::actions::AbstractChangeCompletionAction,6.0,3,1,1,7.0,0,32.0,2.0,8,2,28.0,8.0,3.5,22.0,7.0,2.75,6.0,3.0,0.75,90.2857,50.6633,0
mylyn,org::eclipse::mylyn::internal::team::ccvs::Messages,1.0,0,1,0,2.0,0,3.0,1.0,1,1,0.0,0.0,0.0,0.0,0.0,0.0,0.0,0.0,0.0,19.1429,0.0,0
mylyn,org::eclipse::mylyn::internal::tasks::ui::editors::TaskEditorNewCommentPart,2.0,4,3,1,11.0,1,9.0,2.0,15,2,62.0,17.0,4.13333,357.0,313.0,23.8,-295.0,17.0,-19.6667,61.2857,23.4977,0
mylyn,org::eclipse::mylyn::internal::bugzilla::core::BugzillaRepositoryConnector,85.0,47,2,406,230.0,0,417.0,29.0,169,3,2469.0,474.0,14.6095,2181.0,267.0,12.9053,288.0,421.0,1.70414,131.571,43.9193,0
mylyn,org::eclipse::mylyn::internal::tasks::ui::editors::RepositoryTextViewer,11.0,0,1,21,14.0,0,31.0,7.0,13,3,69.0,21.0,5.30769,105.0,88.0,8.07692,-36.0,20.0,-2.76923,139.571,50.3147,1
mylyn,org::eclipse::mylyn::internal::context::ui::actions::InterestIncrementAction,1.0,0,2,0,1.0,0,3.0,1.0,6,1,8.0,4.0,1.33333,8.0,4.0,1.33333,0.0,3.0,0.0,139.714,82.625,0
mylyn,org::eclipse::mylyn::tasks::ui::editors::LayoutHint,8.0,1,1,1,2.0,0,17.0,2.0,4,2,55.0,31.0,13.75,2.0,1.0,0.5,53.0,30.0,13.25,45.8571,26.3065,0
mylyn,org::eclipse::mylyn::internal::wikitext::ui::Messages,2.0,3,1,1,3.0,0,9.0,2.0,2,1,1.0,1.0,0.5,1.0,1.0,0.5,0.0,0.0,0.0,19.8571,2.0,1
mylyn,org::eclipse::mylyn::internal::bugs::java::AbstractHyperlinkDetector,2.0,1,1,3,3.0,1,6.0,3.0,3,1,0.0,0.0,0.0,0.0,0.0,0.0,0.0,0.0,0.0,162.571,0.0,0
mylyn,org::xplanner::soap::XPlanner::XPlannerSoapBindingStub,136.0,1,2,946,398.0,0,1831.0,44.0,6,2,2073.0,2058.0,345.5,1970.0,1956.0,328.333,103.0,102.0,17.1667,93.7143,39.0684,0
mylyn,org::eclipse::mylyn::internal::context::ui::commands::AttachContextHandler,4.0,1,2,0,8.0,0,13.0,1.0,6,2,6.0,4.0,1.0,20.0,15.0,3.33333,-14.0,3.0,-2.33333,43.8571,11.9286,1
mylyn,org::eclipse::mylyn::internal::trac::core::util::TracXmlRpcClientRequest,2.0,2,1,1,2.0,0,7.0,2.0,4,2,6.0,4.0,1.5,3.0,1.0,0.75,3.0,3.0,0.75,62.8571,39.2381,0
mylyn,org::eclipse::mylyn::internal::wikitext::confluence::core::phrase::SimpleWrappedPhraseModifier,9.0,5,2,21,18.0,1,44.0,7.0,7,2,38.0,19.0,5.42857,22.0,11.0,3.14286,16.0,15.0,2.28571,32.7143,8.0188,0
mylyn,org::eclipse::mylyn::internal::monitor::usage::UsageStatisticsSummary,4.0,6,1,10,6.0,0,12.0,5.0,5,2,7.0,4.0,1.4,7.0,4.0,1.4,0.0,3.0,0.0,90.7143,53.6122,0
mylyn,org::eclipse::mylyn::zest::layouts::progress::ProgressEvent,3.0,2,1,3,3.0,0,10.0,3.0,2,2,1.0,1.0,0.5,1.0,1.0,0.5,0.0,0.0,0.0,184.857,92.7143,0
mylyn,org::eclipse::mylyn::internal::tasks::core::sync::SubmitTaskJob,8.0,15,3,10,33.0,0,61.0,5.0,17,3,57.0,11.0,3.35294,46.0,9.0,2.70588,11.0,8.0,0.647059,46.1429,9.48872,1
mylyn,org::eclipse::mylyn::wikitext::core::parser::builder::HtmlDocumentBuilder,175.0,34,3,1770,369.0,2,611.0,60.0,15,2,775.0,214.0,51.6667,413.0,170.0,27.5333,362.0,128.0,24.1333,32.7143,15.503,1
mylyn,org::eclipse::mylyn::internal::wikitext::twiki::core::block::HeadingBlock,7.0,10,3,3,20.0,0,32.0,3.0,2,1,2.0,2.0,1.0,2.0,2.0,1.0,0.0,0.0,0.0,23.8571,4.0,0
mylyn,org::eclipse::mylyn::internal::tasks::ui::notifications::Messages,1.0,0,1,0,2.0,0,3.0,1.0,1,1,0.0,0.0,0.0,0.0,0.0,0.0,0.0,0.0,0.0,14.5714,0.0,0
mylyn,org::eclipse::mylyn::internal::jira::core::service::web::rss::JiraRssReader,2.0,8,1,1,12.0,0,16.0,2.0,5,2,9.0,5.0,1.8,14.0,11.0,2.8,-5.0,4.0,-1.0,54.0,30.0476,0
mylyn,org::eclipse::mylyn::internal::examples::jira::JiraClientExample,2.0,10,1,0,25.0,0,32.0,1.0,2,1,0.0,0.0,0.0,4.0,4.0,2.0,-4.0,0.0,-2.0,23.8571,0.0,0
mylyn,org::eclipse::mylyn::internal::tasks::ui::actions::DisconnectRepositoryAction,6.0,7,1,3,15.0,0,28.0,3.0,2,1,1.0,1.0,0.5,1.0,1.0,0.5,0.0,0.0,0.0,14.2857,5.28571,1
mylyn,org::eclipse::mylyn::internal::tasks::ui::actions::SearchForRepositoryTask,4.0,0,1,6,7.0,0,9.0,4.0,4,2,6.0,4.0,1.5,3.0,1.0,0.75,3.0,3.0,0.75,81.1429,52.8571,0
mylyn,org::eclipse::mylyn::internal::tasks::ui::notifications::TaskListNotifier,15.0,13,1,15,35.0,0,62.0,6.0,8,3,25.0,5.0,3.125,16.0,5.0,2.0,9.0,4.0,1.125,41.1429,7.86857,0
mylyn,org::eclipse::mylyn::internal::sandbox::dev::InterestDebuggingDecorator,12.0,7,1,15,19.0,0,44.0,6.0,15,2,28.0,6.0,1.86667,23.0,4.0,1.53333,5.0,4.0,0.333333,92.0,36.3878,0
mylyn,org::eclipse::mylyn::monitor::ui::AbstractPartTracker,2.0,7,1,21,11.0,1,6.0,7.0,6,2,9.0,4.0,1.5,8.0,5.0,1.33333,1.0,3.0,0.166667,90.7143,42.4921,0
mylyn,org::eclipse::mylyn::internal::jira::core::wsdl::beans::RemoteComponent,11.0,1,3,15,10.0,0,38.0,6.0,9,2,98.0,70.0,10.8889,104.0,76.0,11.5556,-6.0,7.0,-0.666667,110.714,28.2668,0
mylyn,org::eclipse::mylyn::internal::wikitext::core::Messages,2.0,2,1,1,3.0,0,9.0,2.0,2,1,1.0,1.0,0.5,1.0,1.0,0.5,0.0,0.0,0.0,9.57143,0.857143,0
mylyn,org::eclipse::mylyn::internal::tasks::ui::workingsets::TaskWorkingSetElementAdapter,6.0,2,1,3,9.0,0,22.0,3.0,11,2,20.0,5.0,1.81818,14.0,3.0,1.27273,6.0,4.0,0.545455,91.2857,35.9286,0
mylyn,org::eclipse::mylyn::internal::trac::core::model::TracComment,14.0,2,1,91,14.0,0,41.0,14.0,7,2,9.0,4.0,1.28571,6.0,1.0,0.857143,3.0,3.0,0.428571,133.0,95.5397,0
mylyn,org::eclipse::mylyn::wikitext::ui::viewer::MarkupViewerConfiguration,1.0,1,3,0,1.0,1,3.0,1.0,5,2,5.0,2.0,1.0,4.0,2.0,0.8,1.0,1.0,0.2,32.7143,14.5429,0
mylyn,org::eclipse::mylyn::internal::monitor::ui::PerspectiveChangeMonitor,8.0,5,1,21,32.0,0,42.0,7.0,8,2,28.0,8.0,3.5,23.0,8.0,2.875,5.0,5.0,0.625,90.7143,54.8469,0
mylyn,org::eclipse::mylyn::internal::jira::core::service::JiraAuthenticationException,2.0,1,2,0,1.0,0,3.0,1.0,10,3,38.0,26.0,3.8,37.0,26.0,3.7,1.0,26.0,0.1,97.8571,15.3421,0
mylyn,org::eclipse::mylyn::wikitext::core::util::anttask::MarkupTask,22.0,17,1,66,37.0,3,76.0,12.0,6,2,128.0,89.0,21.3333,16.0,8.0,2.66667,112.0,89.0,18.6667,32.7143,7.55692,0
mylyn,org::eclipse::mylyn::zest::layouts::algorithms::internal::CycleChecker,12.0,4,1,1,26.0,0,55.0,2.0,2,2,5.0,5.0,2.5,5.0,5.0,2.5,0.0,0.0,0.0,184.857,92.7143,0
mylyn,org::eclipse::mylyn::internal::tasks::ui::editors::TaskEditorPlanningPart,29.0,17,2,55,99.0,0,225.0,11.0,20,3,423.0,265.0,21.15,198.0,104.0,9.9,225.0,161.0,11.25,61.0,20.283,1
mylyn,org::eclipse::mylyn::internal::provisional::commons::ui::WorkbenchActionSupport,18.0,2,1,120,36.0,0,132.0,16.0,1,1,0.0,0.0,0.0,0.0,0.0,0.0,0.0,0.0,0.0,9.0,0.0,0
mylyn,org::eclipse::mylyn::internal::bugzilla::core::RepositoryReportFactory,6.0,4,2,1,15.0,0,23.0,2.0,32,2,261.0,94.0,8.15625,372.0,151.0,11.625,-111.0,30.0,-3.46875,148.571,10.1839,0
mylyn,org::eclipse::mylyn::internal::wikitext::mediawiki::core::token::EntityReferenceReplacementToken,3.0,2,2,6,5.0,0,9.0,4.0,3,2,4.0,2.0,1.33333,4.0,2.0,1.33333,0.0,0.0,0.0,32.7143,7.28571,0
mylyn,org::eclipse::mylyn::internal::commons::net::PollingOutputStream,22.0,3,1,15,23.0,0,100.0,6.0,2,1,1.0,1.0,0.5,0.0,0.0,0.0,1.0,1.0,0.5,45.8571,19.2857,0
mylyn,org::eclipse::mylyn::internal::java::ui::JavaUiBridge,22.0,11,2,28,46.0,0,98.0,8.0,47,2,220.0,22.0,4.68085,269.0,42.0,5.7234,-49.0,13.0,-1.04255,164.0,51.0389,0
mylyn,org::eclipse::mylyn::internal::wikitext::confluence::core::phrase::ImagePhraseModifier,3.0,2,2,6,5.0,0,10.0,4.0,4,2,5.0,3.0,1.25,5.0,3.0,1.25,0.0,0.0,0.0,32.7143,6.11429,0
mylyn,org::eclipse::mylyn::internal::wikitext::ui::editor::help::CheatSheetContent,2.0,4,2,1,5.0,0,8.0,2.0,5,2,10.0,7.0,2.0,10.0,6.0,2.0,0.0,1.0,0.0,32.7143,3.94286,0
mylyn,org::eclipse::mylyn::tasks::ui::wizards::AbstractRepositorySettingsPage,147.0,30,3,2485,330.0,6,1144.0,71.0,77,3,2200.0,348.0,28.5714,1366.0,352.0,17.7403,834.0,172.0,10.8312,118.714,54.4022,0
mylyn,org::eclipse::mylyn::internal::wikitext::mediawiki::core::token::LineBreakToken,3.0,2,2,6,5.0,0,9.0,4.0,3,2,3.0,2.0,1.0,3.0,2.0,1.0,0.0,0.0,0.0,32.7143,5.42857,0
mylyn,org::eclipse::mylyn::internal::wikitext::ui::viewer::annotation::ImageAnnotation,7.0,4,1,21,8.0,0,23.0,7.0,3,1,13.0,11.0,4.33333,2.0,2.0,0.666667,11.0,11.0,3.66667,24.7143,9.69231,0
mylyn,org::eclipse::mylyn::internal::pde::ui::junit::TaskContextPdeJUnitTabGroup,1.0,1,1,0,4.0,0,9.0,1.0,9,2,16.0,4.0,1.77778,18.0,10.0,2.0,-2.0,3.0,-0.222222,91.5714,46.375,0
mylyn,org::eclipse::mylyn::internal::wikitext::mediawiki::core::token::HyperlinkReplacementToken,3.0,1,2,3,4.0,0,9.0,3.0,3,2,5.0,3.0,1.66667,5.0,3.0,1.66667,0.0,0.0,0.0,32.7143,6.17143,0
mylyn,org::eclipse::mylyn::internal::wikitext::tasks::ui::util::bugzilla::BugzillaGeneratedCommentBlock,8.0,9,3,6,17.0,0,20.0,4.0,1,1,0.0,0.0,0.0,0.0,0.0,0.0,0.0,0.0,0.0,6.0,0.0,0
mylyn,org::eclipse::mylyn::internal::java::tasks::JavaStackTraceHyperlinkDetector,8.0,3,2,3,16.0,0,20.0,3.0,4,1,56.0,53.0,14.0,36.0,33.0,9.0,20.0,20.0,5.0,47.5714,25.352,0
mylyn,org::eclipse::mylyn::zest::layouts::algorithms::RadialLayoutAlgorithm,20.0,8,3,36,38.0,0,74.0,9.0,4,2,20.0,10.0,5.0,9.0,6.0,2.25,11.0,9.0,2.75,184.857,43.2714,0
mylyn,org::eclipse::mylyn::internal::tasks::ui::actions::OpenTaskSearchAction,4.0,1,1,6,5.0,0,11.0,4.0,5,2,23.0,17.0,4.6,9.0,4.0,1.8,14.0,14.0,2.8,90.0,47.0124,0
mylyn,org::eclipse::mylyn::zest::core::widgets::GraphConnection,74.0,26,2,703,167.0,0,308.0,38.0,18,1,415.0,145.0,23.0556,285.0,137.0,15.8333,130.0,54.0,7.22222,103.714,6.83511,0
mylyn,org::eclipse::mylyn::internal::trac::core::client::TracXmlRpcClient,117.0,43,2,1275,344.0,0,707.0,51.0,14,2,280.0,101.0,20.0,177.0,101.0,12.6429,103.0,76.0,7.35714,39.5714,19.2005,1
mylyn,org::eclipse::mylyn::wikitext::core::parser::Attributes,11.0,31,1,55,11.0,8,36.0,11.0,5,2,21.0,14.0,4.2,9.0,4.0,1.8,12.0,10.0,2.4,32.7143,4.85034,0
mylyn,org::eclipse::mylyn::wikitext::ui::annotation::AnchorHrefAnnotation,2.0,3,1,1,3.0,0,6.0,2.0,5,2,5.0,2.0,1.0,4.0,2.0,0.8,1.0,1.0,0.2,32.7143,12.6857,0
mylyn,org::eclipse::mylyn::internal::wikitext::twiki::core::block::LiteralBlock,8.0,6,3,6,20.0,0,33.0,4.0,3,1,4.0,3.0,1.33333,4.0,3.0,1.33333,0.0,0.0,0.0,23.8571,5.28571,0
mylyn,org::eclipse::mylyn::internal::wikitext::ui::editor::reconciler::MultiReconcilingStrategy,11.0,3,1,28,17.0,0,39.0,8.0,3,1,10.0,9.0,3.33333,10.0,9.0,3.33333,0.0,0.0,0.0,32.7143,1.71429,0
mylyn,org::eclipse::mylyn::internal::jira::core::WorkLogConverter,4.0,3,2,6,9.0,0,14.0,4.0,3,1,32.0,18.0,10.6667,22.0,14.0,7.33333,10.0,10.0,3.33333,15.7143,8.1875,1
mylyn,org::eclipse::mylyn::internal::team::ui::actions::Messages,1.0,0,1,0,2.0,0,3.0,1.0,1,1,0.0,0.0,0.0,0.0,0.0,0.0,0.0,0.0,0.0,14.8571,0.0,0
mylyn,org::eclipse::mylyn::internal::tasks::ui::editors::RepositoryTaskOutlineNode,41.0,7,1,435,65.0,0,148.0,30.0,17,3,106.0,23.0,6.23529,95.0,26.0,5.58824,11.0,9.0,0.647059,139.571,58.8612,0
mylyn,org::eclipse::mylyn::internal::jira::core::wsdl::beans::RemoteEntity,11.0,2,1,15,8.0,2,37.0,6.0,9,2,92.0,65.0,10.2222,95.0,68.0,10.5556,-3.0,7.0,-0.333333,110.714,28.795,0
mylyn,org::eclipse::mylyn::context::tests::support::DomContextReader,14.0,18,1,10,42.0,0,104.0,5.0,27,3,166.0,33.0,6.14815,94.0,13.0,3.48148,72.0,30.0,2.66667,131.714,71.8365,0
mylyn,org::eclipse::mylyn::internal::tasks::core::WeekDateRange,29.0,19,2,105,68.0,0,117.0,15.0,9,3,163.0,72.0,18.1111,30.0,9.0,3.33333,133.0,63.0,14.7778,44.7143,21.4373,0
mylyn,org::eclipse::mylyn::context::tests::support::FileTool,21.0,15,1,36,51.0,0,129.0,9.0,4,2,13.0,8.0,3.25,13.0,9.0,3.25,0.0,1.0,0.0,131.714,52.3736,0
mylyn,org::eclipse::mylyn::internal::commons::net::InfiniteSubProgressMonitor,9.0,2,1,6,8.0,0,33.0,4.0,2,1,0.0,0.0,0.0,0.0,0.0,0.0,0.0,0.0,0.0,45.8571,0.0,0
mylyn,org::eclipse::mylyn::internal::jira::core::wsdl::beans::RemoteComment,67.0,2,1,231,58.0,0,125.0,22.0,9,2,347.0,255.0,38.5556,316.0,287.0,35.1111,31.0,61.0,3.44444,110.714,25.0799,0
mylyn,org::eclipse::mylyn::internal::wikitext::tasks::ui::util::bugzilla::BugzillaQuoteBlock,10.0,9,3,6,19.0,0,31.0,4.0,2,1,1.0,1.0,0.5,1.0,1.0,0.5,0.0,0.0,0.0,6.0,1.42857,0
mylyn,org::eclipse::mylyn::internal::tasks::ui::CategorizedPresentation,2.0,1,2,1,3.0,0,6.0,2.0,5,2,7.0,4.0,1.4,4.0,1.0,0.8,3.0,3.0,0.6,81.0,54.6531,0
mylyn,org::eclipse::mylyn::internal::jira::core::wsdl::beans::AbstractNamedRemoteEntity,18.0,14,2,28,17.0,8,49.0,8.0,9,2,127.0,99.0,14.1111,135.0,107.0,15.0,-8.0,7.0,-0.888889,110.714,26.5096,0
mylyn,org::eclipse::mylyn::internal::context::ui::AbstractContextLabelProvider,4.0,0,1,28,8.0,5,15.0,8.0,6,1,22.0,14.0,3.66667,23.0,14.0,3.83333,-1.0,3.0,-0.166667,139.714,58.1688,0
mylyn,org::eclipse::mylyn::internal::jira::core::wsdl::beans::RemoteConfiguration,49.0,1,1,325,49.0,0,125.0,26.0,9,2,389.0,271.0,43.2222,325.0,295.0,36.1111,64.0,86.0,7.11111,110.714,25.4238,0
mylyn,org::eclipse::mylyn::internal::trac::core::client::Messages,1.0,0,1,0,2.0,0,3.0,1.0,2,1,2.0,2.0,1.0,0.0,0.0,0.0,2.0,2.0,1.0,14.8571,5.42857,0
mylyn,org::eclipse::mylyn::wikitext::core::parser::markup::token::LineBreakReplacementTokenProcessor,1.0,3,3,1,4.0,0,3.0,2.0,5,2,7.0,3.0,1.4,3.0,2.0,0.6,4.0,3.0,0.8,32.7143,16.7143,0
mylyn,org::eclipse::mylyn::wikitext::twiki::core::TWikiLanguage,23.0,28,3,153,56.0,0,103.0,18.0,5,1,97.0,89.0,19.4,106.0,88.0,21.2,-9.0,1.0,-1.8,14.7143,8.64948,0
mylyn,org::eclipse::mylyn::internal::trac::core::model::TracWikiPageInfo,12.0,14,1,66,12.0,0,35.0,12.0,6,2,10.0,4.0,1.66667,6.0,2.0,1.0,4.0,3.0,0.666667,85.4286,53.4429,0
mylyn,org::eclipse::mylyn::internal::tasks::ui::deprecated::AbstractTaskEditorFactory,2.0,0,1,15,6.0,1,6.0,6.0,4,2,6.0,4.0,1.5,8.0,7.0,2.0,-2.0,3.0,-0.5,41.5714,10.9048,0
mylyn,org::eclipse::mylyn::internal::resources::ui::ResourceUiBridge,24.0,9,2,36,42.0,0,77.0,9.0,24,2,88.0,14.0,3.66667,84.0,10.0,3.5,4.0,9.0,0.166667,139.143,55.1591,0
mylyn,org::eclipse::mylyn::zest::core::messages::ZestErrorMessages,1.0,1,1,0,2.0,0,8.0,1.0,2,1,3.0,3.0,1.5,3.0,3.0,1.5,0.0,0.0,0.0,137.714,45.5714,0
mylyn,org::eclipse::mylyn::context::ui::AbstractContextUiBridge,0.0,11,1,21,7.0,9,0.0,7.0,9,1,23.0,6.0,2.55556,23.0,8.0,2.55556,0.0,3.0,0.0,120.429,39.6646,0
mylyn,org::eclipse::mylyn::internal::tasks::ui::search::SearchResultSortAction,3.0,1,1,3,4.0,0,11.0,3.0,7,3,11.0,4.0,1.57143,11.0,4.0,1.57143,0.0,3.0,0.0,135.429,82.0649,0
mylyn,org::eclipse::mylyn::internal::tasks::ui::actions::ToggleWorkingSetAction,12.0,2,1,3,27.0,0,50.0,3.0,8,2,11.0,4.0,1.375,11.0,4.0,1.375,0.0,3.0,0.0,90.0,40.5065,0
mylyn,org::eclipse::mylyn::zest::core::viewers::GraphViewer,34.0,11,3,231,63.0,0,131.0,22.0,5,1,38.0,19.0,7.6,29.0,19.0,5.8,9.0,7.0,1.8,103.714,7.16541,0
mylyn,org::eclipse::mylyn::internal::tasks::core::TaskRepositoryManager,51.0,74,1,300,147.0,0,274.0,25.0,23,3,175.0,50.0,7.6087,161.0,36.0,7.0,14.0,38.0,0.608696,48.4286,18.6253,0
mylyn,org::eclipse::mylyn::internal::wikitext::ui::util::css::editor::CssWhitespaceDetector,4.0,2,1,1,2.0,0,3.0,2.0,1,1,0.0,0.0,0.0,0.0,0.0,0.0,0.0,0.0,0.0,6.42857,0.0,0
mylyn,org::eclipse::mylyn::internal::sandbox::ui::highlighters::TaskHighlighterMenuContributor,4.0,4,1,0,17.0,0,33.0,1.0,4,2,8.0,4.0,2.0,5.0,3.0,1.25,3.0,3.0,0.75,43.5714,13.5179,0
mylyn,org::eclipse::mylyn::internal::ide::ui::MarkerViewerInterestSorter,8.0,4,1,1,13.0,0,23.0,2.0,12,2,37.0,6.0,3.08333,34.0,6.0,2.83333,3.0,3.0,0.25,129.571,73.3591,0
mylyn,org::eclipse::mylyn::internal::context::ui::ContentOutlineManager,7.0,1,1,10,7.0,0,25.0,5.0,7,1,12.0,5.0,1.71429,11.0,4.0,1.57143,1.0,4.0,0.142857,139.714,66.7381,0
mylyn,org::eclipse::mylyn::internal::bugzilla::ui::tasklist::BugzillaTaskHandler,21.0,0,1,1,5.0,0,40.0,2.0,6,1,184.0,91.0,30.6667,214.0,102.0,35.6667,-30.0,0.0,-5.0,164.0,0.139752,0
mylyn,org::eclipse::mylyn::internal::monitor::usage::FileDisplayDialog,2.0,0,1,3,5.0,0,8.0,3.0,14,2,86.0,27.0,6.14286,41.0,9.0,2.92857,45.0,25.0,3.21429,109.857,16.9053,0
mylyn,org::eclipse::mylyn::internal::provisional::tasks::core::RepositoryClientManager,22.0,6,1,91,54.0,0,102.0,14.0,4,1,12.0,7.0,3.0,7.0,3.0,1.75,5.0,4.0,1.25,17.0,3.77381,0
mylyn,org::eclipse::mylyn::internal::provisional::commons::ui::AbstractFilteredTree,16.0,8,1,105,41.0,1,144.0,15.0,6,2,20.0,7.0,3.33333,12.0,6.0,2.0,8.0,4.0,1.33333,45.8571,17.6214,1
mylyn,org::eclipse::mylyn::zest::core::widgets::internal::ExpandGraphLabel,8.0,7,1,10,31.0,0,58.0,5.0,4,1,71.0,31.0,17.75,12.0,6.0,3.0,59.0,27.0,14.75,88.7143,0.573441,0
mylyn,org::eclipse::mylyn::internal::tasks::ui::views::AbstractTaskListPresentation,10.0,4,1,45,13.0,4,32.0,10.0,5,2,25.0,11.0,5.0,12.0,9.0,2.4,13.0,10.0,2.6,81.0,21.8457,0
mylyn,org::eclipse::mylyn::internal::provisional::commons::core::CommonMessages,1.0,0,1,0,2.0,0,3.0,1.0,2,1,1.0,1.0,0.5,1.0,1.0,0.5,0.0,0.0,0.0,14.5714,0.0,0
mylyn,org::eclipse::mylyn::internal::jira::core::AttributeValueConverter,5.0,4,1,10,12.0,0,16.0,5.0,2,1,12.0,12.0,6.0,0.0,0.0,0.0,12.0,12.0,6.0,18.8571,5.14286,0
mylyn,org::eclipse::mylyn::internal::provisional::commons::ui::CommonsUiUtil,10.0,5,1,6,34.0,0,98.0,4.0,3,1,38.0,34.0,12.6667,2.0,2.0,0.666667,36.0,34.0,12.0,9.42857,3.41353,0
mylyn,org::eclipse::mylyn::internal::trac::ui::TracConnectorUi,18.0,14,2,66,44.0,0,63.0,12.0,24,2,96.0,23.0,4.0,92.0,32.0,3.83333,4.0,14.0,0.166667,90.4286,43.3021,0
mylyn,org::eclipse::mylyn::internal::monitor::usage::MonitorFileRolloverJob,37.0,20,1,66,93.0,0,207.0,12.0,28,3,509.0,223.0,18.1786,374.0,223.0,13.3571,135.0,223.0,4.82143,102.714,6.38002,0
mylyn,org::eclipse::mylyn::internal::bugzilla::ui::search::BugzillaSearchQuery,2.0,2,1,1,13.0,0,43.0,2.0,6,2,30.0,17.0,5.0,93.0,70.0,15.5,-63.0,0.0,-10.5,148.571,14.5524,0
mylyn,org::eclipse::mylyn::tasks::tests::connector::MockRepositoryConnectorUi,7.0,5,2,21,17.0,0,26.0,7.0,9,2,42.0,22.0,4.66667,17.0,6.0,1.88889,25.0,21.0,2.77778,77.7143,44.4762,0
mylyn,org::eclipse::mylyn::internal::wikitext::ui::editor::outline::QuickOutlinePopupDialog,31.0,4,1,210,48.0,0,132.0,21.0,2,1,2.0,2.0,1.0,1.0,1.0,0.5,1.0,1.0,0.5,4.0,0.142857,1
mylyn,org::eclipse::mylyn::internal::trac::ui::editor::TracRenderingEngine,3.0,11,2,1,18.0,0,39.0,2.0,10,3,28.0,14.0,2.8,28.0,14.0,2.8,0.0,4.0,0.0,88.0,64.1684,0
mylyn,org::eclipse::mylyn::internal::commons::net::PollingProtocolSocketFactory,3.0,3,1,1,9.0,0,15.0,2.0,2,1,0.0,0.0,0.0,0.0,0.0,0.0,0.0,0.0,0.0,45.8571,0.0,0
mylyn,org::eclipse::mylyn::internal::wikitext::confluence::core::block::TableBlock,16.0,8,3,6,32.0,0,65.0,4.0,4,2,14.0,8.0,3.5,15.0,10.0,3.75,-1.0,1.0,-0.25,32.7143,4.95918,0
mylyn,org::eclipse::mylyn::internal::tasks::ui::editors::TaskRelationHyperlinkDetector,15.0,6,2,10,27.0,0,64.0,5.0,6,2,56.0,36.0,9.33333,25.0,8.0,4.16667,31.0,28.0,5.16667,41.2857,18.6148,0
mylyn,org::eclipse::mylyn::internal::tasks::ui::editors::BooleanAttributeEditor,7.0,3,2,15,21.0,0,35.0,6.0,10,3,33.0,18.0,3.3,11.0,3.0,1.1,22.0,15.0,2.2,47.1429,34.0303,0
mylyn,org::eclipse::mylyn::internal::web::ui::WebResourceContentProvider,15.0,4,1,45,24.0,0,54.0,10.0,5,2,10.0,4.0,2.0,9.0,4.0,1.8,1.0,3.0,0.2,92.4286,35.8429,0
mylyn,org::xplanner::soap::XPlanner::XPlannerProxy,83.0,1,2,861,123.0,0,255.0,42.0,3,2,353.0,351.0,117.667,299.0,297.0,99.6667,54.0,54.0,18.0,93.7143,39.0955,0
mylyn,org::eclipse::mylyn::internal::team::ui::actions::AddToTaskContextAction,15.0,6,1,6,27.0,0,55.0,4.0,18,2,166.0,121.0,9.22222,165.0,121.0,9.16667,1.0,121.0,0.0555556,102.714,9.62134,0
mylyn,org::eclipse::mylyn::internal::jira::core::model::filter::StatusFilter,3.0,5,1,3,4.0,0,12.0,3.0,7,2,14.0,5.0,2.0,13.0,4.0,1.85714,1.0,4.0,0.142857,110.714,59.1429,0
mylyn,org::eclipse::mylyn::internal::context::ui::actions::InterestDecrementAction,1.0,0,2,0,1.0,0,3.0,1.0,11,2,42.0,20.0,3.81818,40.0,26.0,3.63636,2.0,19.0,0.181818,139.714,58.1361,1
mylyn,org::eclipse::mylyn::internal::tasks::ui::editors::AbstractReplyToCommentAction,4.0,6,1,6,19.0,1,22.0,4.0,13,3,36.0,15.0,2.76923,22.0,7.0,1.69231,14.0,8.0,1.07692,47.1429,7.90873,0
mylyn,org::eclipse::mylyn::internal::jira::core::model::Group,4.0,0,1,10,5.0,0,12.0,5.0,6,1,8.0,4.0,1.33333,8.0,4.0,1.33333,0.0,3.0,0.0,110.714,60.2857,0
mylyn,org::eclipse::mylyn::internal::web::tasks::NamedPattern,9.0,7,1,21,26.0,0,30.0,7.0,4,3,13.0,8.0,3.25,10.0,8.0,2.5,3.0,3.0,0.75,87.4286,43.7253,0
mylyn,org::eclipse::mylyn::internal::sandbox::ui::actions::OpenRelatedElementsPopupDialogAction,5.0,1,1,10,8.0,0,19.0,5.0,4,2,6.0,4.0,1.5,3.0,1.0,0.75,3.0,3.0,0.75,55.0,27.6429,0
mylyn,org::eclipse::mylyn::internal::tasks::ui::util::CopyAttachmentToClipboardJob,3.0,7,1,3,14.0,0,29.0,3.0,3,2,9.0,5.0,3.0,5.0,4.0,1.66667,4.0,3.0,1.33333,39.5714,19.6667,0
mylyn,org::eclipse::mylyn::internal::tasks::ui::commands::NewLocalTaskHandler,4.0,2,1,0,11.0,0,21.0,1.0,5,2,8.0,4.0,1.6,6.0,3.0,1.2,2.0,3.0,0.4,49.0,29.125,0
mylyn,org::eclipse::mylyn::internal::wikitext::twiki::core::phrase::SimpleWrappedPhraseModifier,6.0,3,2,15,10.0,1,22.0,6.0,3,1,3.0,2.0,1.0,4.0,2.0,1.33333,-1.0,0.0,-0.333333,23.8571,3.95238,0
mylyn,org::eclipse::mylyn::tasks::ui::editors::AbstractTaskEditorPart,24.0,28,1,171,41.0,15,88.0,19.0,8,2,66.0,33.0,8.25,31.0,23.0,3.875,35.0,10.0,4.375,45.8571,4.63636,1
mylyn,org::eclipse::mylyn::internal::jira::core::service::Messages,1.0,0,1,0,2.0,0,3.0,1.0,1,1,0.0,0.0,0.0,0.0,0.0,0.0,0.0,0.0,0.0,14.8571,0.0,0
mylyn,org::eclipse::mylyn::internal::tasks::ui::actions::TaskEditorScheduleAction,6.0,5,1,6,11.0,0,20.0,4.0,2,2,6.0,6.0,3.0,6.0,6.0,3.0,0.0,0.0,0.0,2.71429,0.142857,0
mylyn,org::eclipse::mylyn::internal::team::ccvs::CvsContextChangeSet,41.0,12,1,171,78.0,0,154.0,19.0,4,2,10.0,6.0,2.5,9.0,6.0,2.25,1.0,1.0,0.25,40.8571,14.6714,0
mylyn,org::eclipse::mylyn::internal::wikitext::core::parser::builder::DitaTopicDocumentBuilder,123.0,16,3,780,203.0,0,452.0,40.0,4,1,87.0,48.0,21.75,41.0,33.0,10.25,46.0,43.0,11.5,19.4286,0.418719,1
mylyn,org::eclipse::mylyn::internal::context::ui::ColorMap,12.0,1,1,6,5.0,0,56.0,4.0,10,1,40.0,20.0,4.0,43.0,20.0,4.3,-3.0,1.0,-0.3,139.714,31.9429,0
mylyn,org::eclipse::mylyn::internal::monitor::usage::wizards::GetNewUserIdPage,42.0,15,1,136,75.0,0,419.0,17.0,9,2,60.0,19.0,6.66667,86.0,38.0,9.55556,-26.0,8.0,-2.88889,109.857,36.5738,0
mylyn,org::eclipse::mylyn::internal::trac::core::client::TracRemoteException,1.0,0,2,0,1.0,1,3.0,1.0,4,2,6.0,4.0,1.5,3.0,1.0,0.75,3.0,3.0,0.75,39.5714,15.9524,0
mylyn,org::eclipse::mylyn::internal::tasks::ui::commands::OpenTaskAttachmentInDefaultEditorHandler,7.0,3,1,1,16.0,0,36.0,2.0,6,3,17.0,8.0,2.83333,12.0,5.0,2.0,5.0,3.0,0.833333,45.5714,19.1429,0
mylyn,org::eclipse::mylyn::internal::xplanner::ui::editor::XPlannerTimeTrackingEditorPart,27.0,6,2,153,69.0,0,179.0,18.0,1,1,0.0,0.0,0.0,0.0,0.0,0.0,0.0,0.0,0.0,6.42857,0.0,1
mylyn,org::eclipse::mylyn::internal::sandbox::ui::actions::FindReferencesInContextAction,12.0,1,1,6,16.0,0,38.0,4.0,3,2,5.0,4.0,1.66667,2.0,1.0,0.666667,3.0,3.0,1.0,44.0,20.9429,0
mylyn,org::eclipse::mylyn::wikitext::core::util::anttask::Messages,2.0,5,1,1,3.0,0,9.0,2.0,2,1,1.0,1.0,0.5,1.0,1.0,0.5,0.0,0.0,0.0,19.8571,2.0,0
mylyn,org::eclipse::mylyn::internal::resources::ui::ResourceContextLabelProvider,6.0,2,2,6,8.0,0,18.0,4.0,15,2,43.0,8.0,2.86667,43.0,8.0,2.86667,0.0,3.0,0.0,139.143,55.6445,0
mylyn,org::eclipse::mylyn::wikitext::core::parser::markup::PatternBasedElement,1.0,3,1,6,6.0,49,7.0,4.0,4,2,20.0,10.0,5.0,13.0,9.0,3.25,7.0,7.0,1.75,32.7143,15.4643,0
mylyn,org::eclipse::mylyn::internal::wikitext::ui::editor::actions::ToggleFoldingRulerAction,5.0,2,1,6,12.0,0,20.0,4.0,2,1,1.0,1.0,0.5,1.0,1.0,0.5,0.0,0.0,0.0,9.0,0.285714,1
mylyn,org::eclipse::mylyn::internal::bugzilla::ui::editor::BugzillaPlanningEditorPart,13.0,9,2,3,66.0,0,120.0,3.0,9,3,34.0,10.0,3.77778,22.0,10.0,2.44444,12.0,5.0,1.33333,40.8571,5.52521,0
mylyn,org::eclipse::mylyn::internal::context::ui::actions::Messages,1.0,0,1,0,2.0,0,3.0,1.0,2,1,0.0,0.0,0.0,2.0,2.0,1.0,-2.0,0.0,-1.0,14.8571,0.0,0
mylyn,org::eclipse::mylyn::internal::tasks::ui::actions::RestoreTaskListAction,7.0,4,1,10,15.0,0,27.0,5.0,15,2,48.0,14.0,3.2,25.0,5.0,1.66667,23.0,13.0,1.53333,121.0,54.6726,0
mylyn,org::eclipse::mylyn::internal::tasks::ui::editors::TaskEditorNotesPart,18.0,8,2,10,39.0,0,83.0,5.0,1,1,0.0,0.0,0.0,0.0,0.0,0.0,0.0,0.0,0.0,9.0,0.0,1
mylyn,org::eclipse::mylyn::internal::jira::core::InvalidJiraQueryException,1.0,1,1,0,1.0,0,3.0,1.0,2,2,4.0,4.0,2.0,1.0,1.0,0.5,3.0,3.0,1.5,48.7143,22.1429,0
mylyn,org::eclipse::mylyn::internal::java::ui::search::JavaActiveSearchResultUpdater,31.0,2,1,66,56.0,0,114.0,12.0,5,2,39.0,34.0,7.8,36.0,29.0,7.2,3.0,5.0,0.6,92.4286,39.9451,0
mylyn,org::eclipse::mylyn::internal::wikitext::core::parser::builder::DefaultSplittingStrategy,18.0,2,2,36,15.0,0,51.0,9.0,4,2,42.0,36.0,10.5,11.0,4.0,2.75,31.0,32.0,7.75,32.7143,9.61225,0
mylyn,org::eclipse::mylyn::internal::context::core::AggregateInteractionEvent,3.0,6,2,3,3.0,0,12.0,3.0,3,1,65.0,65.0,21.6667,65.0,65.0,21.6667,0.0,65.0,0.0,23.0,0.0,0
mylyn,org::eclipse::mylyn::internal::team::ui::LinkedTaskInfo,7.0,5,2,21,7.0,0,24.0,7.0,11,2,29.0,8.0,2.63636,25.0,5.0,2.27273,4.0,4.0,0.363636,92.4286,34.3892,0
mylyn,org::eclipse::mylyn::internal::bugzilla::core::BugzillaTaskDataHandler,44.0,26,2,153,169.0,0,350.0,18.0,91,3,1406.0,170.0,15.4505,1524.0,285.0,16.7473,-118.0,165.0,-1.2967,120.0,66.2305,1
mylyn,org::eclipse::mylyn::internal::wikitext::textile::core::block::ParagraphBlock,19.0,9,3,15,26.0,0,74.0,6.0,3,2,11.0,9.0,3.66667,11.0,9.0,3.66667,0.0,0.0,0.0,32.7143,3.74026,0
mylyn,org::eclipse::mylyn::internal::tasks::ui::commands::Messages,1.0,0,1,0,2.0,0,3.0,1.0,1,1,0.0,0.0,0.0,0.0,0.0,0.0,0.0,0.0,0.0,14.5714,0.0,0
mylyn,org::eclipse::mylyn::wikitext::core::parser::markup::phrase::LimitedHtmlEndTagPhraseModifier,5.0,2,2,6,10.0,0,23.0,4.0,7,2,17.0,7.0,2.42857,9.0,4.0,1.28571,8.0,7.0,1.14286,32.7143,15.3193,0
mylyn,org::eclipse::mylyn::internal::tasks::core::externalization::DelegatingTaskExternalizer,94.0,32,1,276,368.0,0,569.0,24.0,40,3,707.0,228.0,17.675,461.0,134.0,11.525,246.0,94.0,6.15,46.0,7.47141,1
mylyn,org::eclipse::mylyn::wikitext::core::parser::QuoteAttributes,2.0,3,2,3,3.0,0,6.0,3.0,4,2,3.0,1.0,0.75,2.0,1.0,0.5,1.0,1.0,0.25,32.7143,16.2857,0
mylyn,org::eclipse::mylyn::tasklist::tests::Job,17.0,2,1,66,12.0,0,46.0,12.0,2,2,0.0,0.0,0.0,0.0,0.0,0.0,0.0,0.0,0.0,190.571,0.0,0
mylyn,org::eclipse::mylyn::internal::bugzilla::ui::actions::DeleteFavoriteAction,4.0,2,2,1,8.0,0,27.0,2.0,3,1,0.0,0.0,0.0,0.0,0.0,0.0,0.0,0.0,0.0,164.0,0.0,0
mylyn,org::eclipse::mylyn::internal::wikitext::ui::viewer::FontState,39.0,12,1,300,46.0,0,118.0,25.0,3,2,40.0,40.0,13.3333,12.0,10.0,4.0,28.0,30.0,9.33333,32.7143,1.71429,0
mylyn,org::eclipse::mylyn::internal::jira::core::wsdl::beans::RemoteFieldValue,28.0,5,1,45,27.0,0,65.0,10.0,9,2,164.0,137.0,18.2222,178.0,151.0,19.7778,-14.0,7.0,-1.55556,110.714,25.1847,0
mylyn,org::eclipse::mylyn::tasks::tests::connector::MockRepositoryConnector,23.0,6,2,253,25.0,0,73.0,23.0,63,3,380.0,32.0,6.03175,335.0,89.0,5.31746,45.0,30.0,0.714286,139.143,57.3398,1
mylyn,org::eclipse::mylyn::bugzilla::deprecated::BugzillaTaskListFactory,12.0,5,2,21,24.0,0,43.0,7.0,3,3,4.0,4.0,1.33333,1.0,1.0,0.333333,3.0,3.0,1.0,39.5714,13.0,0
mylyn,org::eclipse::mylyn::internal::trac::ui::search::RepositorySearchQuery,4.0,2,1,6,11.0,0,44.0,4.0,5,2,7.0,5.0,1.4,13.0,11.0,2.6,-6.0,0.0,-1.2,135.429,2.65306,0
mylyn,org::eclipse::mylyn::wikitext::core::util::FormattingXMLStreamWriter,31.0,9,2,253,60.0,0,101.0,23.0,7,2,29.0,19.0,4.14286,25.0,16.0,3.57143,4.0,3.0,0.571429,32.7143,5.46305,0
mylyn,org::eclipse::mylyn::internal::jira::ui::JiraIssueContentOutlinePage,4.0,1,1,1,5.0,0,81.0,2.0,2,1,0.0,0.0,0.0,0.0,0.0,0.0,0.0,0.0,0.0,147.857,0.0,0
mylyn,org::eclipse::mylyn::internal::wikitext::tracwiki::core::phrase::SimpleWrappedPhraseModifier,6.0,4,2,15,10.0,1,23.0,6.0,7,2,27.0,17.0,3.85714,23.0,13.0,3.28571,4.0,4.0,0.571429,32.7143,5.7672,0
mylyn,org::eclipse::mylyn::zest::core::viewers::internal::ZoomManager,52.0,13,1,561,135.0,0,206.0,34.0,2,1,1.0,1.0,0.5,1.0,1.0,0.5,0.0,0.0,0.0,103.714,11.5714,0
mylyn,org::eclipse::mylyn::internal::sandbox::bridge::bugs::BugzillaMylynSearchOperation,34.0,20,2,171,93.0,0,295.0,19.0,26,3,197.0,44.0,7.57692,176.0,44.0,6.76923,21.0,8.0,0.807692,88.0,42.2306,0
mylyn,org::eclipse::mylyn::internal::trac::wiki::editor::TracWikiPageEditor,8.0,6,1,21,20.0,0,64.0,7.0,18,2,53.0,13.0,2.94444,82.0,51.0,4.55556,-29.0,5.0,-1.61111,81.8571,32.2776,0
mylyn,org::eclipse::mylyn::internal::jira::core::model::filter::VersionFilter,13.0,5,1,21,12.0,0,40.0,7.0,9,2,17.0,5.0,1.88889,11.0,4.0,1.22222,6.0,4.0,0.666667,110.714,40.4622,0
mylyn,org::eclipse::mylyn::internal::trac::core::model::TracAttachment,12.0,3,1,66,12.0,0,36.0,12.0,6,2,8.0,4.0,1.33333,5.0,1.0,0.833333,3.0,3.0,0.5,133.0,92.7143,0
mylyn,org::eclipse::mylyn::internal::wikitext::ui::WikiTextUiPlugin,45.0,31,1,45,128.0,0,213.0,10.0,8,1,87.0,45.0,10.875,58.0,38.0,7.25,29.0,20.0,3.625,24.7143,8.52052,1
mylyn,org::eclipse::mylyn::wikitext::core::parser::markup::DefaultIdGenerationStrategy,3.0,2,2,0,5.0,0,7.0,1.0,3,1,2.0,1.0,0.666667,1.0,1.0,0.333333,1.0,1.0,0.333333,9.85714,0.714286,0
mylyn,org::eclipse::mylyn::internal::bugzilla::core::XmlCleaner,6.0,9,1,0,25.0,0,34.0,1.0,16,2,59.0,13.0,3.6875,49.0,8.0,3.0625,10.0,7.0,0.625,148.571,77.1695,0
mylyn,org::eclipse::mylyn::internal::provisional::tasks::ui::wizards::Messages,1.0,0,1,0,2.0,0,3.0,1.0,1,1,0.0,0.0,0.0,0.0,0.0,0.0,0.0,0.0,0.0,14.1429,0.0,0
mylyn,org::eclipse::mylyn::internal::tasks::ui::TaskWorkingSetFilter,24.0,6,2,15,22.0,0,79.0,6.0,34,3,192.0,26.0,5.64706,131.0,16.0,3.85294,61.0,25.0,1.79412,95.7143,33.2753,0
mylyn,org::eclipse::mylyn::internal::monitor::reports::MonitorReportsPlugin,6.0,2,1,15,10.0,0,19.0,6.0,6,2,11.0,4.0,1.83333,10.0,4.0,1.66667,1.0,3.0,0.166667,92.5714,38.6753,0
mylyn,org::eclipse::mylyn::internal::sandbox::dev::properties::AbstractTaskCategoryPropertySource,4.0,4,2,3,10.0,0,16.0,3.0,5,2,30.0,23.0,6.0,41.0,38.0,8.2,-11.0,4.0,-2.2,70.7143,12.6762,0
mylyn,org::eclipse::mylyn::context::ui::ContextUi,10.0,15,1,10,20.0,0,27.0,5.0,9,2,62.0,18.0,6.88889,5.0,3.0,0.555556,57.0,18.0,6.33333,48.8571,10.2903,0
mylyn,org::eclipse::mylyn::internal::trac::ui::editor::Messages,1.0,0,1,0,2.0,0,3.0,1.0,1,1,0.0,0.0,0.0,0.0,0.0,0.0,0.0,0.0,0.0,14.8571,0.0,0
mylyn,org::eclipse::mylyn::tasks::ui::wizards::AbstractTaskRepositoryPage,33.0,13,2,153,91.0,2,224.0,18.0,9,2,84.0,60.0,9.33333,65.0,53.0,7.22222,19.0,7.0,2.11111,19.0,13.2959,1
mylyn,org::eclipse::mylyn::internal::context::ui::preferences::Messages,1.0,0,1,0,2.0,0,3.0,1.0,1,1,0.0,0.0,0.0,0.0,0.0,0.0,0.0,0.0,0.0,14.8571,0.0,0
mylyn,org::eclipse::mylyn::internal::resources::ui::ResourceStructureBridge,32.0,10,2,66,49.0,0,147.0,12.0,21,2,73.0,17.0,3.47619,63.0,12.0,3.0,10.0,9.0,0.47619,92.4286,29.9863,0
mylyn,org::eclipse::mylyn::internal::xplanner::core::service::ServiceManager,5.0,4,1,1,12.0,0,31.0,2.0,1,1,0.0,0.0,0.0,0.0,0.0,0.0,0.0,0.0,0.0,6.42857,0.0,1
mylyn,org::eclipse::mylyn::internal::tasks::ui::workingsets::TaskWorkingSetAdapterFactory,2.0,0,1,1,4.0,0,29.0,2.0,10,2,25.0,10.0,2.5,22.0,10.0,2.2,3.0,3.0,0.3,91.1429,31.4,0
mylyn,org::eclipse::mylyn::internal::trac::core::TracAttachmentHandler,14.0,12,2,10,45.0,0,70.0,5.0,35,3,214.0,33.0,6.11429,197.0,62.0,5.62857,17.0,8.0,0.485714,131.571,51.3071,0
mylyn,org::eclipse::mylyn::wikitext::core::util::LocatorImpl,7.0,5,1,21,13.0,0,26.0,7.0,5,2,15.0,7.0,3.0,9.0,6.0,1.8,6.0,5.0,1.2,32.7143,4.62857,0
mylyn,org::eclipse::mylyn::internal::tasks::ui::AbstractTaskListFilter,16.0,4,1,6,13.0,5,40.0,4.0,25,3,117.0,37.0,4.68,56.0,13.0,2.24,61.0,37.0,2.44,139.571,79.5519,0
mylyn,org::eclipse::mylyn::tasks::ui::AbstractTaskRepositoryLinkProvider,6.0,1,1,21,9.0,3,24.0,7.0,13,2,97.0,62.0,7.46154,85.0,62.0,6.53846,12.0,62.0,0.923077,107.857,17.6981,0
mylyn,org::eclipse::mylyn::internal::wikitext::tracwiki::core::phrase::MonospacePhraseModifier,3.0,2,2,6,5.0,0,9.0,4.0,1,1,0.0,0.0,0.0,0.0,0.0,0.0,0.0,0.0,0.0,5.14286,0.0,0
mylyn,org::eclipse::mylyn::internal::wikitext::twiki::core::validation::Messages,2.0,2,1,1,3.0,0,9.0,2.0,2,1,1.0,1.0,0.5,1.0,1.0,0.5,0.0,0.0,0.0,19.8571,2.0,0
mylyn,org::eclipse::mylyn::internal::bugzilla::ui::editor::Messages,1.0,0,1,0,2.0,0,3.0,1.0,3,2,2.0,2.0,0.666667,2.0,2.0,0.666667,0.0,2.0,0.0,13.0,3.42857,0
mylyn,org::eclipse::mylyn::internal::bugzilla::ui::actions::AbstractFavoritesAction,2.0,0,1,1,6.0,4,13.0,2.0,3,1,0.0,0.0,0.0,0.0,0.0,0.0,0.0,0.0,0.0,164.0,0.0,0
mylyn,org::eclipse::mylyn::internal::pde::ui::FocusedApiToolsJavadocCompletionProposalComputer,3.0,1,1,0,5.0,0,10.0,1.0,1,1,0.0,0.0,0.0,0.0,0.0,0.0,0.0,0.0,0.0,1.71429,0.0,0
mylyn,org::eclipse::mylyn::internal::jira::core::service::JiraClient,61.0,50,1,1225,133.0,1,197.0,50.0,41,3,1127.0,353.0,27.4878,926.0,339.0,22.5854,201.0,339.0,4.90244,96.8571,28.1205,0
mylyn,org::eclipse::mylyn::internal::jira::core::model::filter::ContentFilter,7.0,8,1,21,8.0,0,27.0,7.0,7,2,16.0,6.0,2.28571,17.0,8.0,2.42857,-1.0,4.0,-0.142857,110.714,48.6875,0
mylyn,org::eclipse::mylyn::internal::tasks::ui::actions::DeleteAction,13.0,17,1,10,44.0,1,132.0,5.0,39,3,306.0,61.0,7.84615,211.0,38.0,5.41026,95.0,25.0,2.4359,139.571,83.7932,0
mylyn,org::eclipse::mylyn::internal::jira::core::wsdl::soap::RemotePermissionException,12.0,1,2,21,12.0,0,40.0,7.0,9,2,106.0,76.0,11.7778,107.0,77.0,11.8889,-1.0,7.0,-0.111111,110.714,27.686,0
mylyn,org::eclipse::mylyn::tasks::ui::TasksUiImages,13.0,6,1,6,15.0,0,47.0,4.0,11,2,86.0,59.0,7.81818,77.0,59.0,7.0,9.0,8.0,0.818182,43.7143,27.505,0
mylyn,org::eclipse::mylyn::wikitext::core::parser::outline::OutlineItem,54.0,33,1,435,84.0,1,209.0,30.0,16,2,213.0,68.0,13.3125,23.0,9.0,1.4375,190.0,67.0,11.875,32.7143,21.4547,1
mylyn,org::eclipse::mylyn::internal::tasks::bugs::actions::NewTaskFromErrorAction,15.0,2,1,15,29.0,0,78.0,6.0,19,2,136.0,28.0,7.15789,89.0,14.0,4.68421,47.0,22.0,2.47368,47.5714,14.2994,0
mylyn,org::eclipse::mylyn::internal::wikitext::ui::editor::syntax::FastMarkupPartitioner,10.0,13,1,21,36.0,0,61.0,7.0,10,2,189.0,72.0,18.9,119.0,75.0,11.9,70.0,37.0,7.0,32.7143,15.8262,1
mylyn,org::eclipse::mylyn::commons::net::WebRequest,0.0,2,1,1,2.0,3,0.0,2.0,2,1,11.0,11.0,5.5,0.0,0.0,0.0,11.0,11.0,5.5,45.8571,19.2857,0
mylyn,org::eclipse::mylyn::internal::jira::ui::editor::TimeSpanAttributeEditor,5.0,7,2,10,25.0,0,33.0,5.0,4,2,7.0,5.0,1.75,3.0,1.0,0.75,4.0,4.0,1.0,38.0,17.3469,0
mylyn,org::eclipse::mylyn::internal::wikitext::ui::editor::validation::Messages,2.0,4,1,1,3.0,0,9.0,2.0,2,1,1.0,1.0,0.5,1.0,1.0,0.5,0.0,0.0,0.0,19.8571,2.0,1
mylyn,org::eclipse::mylyn::zest::layouts::algorithms::DirectedGraphLayoutAlgorithm,11.0,9,2,28,27.0,0,54.0,8.0,3,1,29.0,29.0,9.66667,20.0,19.0,6.66667,9.0,10.0,3.0,82.5714,1.57143,0
mylyn,org::eclipse::mylyn::wikitext::core::parser::builder::DocBookDocumentBuilder,98.0,21,3,496,169.0,2,412.0,32.0,7,2,130.0,74.0,18.5714,121.0,74.0,17.2857,9.0,6.0,1.28571,32.7143,9.01648,1
mylyn,org::eclipse::mylyn::wikitext::core::validation::Messages,2.0,3,1,1,3.0,0,9.0,2.0,2,1,1.0,1.0,0.5,1.0,1.0,0.5,0.0,0.0,0.0,19.8571,2.0,0
mylyn,org::eclipse::mylyn::internal::commons::ui::WorkbenchUtil,7.0,1,1,1,8.0,0,18.0,2.0,2,1,4.0,4.0,2.0,1.0,1.0,0.5,3.0,3.0,1.5,37.0,10.4286,0
mylyn,org::eclipse::mylyn::internal::tasks::ui::TasksUiFactory,3.0,5,1,6,9.0,0,9.0,4.0,2,1,5.0,5.0,2.5,3.0,3.0,1.5,2.0,2.0,1.0,17.7143,11.7143,0
mylyn,org::eclipse::mylyn::bugzilla::deprecated::DummySearchHitProvider,1.0,0,1,0,2.0,0,8.0,1.0,3,3,4.0,4.0,1.33333,2.0,2.0,0.666667,2.0,2.0,0.666667,39.5714,13.0,0
mylyn,org::eclipse::mylyn::internal::context::core::LegacyActivityAdaptor,19.0,5,1,1,22.0,0,37.0,2.0,10,3,29.0,6.0,2.9,24.0,6.0,2.4,5.0,3.0,0.5,82.7143,36.3744,0
mylyn,org::eclipse::mylyn::internal::sandbox::dev::views::RepositorySpyView,16.0,10,1,91,51.0,0,134.0,14.0,10,3,50.0,26.0,5.0,34.0,19.0,3.4,16.0,10.0,1.6,70.7143,25.3086,1
mylyn,org::eclipse::mylyn::wikitext::ui::commands::Messages,2.0,5,1,1,3.0,0,9.0,2.0,2,1,1.0,1.0,0.5,1.0,1.0,0.5,0.0,0.0,0.0,19.8571,2.0,1
mylyn,org::eclipse::mylyn::internal::sandbox::ui::highlighters::EditHighlightersAction,4.0,1,1,6,6.0,0,15.0,4.0,3,2,5.0,4.0,1.66667,2.0,1.0,0.666667,3.0,3.0,1.0,43.5714,20.5143,0
mylyn,org::eclipse::mylyn::internal::tasks::ui::views::TaskListCellModifier,29.0,12,1,10,38.0,0,90.0,5.0,37,3,318.0,130.0,8.59459,301.0,130.0,8.13513,17.0,130.0,0.459459,98.7143,14.9367,0
mylyn,org::eclipse::mylyn::zest::layouts::exampleStructures::SimpleRelationship,30.0,6,1,351,31.0,0,99.0,27.0,5,2,60.0,28.0,12.0,9.0,8.0,1.8,51.0,28.0,10.2,184.857,51.9714,0
mylyn,org::eclipse::mylyn::internal::jira::ui::JiraUiPlugin,6.0,5,1,15,20.0,0,24.0,6.0,17,4,57.0,25.0,3.35294,64.0,31.0,3.76471,-7.0,4.0,-0.411765,110.714,54.9774,0
mylyn,org::eclipse::mylyn::internal::tasks::ui::commands::OpenTaskListElementPropertiesHandler,3.0,1,2,0,2.0,0,5.0,1.0,7,2,14.0,4.0,2.0,11.0,3.0,1.57143,3.0,3.0,0.428571,46.0,9.19388,0
mylyn,org::eclipse::mylyn::team::ui::AbstractTaskReference,0.0,2,1,6,4.0,1,0.0,4.0,3,1,6.0,5.0,2.0,2.0,1.0,0.666667,4.0,4.0,1.33333,47.5714,21.0238,0
mylyn,org::eclipse::mylyn::internal::bugzilla::ui::BugzillaUiPlugin,30.0,16,1,45,60.0,0,127.0,10.0,65,3,1224.0,325.0,18.8308,856.0,143.0,13.1692,368.0,322.0,5.66154,164.0,32.4581,0
mylyn,org::eclipse::mylyn::internal::bugzilla::ui::wizard::AbstractBugzillaWizardPage,81.0,4,1,66,182.0,1,555.0,12.0,24,2,271.0,52.0,11.2917,241.0,42.0,10.0417,30.0,10.0,1.25,157.143,7.70901,0
mylyn,org::eclipse::mylyn::internal::web::tasks::WebRepositorySettingsPage,24.0,11,4,91,86.0,0,265.0,14.0,15,4,108.0,33.0,7.2,103.0,47.0,6.86667,5.0,14.0,0.333333,92.4286,28.914,0
mylyn,org::eclipse::mylyn::internal::wikitext::twiki::core::phrase::AutoLinkSwitchPhraseModifier,3.0,2,2,6,5.0,0,9.0,4.0,5,1,13.0,10.0,2.6,3.0,1.0,0.6,10.0,10.0,2.0,23.8571,13.9451,0
mylyn,org::eclipse::mylyn::monitor::internal::CardinalStatistic,9.0,2,2,21,10.0,0,27.0,7.0,2,1,0.0,0.0,0.0,0.0,0.0,0.0,0.0,0.0,0.0,181.714,0.0,0
mylyn,org::eclipse::mylyn::internal::pde::ui::PdeStructureBridge,56.0,8,2,66,105.0,0,258.0,12.0,24,3,155.0,24.0,6.45833,122.0,20.0,5.08333,33.0,12.0,1.375,92.4286,42.7438,0
mylyn,org::eclipse::mylyn::internal::tasks::ui::wizards::Messages,1.0,0,1,0,2.0,0,3.0,1.0,10,2,20.0,6.0,2.0,78.0,50.0,7.8,-58.0,6.0,-5.8,14.7143,5.67143,1
mylyn,org::eclipse::mylyn::internal::tasks::ui::actions::NewLocalTaskAction,14.0,1,1,6,24.0,0,54.0,4.0,21,2,99.0,15.0,4.71429,72.0,12.0,3.42857,27.0,14.0,1.28571,139.571,22.4026,0
mylyn,org::eclipse::mylyn::internal::wikitext::ui::editor::Messages,6.0,3,1,6,7.0,0,19.0,4.0,3,2,6.0,5.0,2.0,7.0,6.0,2.33333,-1.0,0.0,-0.333333,32.7143,3.90476,1
mylyn,org::eclipse::mylyn::internal::trac::ui::editor::TracCcAttributeEditor,4.0,5,2,1,17.0,0,49.0,2.0,4,2,6.0,4.0,1.5,3.0,1.0,0.75,3.0,3.0,0.75,39.5714,15.9524,0
mylyn,org::eclipse::mylyn::internal::tasks::ui::TaskLabelDecorator,22.0,11,1,15,37.0,0,67.0,6.0,33,3,212.0,96.0,6.42424,244.0,96.0,7.39394,-32.0,96.0,-0.969697,98.0,16.6435,1
mylyn,org::eclipse::mylyn::tasks::core::data::AbstractTaskAttachmentHandler,0.0,7,1,6,4.0,4,0.0,4.0,6,2,18.0,5.0,3.0,15.0,5.0,2.5,3.0,3.0,0.5,45.8571,7.85714,0
mylyn,org::eclipse::mylyn::internal::bugzilla::core::SaxBugzillaQueryContentHandler,13.0,6,1,15,20.0,0,55.0,6.0,37,3,255.0,59.0,6.89189,297.0,62.0,8.02703,-42.0,12.0,-1.13514,132.714,58.0717,0
mylyn,org::eclipse::mylyn::internal::jira::core::wsdl::beans::RemotePermission,25.0,3,1,45,22.0,0,59.0,10.0,9,2,158.0,131.0,17.5556,170.0,143.0,18.8889,-12.0,7.0,-1.33333,110.714,25.3599,0
mylyn,org::eclipse::mylyn::wikitext::core::parser::markup::token::EntityWrappingReplacementToken,6.0,5,2,6,9.0,0,18.0,4.0,8,2,19.0,8.0,2.375,13.0,5.0,1.625,6.0,3.0,0.75,32.7143,8.64662,0
mylyn,org::eclipse::mylyn::internal::commons::net::PollingInputStream,27.0,6,1,21,28.0,0,105.0,7.0,2,1,0.0,0.0,0.0,0.0,0.0,0.0,0.0,0.0,0.0,45.8571,0.0,0
mylyn,org::eclipse::mylyn::internal::web::tasks::WebImages,7.0,3,1,6,19.0,0,34.0,4.0,3,2,6.0,5.0,2.0,5.0,4.0,1.66667,1.0,1.0,0.333333,42.4286,18.7857,0
mylyn,org::eclipse::mylyn::internal::tasks::ui::views::TaskListView,199.0,97,1,2211,470.0,0,1115.0,67.0,318,3,4748.0,271.0,14.9308,4252.0,339.0,13.3711,496.0,174.0,1.55975,139.571,50.3415,1
mylyn,org::eclipse::mylyn::internal::wikitext::core::validation::StandaloneMarkupValidator,26.0,10,1,36,53.0,0,91.0,9.0,6,1,101.0,85.0,16.8333,31.0,13.0,5.16667,70.0,77.0,11.6667,23.5714,0.861386,0
mylyn,org::eclipse::mylyn::internal::tasks::core::RepositoryExternalizationParticipant,13.0,4,2,78,23.0,0,47.0,13.0,12,3,58.0,44.0,4.83333,84.0,55.0,7.0,-26.0,3.0,-2.16667,44.1429,3.70197,0
mylyn,org::eclipse::mylyn::internal::monitor::reports::collectors::FocusedUiUsageDetector,6.0,4,1,1,10.0,0,16.0,2.0,5,2,9.0,5.0,1.8,8.0,4.0,1.6,1.0,4.0,0.2,92.5714,47.254,0
mylyn,org::eclipse::mylyn::internal::wikitext::ui::editor::preferences::EditorPreferencePage,7.0,4,1,6,32.0,0,73.0,4.0,10,2,87.0,27.0,8.7,43.0,24.0,4.3,44.0,27.0,4.4,32.7143,20.5567,1
mylyn,org::eclipse::mylyn::internal::wikitext::ui::validation::Messages,2.0,2,1,1,3.0,0,9.0,2.0,1,1,0.0,0.0,0.0,0.0,0.0,0.0,0.0,0.0,0.0,14.0,0.0,1
mylyn,org::eclipse::mylyn::internal::tasks::ui::deprecated::RepositoryTaskEditorInput,21.0,7,2,21,22.0,2,64.0,7.0,8,2,11.0,5.0,1.375,13.0,7.0,1.625,-2.0,4.0,-0.25,45.2857,9.23377,0
mylyn,org::eclipse::mylyn::internal::bugzilla::ui::actions::ViewOfflineReportAction,7.0,1,2,1,16.0,0,40.0,2.0,4,1,3.0,2.0,0.75,3.0,2.0,0.75,0.0,0.0,0.0,164.0,0.0952381,0
mylyn,org::eclipse::mylyn::internal::wikitext::twiki::core::token::IconReplacementToken,3.0,2,2,6,5.0,0,9.0,4.0,3,1,2.0,1.0,0.666667,2.0,1.0,0.666667,0.0,0.0,0.0,23.8571,6.57143,0
mylyn,org::eclipse::mylyn::internal::tasks::core::sync::SubmitTaskAttachmentJob,5.0,10,3,6,21.0,0,46.0,4.0,9,3,24.0,5.0,2.66667,18.0,5.0,2.0,6.0,3.0,0.666667,45.5714,17.8274,1
mylyn,org::eclipse::mylyn::internal::jira::core::model::filter::UserFilter,0.0,1,1,0,1.0,4,0.0,1.0,8,2,13.0,5.0,1.625,9.0,4.0,1.125,4.0,4.0,0.5,110.714,55.5495,0
mylyn,org::eclipse::mylyn::internal::wikitext::tracwiki::core::token::ChangesetLinkReplacementToken,3.0,2,2,6,5.0,0,9.0,4.0,1,1,0.0,0.0,0.0,0.0,0.0,0.0,0.0,0.0,0.0,7.14286,0.0,0
mylyn,org::eclipse::mylyn::internal::tasks::ui::editors::CategoryEditorInput,11.0,6,1,55,18.0,0,35.0,11.0,21,3,51.0,10.0,2.42857,40.0,8.0,1.90476,11.0,10.0,0.52381,139.571,57.521,0
mylyn,org::eclipse::mylyn::internal::bugzilla::ui::BugzillaImages,8.0,3,1,6,19.0,0,35.0,4.0,20,3,67.0,18.0,3.35,90.0,41.0,4.5,-23.0,4.0,-1.15,164.0,83.8273,0
mylyn,org::eclipse::mylyn::zest::tests::swt::GraphSnippet7,4.0,1,1,0,8.0,0,36.0,1.0,1,1,0.0,0.0,0.0,0.0,0.0,0.0,0.0,0.0,0.0,80.8571,0.0,0
mylyn,org::eclipse::mylyn::internal::commons::net::Messages,0.0,0,1,0,0.0,0,0.0,0.0,4,2,2.0,1.0,0.5,5.0,4.0,1.25,-3.0,1.0,-0.75,45.8571,23.5714,0
mylyn,org::eclipse::mylyn::internal::bugzilla::core::history::TaskRevision,19.0,8,1,91,31.0,4,63.0,14.0,10,2,147.0,118.0,14.7,142.0,118.0,14.2,5.0,118.0,0.5,109.0,11.5462,0
mylyn,org::eclipse::mylyn::internal::tasks::ui::ScheduledPresentation,2.0,1,2,1,3.0,0,6.0,2.0,5,2,7.0,4.0,1.4,5.0,2.0,1.0,2.0,3.0,0.4,81.0,54.6531,0
mylyn,org::eclipse::mylyn::internal::wikitext::ui::util::css::IdSelector,3.0,3,2,3,4.0,0,9.0,3.0,1,1,0.0,0.0,0.0,0.0,0.0,0.0,0.0,0.0,0.0,7.42857,0.0,0
mylyn,org::eclipse::mylyn::internal::sandbox::bridge::bugs::BugzillaMylynSearch,9.0,8,1,21,25.0,0,87.0,7.0,4,2,8.0,5.0,2.0,7.0,4.0,1.75,1.0,1.0,0.25,88.0,50.9821,0
mylyn,org::eclipse::mylyn::internal::provisional::tasks::bugs::AbstractTaskContributor,2.0,1,1,3,3.0,1,5.0,3.0,7,2,41.0,31.0,5.85714,35.0,31.0,5.0,6.0,31.0,0.857143,40.7143,4.34843,0
mylyn,org::eclipse::mylyn::internal::wikitext::confluence::core::token::AnchorReplacementToken,3.0,2,2,6,5.0,0,9.0,4.0,3,2,3.0,2.0,1.0,3.0,2.0,1.0,0.0,0.0,0.0,32.7143,5.42857,0
mylyn,org::eclipse::mylyn::internal::trac::core::util::TracHttpClientTransportFactory,6.0,3,1,15,7.0,0,19.0,6.0,26,3,379.0,190.0,14.5769,325.0,87.0,12.5,54.0,103.0,2.07692,133.0,61.533,0
mylyn,org::eclipse::mylyn::zest::layouts::constraints::BasicEntityConstraint,2.0,1,1,1,3.0,0,11.0,2.0,2,1,2.0,2.0,1.0,2.0,2.0,1.0,0.0,0.0,0.0,135.857,43.7143,0
mylyn,org::eclipse::mylyn::internal::wikitext::tasks::ui::preferences::MarkupViewerPreferencePage,10.0,12,1,36,68.0,0,134.0,9.0,5,1,132.0,81.0,26.4,14.0,10.0,2.8,118.0,71.0,23.6,6.42857,0.467532,1
mylyn,org::eclipse::mylyn::internal::wikitext::ui::validation::ValidationProjectBuilder,28.0,19,1,28,59.0,0,117.0,8.0,4,1,34.0,30.0,8.5,5.0,3.0,1.25,29.0,29.0,7.25,14.0,0.546218,1
mylyn,org::eclipse::mylyn::internal::xplanner::ui::wizard::AbstractXPlannerQueryWizardPage,7.0,5,3,21,12.0,3,23.0,7.0,1,1,0.0,0.0,0.0,0.0,0.0,0.0,0.0,0.0,0.0,6.42857,0.0,0
mylyn,org::eclipse::mylyn::internal::jira::core::service::JiraInsufficientPermissionException,2.0,0,2,0,1.0,0,3.0,1.0,10,3,39.0,26.0,3.9,38.0,26.0,3.8,1.0,26.0,0.1,97.8571,15.1465,0
mylyn,org::eclipse::mylyn::monitor::tests::MockSelectionMonitor,1.0,0,2,0,2.0,0,3.0,1.0,9,3,64.0,27.0,7.11111,10.0,4.0,1.11111,54.0,27.0,6.0,145.143,12.7299,0
mylyn,org::eclipse::mylyn::zest::tests::swt::HelloWorld,3.0,1,1,0,8.0,0,20.0,1.0,1,1,0.0,0.0,0.0,0.0,0.0,0.0,0.0,0.0,0.0,80.8571,0.0,0
mylyn,org::eclipse::mylyn::internal::wikitext::confluence::core::block::CodeBlock,9.0,4,5,15,17.0,0,36.0,6.0,5,2,47.0,26.0,9.4,73.0,59.0,14.6,-26.0,11.0,-5.2,32.7143,10.4681,0
mylyn,org::eclipse::mylyn::wikitext::ui::annotation::IdAnnotation,2.0,3,1,1,3.0,0,6.0,2.0,5,2,4.0,1.0,0.8,3.0,1.0,0.6,1.0,1.0,0.2,32.7143,15.4286,0
mylyn,org::eclipse::mylyn::internal::tasks::core::Messages,1.0,0,1,0,2.0,0,3.0,1.0,2,1,11.0,11.0,5.5,9.0,9.0,4.5,2.0,2.0,1.0,14.7143,0.142857,0
mylyn,org::eclipse::mylyn::internal::context::ui::commands::RetrieveContextAttachmentHandler,1.0,2,2,0,4.0,0,3.0,1.0,5,2,9.0,4.0,1.8,6.0,3.0,1.2,3.0,3.0,0.6,43.8571,9.33333,0
mylyn,org::eclipse::mylyn::internal::bugzilla::core::BugzillaCustomField,10.0,5,1,45,14.0,0,39.0,10.0,6,3,52.0,43.0,8.66667,8.0,2.0,1.33333,44.0,41.0,7.33333,49.0,28.5055,0
mylyn,org::eclipse::mylyn::internal::team::ui::ContextChangeSet,41.0,14,1,171,78.0,3,154.0,19.0,26,3,153.0,30.0,5.88462,96.0,19.0,3.69231,57.0,25.0,2.19231,92.4286,33.1597,1
mylyn,org::eclipse::mylyn::internal::resources::ui::ResourcesUiBridgePlugin,26.0,29,1,91,60.0,0,108.0,14.0,10,2,18.0,5.0,1.8,26.0,11.0,2.6,-8.0,4.0,-0.8,48.5714,16.2143,0
mylyn,org::eclipse::mylyn::internal::sandbox::dev::actions::ShowPropertiesAction,4.0,1,1,6,8.0,0,18.0,4.0,3,2,5.0,4.0,1.66667,2.0,1.0,0.666667,3.0,3.0,1.0,29.8571,6.8,1
mylyn,org::eclipse::mylyn::internal::sandbox::bridge::bugs::BugzillaStructureBridge,22.0,5,2,78,31.0,0,66.0,13.0,26,3,75.0,16.0,2.88462,200.0,99.0,7.69231,-125.0,10.0,-4.80769,140.857,37.6933,0
mylyn,org::eclipse::mylyn::internal::jira::core::service::JiraException,1.0,6,1,0,1.0,5,3.0,1.0,6,2,16.0,5.0,2.66667,3.0,1.0,0.5,13.0,5.0,2.16667,105.0,26.3571,0
mylyn,org::eclipse::mylyn::internal::jira::core::service::JiraRemoteMessageException,9.0,4,3,6,9.0,0,34.0,4.0,12,2,114.0,67.0,9.5,80.0,67.0,6.66667,34.0,67.0,2.83333,97.8571,6.27694,0
mylyn,org::eclipse::mylyn::internal::java::ui::search::JavaReferencesProvider,7.0,2,4,6,5.0,0,23.0,4.0,5,2,10.0,4.0,2.0,9.0,4.0,1.8,1.0,3.0,0.2,92.4286,57.4571,0
mylyn,org::eclipse::mylyn::internal::monitor::usage::wizards::UsageUploadWizardPage,9.0,7,1,6,27.0,0,75.0,4.0,16,2,250.0,60.0,15.625,254.0,49.0,15.875,-4.0,17.0,-0.25,109.857,11.328,0
mylyn,org::eclipse::mylyn::internal::wikitext::ui::editor::operations::Messages,2.0,2,1,1,3.0,0,9.0,2.0,1,1,0.0,0.0,0.0,0.0,0.0,0.0,0.0,0.0,0.0,7.71429,0.0,1
mylyn,org::eclipse::mylyn::internal::xplanner::core::service::exceptions::InsufficientPermissionException,1.0,0,1,0,1.0,0,3.0,1.0,1,1,0.0,0.0,0.0,0.0,0.0,0.0,0.0,0.0,0.0,6.42857,0.0,0
mylyn,org::eclipse::mylyn::internal::tasks::core::AbstractTaskCategory,1.0,0,3,0,1.0,3,3.0,1.0,5,2,5.0,4.0,1.0,15.0,11.0,3.0,-10.0,3.0,-2.0,45.1429,22.0857,0
mylyn,org::eclipse::mylyn::internal::tasks::ui::commands::MarkTaskHandler,0.0,0,2,0,0.0,0,0.0,0.0,12,3,39.0,16.0,3.25,23.0,4.0,1.91667,16.0,13.0,1.33333,44.0,7.8315,0
mylyn,org::eclipse::mylyn::wikitext::ui::viewer::MarkupViewer,12.0,7,2,21,29.0,0,50.0,7.0,8,2,16.0,7.0,2.0,13.0,8.0,1.625,3.0,3.0,0.375,32.7143,12.3214,1
mylyn,org::eclipse::mylyn::internal::tasks::ui::editors::TaskEditorExtensionSettingsContribution,14.0,4,2,21,27.0,0,67.0,7.0,5,2,22.0,11.0,4.4,10.0,5.0,2.0,12.0,9.0,2.4,18.8571,9.82468,1
mylyn,org::eclipse::mylyn::internal::xplanner::core::service::CachedXPlannerClient,86.0,12,4,1891,144.0,0,303.0,62.0,1,1,0.0,0.0,0.0,0.0,0.0,0.0,0.0,0.0,0.0,6.42857,0.0,0
mylyn,org::eclipse::mylyn::internal::tasks::bugs::actions::ReportBugAction,4.0,1,1,6,6.0,0,13.0,4.0,9,2,22.0,4.0,2.44444,22.0,8.0,2.44444,0.0,3.0,0.0,47.5714,15.2987,1
mylyn,org::eclipse::mylyn::tasks::core::data::TaskDataModelEvent,4.0,2,1,6,4.0,0,14.0,4.0,6,2,12.0,4.0,2.0,3.0,1.0,0.5,9.0,4.0,1.5,46.1429,10.8929,0
mylyn,org::eclipse::mylyn::internal::bugzilla::core::BugzillaClientFactory,3.0,8,1,0,8.0,0,12.0,1.0,18,3,65.0,16.0,3.61111,77.0,33.0,4.27778,-12.0,9.0,-0.666667,123.857,48.2066,0
mylyn,org::eclipse::mylyn::internal::tasks::ui::actions::ExportAction,8.0,6,1,3,21.0,0,37.0,3.0,1,1,0.0,0.0,0.0,0.0,0.0,0.0,0.0,0.0,0.0,6.71429,0.0,0
mylyn,org::eclipse::mylyn::zest::core::viewers::ZoomContributionViewItem,22.0,3,1,36,39.0,0,104.0,9.0,5,1,120.0,80.0,24.0,122.0,114.0,24.4,-2.0,24.0,-0.4,131.571,22.2167,0
mylyn,org::eclipse::mylyn::internal::wikitext::ui::WikiTextNature,14.0,10,1,15,41.0,0,89.0,6.0,1,1,0.0,0.0,0.0,0.0,0.0,0.0,0.0,0.0,0.0,14.0,0.0,1
mylyn,org::eclipse::mylyn::internal::jira::core::model::filter::SpecificUserFilter,3.0,4,2,3,4.0,0,9.0,3.0,7,1,10.0,5.0,1.42857,8.0,4.0,1.14286,2.0,4.0,0.285714,110.714,58.7,0
mylyn,org::eclipse::mylyn::zest::layouts::constraints::EntityPriorityConstraint,1.0,0,1,0,1.0,0,3.0,1.0,2,1,2.0,2.0,1.0,2.0,2.0,1.0,0.0,0.0,0.0,135.714,43.5714,0
mylyn,org::eclipse::mylyn::internal::pde::ui::junit::Messages,1.0,0,1,0,2.0,0,3.0,1.0,3,1,31.0,31.0,10.3333,31.0,31.0,10.3333,0.0,31.0,0.0,19.1429,5.14286,0
mylyn,org::eclipse::mylyn::internal::jira::core::JiraIssueCollector,7.0,2,1,21,9.0,0,22.0,7.0,3,2,5.0,4.0,1.66667,1.0,1.0,0.333333,4.0,3.0,1.33333,48.7143,23.6857,0
mylyn,org::eclipse::mylyn::wikitext::ui::commands::ConvertMarkupToHtml,2.0,11,2,0,34.0,1,71.0,1.0,6,2,26.0,12.0,4.33333,22.0,11.0,3.66667,4.0,2.0,0.666667,32.7143,9.14286,1
mylyn,org::eclipse::mylyn::internal::sandbox::ui::planner::CompletedTaskCollector,9.0,4,1,6,14.0,0,21.0,4.0,5,2,15.0,5.0,3.0,12.0,5.0,2.4,3.0,3.0,0.6,46.0,9.3619,0
mylyn,org::eclipse::mylyn::internal::tasks::ui::ActivityExternalizationParticipant,17.0,8,2,55,24.0,0,55.0,11.0,17,3,105.0,55.0,6.17647,59.0,20.0,3.47059,46.0,47.0,2.70588,45.1429,4.76599,0
mylyn,org::eclipse::mylyn::internal::xplanner::core::service::soap::SoapXPlannerServiceFactory,1.0,1,1,0,2.0,0,4.0,1.0,1,1,0.0,0.0,0.0,0.0,0.0,0.0,0.0,0.0,0.0,6.42857,0.0,0
mylyn,org::eclipse::mylyn::context::ui::InterestSorter,5.0,3,1,1,8.0,0,18.0,2.0,13,2,37.0,7.0,2.84615,34.0,7.0,2.61538,3.0,3.0,0.230769,139.714,56.0386,0
mylyn,org::eclipse::mylyn::internal::sandbox::bridge::bugs::BugzillaReferencesProvider,22.0,11,3,136,45.0,0,110.0,17.0,26,2,96.0,15.0,3.69231,54.0,11.0,2.07692,42.0,15.0,1.61538,140.857,59.3571,0
mylyn,org::eclipse::mylyn::internal::sandbox::ui::planner::TaskActivityWizardPage,21.0,11,1,45,66.0,0,263.0,10.0,12,2,32.0,9.0,2.66667,33.0,6.0,2.75,-1.0,3.0,-0.0833333,46.0,7.83929,0
mylyn,org::eclipse::mylyn::internal::wikitext::textile::core::phrase::SimpleTextilePhraseModifier,11.0,6,2,36,22.0,0,46.0,9.0,7,2,53.0,33.0,7.57143,26.0,15.0,3.71429,27.0,28.0,3.85714,32.7143,9.10243,1
mylyn,org::eclipse::mylyn::internal::java::tasks::Messages,1.0,0,1,0,2.0,0,3.0,1.0,1,1,0.0,0.0,0.0,0.0,0.0,0.0,0.0,0.0,0.0,19.1429,0.0,0
mylyn,org::eclipse::mylyn::internal::wikitext::ui::util::css::editor::CommentRule,16.0,1,1,15,16.0,0,51.0,6.0,1,1,0.0,0.0,0.0,0.0,0.0,0.0,0.0,0.0,0.0,6.42857,0.0,0
mylyn,org::eclipse::mylyn::wikitext::core::util::anttask::MarkupToEclipseHelpTask,16.0,8,3,21,52.0,0,77.0,7.0,10,2,50.0,24.0,5.0,49.0,25.0,4.9,1.0,4.0,0.1,32.7143,9.12571,0
mylyn,org::eclipse::mylyn::internal::tasks::ui::editors::TaskAttachmentDropListener,19.0,4,1,21,17.0,0,61.0,7.0,4,2,15.0,12.0,3.75,3.0,2.0,0.75,12.0,12.0,3.0,41.0,17.2,0
mylyn,org::eclipse::mylyn::internal::tasks::ui::actions::LinkWithEditorAction,2.0,1,1,1,4.0,0,8.0,2.0,8,2,16.0,4.0,2.0,13.0,4.0,1.625,3.0,3.0,0.375,93.0,47.9107,0
mylyn,org::eclipse::mylyn::internal::provisional::commons::ui::CommonColors,1.0,1,1,0,2.0,0,6.0,1.0,2,1,4.0,4.0,2.0,1.0,1.0,0.5,3.0,3.0,1.5,45.8571,19.2857,0
mylyn,org::eclipse::mylyn::internal::wikitext::tracwiki::core::token::TicketAttachmentLinkReplacementToken,3.0,1,2,6,5.0,0,9.0,4.0,1,1,0.0,0.0,0.0,0.0,0.0,0.0,0.0,0.0,0.0,7.14286,0.0,0
mylyn,org::eclipse::mylyn::internal::context::core::DegreeOfInterest,25.0,7,1,78,54.0,0,101.0,13.0,24,2,116.0,26.0,4.83333,89.0,11.0,3.70833,27.0,15.0,1.125,139.714,92.0924,1
mylyn,org::eclipse::mylyn::internal::bugzilla::core::history::AttachmentEvent,40.0,6,2,21,75.0,0,120.0,7.0,10,3,233.0,183.0,23.3,256.0,183.0,25.6,-23.0,183.0,-2.3,109.0,14.3899,0
mylyn,org::eclipse::mylyn::internal::web::tasks::ParameterEditorDialog,15.0,3,1,28,29.0,0,90.0,8.0,6,2,17.0,10.0,2.83333,12.0,8.0,2.0,5.0,3.0,0.833333,92.4286,23.2185,0
mylyn,org::eclipse::mylyn::internal::wikitext::ui::util::css::editor::PropertyNameRule,29.0,2,1,21,18.0,0,54.0,7.0,1,1,0.0,0.0,0.0,0.0,0.0,0.0,0.0,0.0,0.0,6.42857,0.0,0
mylyn,org::eclipse::mylyn::internal::wikitext::ui::editor::MarkupSourceViewerConfiguration,36.0,17,2,190,71.0,1,172.0,20.0,9,2,172.0,91.0,19.1111,22.0,16.0,2.44444,150.0,91.0,16.6667,32.7143,24.9012,0
mylyn,org::eclipse::mylyn::internal::tasks::ui::actions::GoIntoAction,4.0,1,1,6,6.0,0,15.0,4.0,12,2,23.0,4.0,1.91667,28.0,6.0,2.33333,-5.0,3.0,-0.416667,139.571,78.4845,0
mylyn,org::eclipse::mylyn::internal::jira::core::model::filter::CustomFieldFilter,0.0,0,1,0,0.0,0,0.0,0.0,6,1,9.0,5.0,1.5,8.0,4.0,1.33333,1.0,4.0,0.166667,110.714,62.9365,0
mylyn,org::eclipse::mylyn::zest::layouts::InvalidLayoutConfiguration,0.0,1,1,0,1.0,0,0.0,1.0,3,3,2.0,1.0,0.666667,2.0,1.0,0.666667,0.0,0.0,0.0,184.857,51.0,0
mylyn,org::eclipse::mylyn::internal::wikitext::confluence::core::block::ParagraphBlock,13.0,9,3,6,27.0,0,57.0,4.0,5,2,7.0,4.0,1.4,8.0,5.0,1.6,-1.0,0.0,-0.2,32.7143,9.4898,1
mylyn,org::eclipse::mylyn::internal::examples::bugzilla::Main,2.0,11,1,0,22.0,0,42.0,1.0,4,1,26.0,13.0,6.5,17.0,10.0,4.25,9.0,7.0,2.25,32.2857,2.52747,0
mylyn,org::eclipse::mylyn::internal::tasks::core::TaskActivityManager,111.0,56,1,1540,302.0,0,560.0,56.0,74,3,1544.0,340.0,20.8649,1142.0,413.0,15.4324,402.0,232.0,5.43243,81.0,27.2665,0
mylyn,org::eclipse::mylyn::internal::jira::core::model::filter::DateFilter,0.0,1,1,0,1.0,2,0.0,1.0,7,1,10.0,5.0,1.42857,8.0,4.0,1.14286,2.0,4.0,0.285714,110.714,59.9571,0
mylyn,org::eclipse::mylyn::internal::tasks::ui::actions::RemoveFromCategoryAction,4.0,4,1,1,8.0,0,18.0,2.0,36,3,122.0,24.0,3.38889,147.0,46.0,4.08333,-25.0,20.0,-0.694444,139.571,70.4672,0
mylyn,org::eclipse::mylyn::internal::bugzilla::ui::tasklist::Messages,1.0,0,1,0,2.0,0,3.0,1.0,3,2,1.0,1.0,0.333333,17.0,16.0,5.66667,-16.0,0.0,-5.33333,13.0,0.0,0
mylyn,org::eclipse::mylyn::internal::sandbox::ui::planner::ActivityReportAction,4.0,2,1,1,8.0,0,21.0,2.0,4,2,6.0,4.0,1.5,3.0,1.0,0.75,3.0,3.0,0.75,46.0,19.5,0
mylyn,org::eclipse::mylyn::tasks::ui::wizards::NewWebTaskWizard,7.0,4,1,15,16.0,0,36.0,6.0,21,3,89.0,36.0,4.2381,57.0,12.0,2.71429,32.0,34.0,1.52381,118.714,66.7416,0
mylyn,org::eclipse::mylyn::internal::wikitext::confluence::core::token::HyperlinkReplacementToken,3.0,2,2,6,5.0,0,9.0,4.0,5,2,24.0,9.0,4.8,13.0,6.0,2.6,11.0,9.0,2.2,32.7143,2.80357,1
mylyn,org::eclipse::mylyn::internal::trac::core::model::TracTicketType,1.0,3,2,0,1.0,0,3.0,1.0,6,2,8.0,4.0,1.33333,5.0,1.0,0.833333,3.0,3.0,0.5,133.0,92.7143,0
mylyn,org::eclipse::mylyn::internal::java::PackageExplorerManager,29.0,1,1,55,29.0,0,105.0,11.0,15,1,79.0,44.0,5.26667,148.0,105.0,9.86667,-69.0,5.0,-4.6,164.0,17.2767,0
mylyn,org::eclipse::mylyn::internal::web::ui::WebImages,8.0,3,1,6,19.0,0,37.0,4.0,12,2,21.0,5.0,1.75,21.0,5.0,1.75,0.0,3.0,0.0,145.857,73.8844,0
mylyn,org::eclipse::mylyn::internal::tasks::core::data::FileTaskAttachmentSource,14.0,11,2,55,23.0,0,47.0,11.0,5,2,53.0,35.0,10.6,17.0,13.0,3.4,36.0,33.0,7.2,45.5714,13.0889,0
mylyn,org::eclipse::mylyn::internal::tasks::ui::search::SearchResultSorterId,4.0,3,1,3,10.0,0,31.0,3.0,10,3,37.0,9.0,3.7,39.0,9.0,3.9,-2.0,3.0,-0.2,135.429,53.749,0
mylyn,org::eclipse::mylyn::internal::monitor::core::collection::InteractionEventUtil,5.0,6,1,0,10.0,0,20.0,1.0,7,2,11.0,4.0,1.57143,11.0,4.0,1.57143,0.0,3.0,0.0,109.857,62.1169,0
mylyn,org::eclipse::mylyn::internal::tasks::ui::wizards::SelectRepositoryPage,18.0,16,1,45,44.0,2,123.0,10.0,40,3,317.0,46.0,7.925,241.0,67.0,6.025,76.0,26.0,1.9,139.571,32.9964,0
mylyn,org::eclipse::mylyn::internal::tasks::ui::RefactorRepositoryUrlOperation,17.0,22,2,10,71.0,0,106.0,5.0,16,3,60.0,25.0,3.75,60.0,31.0,3.75,0.0,4.0,0.0,45.4286,12.1667,0
mylyn,org::eclipse::mylyn::team::ui::AbstractContextChangeSetManager,5.0,10,2,6,18.0,1,19.0,4.0,35,3,127.0,14.0,3.62857,172.0,31.0,4.91429,-45.0,6.0,-1.28571,92.4286,29.2632,1
mylyn,org::eclipse::mylyn::internal::tasks::ui::commands::AbstractTaskHandler,7.0,0,1,3,5.0,10,12.0,3.0,5,2,28.0,23.0,5.6,6.0,3.0,1.2,22.0,20.0,4.4,44.0,10.0765,1
mylyn,org::eclipse::mylyn::zest::layouts::algorithms::SpringLayoutAlgorithm,90.0,8,3,741,116.0,0,427.0,39.0,11,3,93.0,22.0,8.45454,57.0,34.0,5.18182,36.0,19.0,3.27273,184.857,13.447,0
mylyn,org::eclipse::mylyn::zest::layouts::dataStructures::InternalNode,38.0,15,2,666,51.0,0,146.0,37.0,5,3,71.0,57.0,14.2,11.0,5.0,2.2,60.0,56.0,12.0,184.857,62.2575,0
mylyn,org::eclipse::mylyn::internal::monitor::usage::editors::UsageCountContentProvider,5.0,5,1,6,8.0,0,17.0,4.0,8,2,12.0,4.0,1.5,19.0,8.0,2.375,-7.0,3.0,-0.875,109.857,53.6905,0
mylyn,org::eclipse::mylyn::internal::java::ui::search::JavaReadAccessProvider,4.0,1,4,6,4.0,0,12.0,4.0,4,2,7.0,4.0,1.75,7.0,4.0,1.75,0.0,3.0,0.0,92.4286,60.1428,0
mylyn,org::eclipse::mylyn::wikitext::core::parser::TableAttributes,16.0,4,2,136,17.0,0,48.0,17.0,5,2,29.0,24.0,5.8,5.0,3.0,1.0,24.0,21.0,4.8,32.7143,6.22167,0
mylyn,org::eclipse::mylyn::internal::context::ui::commands::Messages,1.0,0,1,0,2.0,0,3.0,1.0,1,1,0.0,0.0,0.0,0.0,0.0,0.0,0.0,0.0,0.0,14.8571,0.0,0
mylyn,org::eclipse::mylyn::internal::monitor::usage::editors::UsageCountLabelProvider,7.0,4,1,3,11.0,0,30.0,3.0,5,2,11.0,7.0,2.2,9.0,4.0,1.8,2.0,5.0,0.4,109.857,67.1169,0
mylyn,org::eclipse::mylyn::internal::context::ui::actions::ContextAttachAction,11.0,7,1,6,22.0,0,40.0,4.0,38,3,174.0,46.0,4.57895,137.0,19.0,3.60526,37.0,27.0,0.973684,139.714,44.7709,0
mylyn,org::eclipse::mylyn::internal::tasks::ui::wizards::NewTaskPage,2.0,4,2,1,5.0,0,8.0,2.0,13,3,44.0,23.0,3.38462,40.0,18.0,3.07692,4.0,21.0,0.307692,91.8571,27.9805,0
mylyn,org::eclipse::mylyn::internal::sandbox::ui::planner::TaskPlannerLabelProvider,24.0,9,2,10,35.0,0,92.0,5.0,8,2,34.0,10.0,4.25,27.0,10.0,3.375,7.0,4.0,0.875,46.0,7.84454,0
mylyn,org::eclipse::mylyn::internal::tasks::ui::notifications::TaskAttributeDiff,24.0,6,1,55,43.0,0,79.0,11.0,3,2,5.0,4.0,1.66667,2.0,1.0,0.666667,3.0,3.0,1.0,41.1429,18.0857,0
mylyn,org::eclipse::mylyn::internal::monitor::usage::ReportGenerator,17.0,17,1,55,40.0,0,84.0,11.0,6,2,11.0,4.0,1.83333,8.0,4.0,1.33333,3.0,3.0,0.5,48.5714,15.1429,0
mylyn,org::eclipse::mylyn::internal::trac::ui::wizard::Messages,1.0,0,1,0,2.0,0,3.0,1.0,1,1,0.0,0.0,0.0,0.0,0.0,0.0,0.0,0.0,0.0,14.8571,0.0,0
mylyn,org::eclipse::mylyn::internal::monitor::core::collection::InteractionEventComparator,3.0,3,1,1,5.0,0,9.0,2.0,5,2,8.0,4.0,1.6,9.0,4.0,1.8,-1.0,2.0,-0.2,109.857,61.0536,0
mylyn,org::eclipse::mylyn::zest::core::widgets::internal::AligningBendpointLocator,21.0,5,1,36,45.0,0,92.0,9.0,2,1,1.0,1.0,0.5,1.0,1.0,0.5,0.0,0.0,0.0,103.571,11.4286,0
mylyn,org::eclipse::mylyn::internal::trac::wiki::actions::OpenWikiPageAction,11.0,8,1,10,24.0,0,49.0,5.0,11,2,23.0,7.0,2.09091,19.0,6.0,1.72727,4.0,3.0,0.363636,81.8571,37.9814,1
mylyn,org::eclipse::mylyn::zest::layouts::algorithms::internal::DynamicScreen,9.0,3,1,21,25.0,0,55.0,7.0,2,2,4.0,4.0,2.0,4.0,4.0,2.0,0.0,0.0,0.0,184.857,92.7143,0
mylyn,org::eclipse::mylyn::internal::tasks::ui::actions::DeleteTaskEditorAction,2.0,3,2,1,5.0,0,8.0,2.0,4,2,19.0,14.0,4.75,7.0,5.0,1.75,12.0,9.0,3.0,31.0,2.09023,0
mylyn,org::eclipse::mylyn::internal::trac::wiki::editor::TracWikiPageEditorInput,20.0,8,1,91,22.0,0,64.0,14.0,3,2,5.0,4.0,1.66667,2.0,1.0,0.666667,3.0,3.0,1.0,81.8571,58.8,0
mylyn,org::eclipse::mylyn::internal::tasks::ui::search::Messages,1.0,0,1,0,2.0,0,3.0,1.0,4,1,4.0,2.0,1.0,4.0,4.0,1.0,0.0,2.0,0.0,14.7143,3.5,0
mylyn,org::eclipse::mylyn::internal::monitor::core::collection::DelegatingUsageCollector,9.0,3,1,45,22.0,1,39.0,10.0,7,2,19.0,9.0,2.71429,10.0,4.0,1.42857,9.0,9.0,1.28571,109.857,41.6165,0
mylyn,org::eclipse::mylyn::wikitext::core::parser::markup::token::EntityReplacementTokenProcessor,2.0,3,3,1,4.0,0,6.0,2.0,5,2,11.0,7.0,2.2,3.0,2.0,0.6,8.0,7.0,1.6,32.7143,18.6883,0
mylyn,org::eclipse::mylyn::internal::bugzilla::core::GzipPostMethod,4.0,1,1,3,6.0,0,16.0,3.0,13,3,64.0,20.0,4.92308,104.0,40.0,8.0,-40.0,10.0,-3.07692,49.8571,7.72991,0
mylyn,org::eclipse::mylyn::internal::sandbox::ui::GroupedTaskListContentProvider,11.0,9,3,6,20.0,0,39.0,4.0,11,3,33.0,7.0,3.0,39.0,16.0,3.54545,-6.0,5.0,-0.545455,81.2857,28.5844,0
mylyn,org::eclipse::mylyn::internal::java::ui::editor::AutoFoldPreferenceBlock,6.0,1,1,15,11.0,0,79.0,6.0,17,2,30.0,7.0,1.76471,23.0,4.0,1.35294,7.0,6.0,0.411765,164.0,101.095,0
mylyn,org::eclipse::mylyn::internal::wikitext::tracwiki::core::validation::TracWikiReferenceValidationRule,1.0,1,3,0,2.0,0,3.0,1.0,1,1,0.0,0.0,0.0,0.0,0.0,0.0,0.0,0.0,0.0,16.4286,0.0,0
mylyn,org::eclipse::mylyn::internal::xplanner::ui::wizard::ProjectsViewerContentProvider,22.0,7,1,66,36.0,0,106.0,12.0,1,1,0.0,0.0,0.0,0.0,0.0,0.0,0.0,0.0,0.0,6.42857,0.0,0
mylyn,org::eclipse::mylyn::internal::ide::ui::actions::FocusProjectExplorerAction,3.0,1,4,1,6.0,0,13.0,2.0,11,2,20.0,4.0,1.81818,170.0,155.0,15.4545,-150.0,3.0,-13.6364,119.0,61.2857,0
mylyn,org::eclipse::mylyn::wikitext::core::parser::markup::ContentState,24.0,21,1,210,26.0,1,75.0,21.0,8,2,42.0,21.0,5.25,18.0,11.0,2.25,24.0,10.0,3.0,32.7143,8.72449,0
mylyn,org::eclipse::mylyn::internal::bugzilla::ui::wizard::Messages,1.0,0,1,0,2.0,0,3.0,1.0,1,1,0.0,0.0,0.0,0.0,0.0,0.0,0.0,0.0,0.0,13.0,0.0,0
mylyn,org::eclipse::mylyn::internal::tasks::ui::actions::ToggleTaskActivationAction,10.0,7,1,28,28.0,0,41.0,8.0,16,3,75.0,14.0,4.6875,80.0,22.0,5.0,-5.0,8.0,-0.3125,77.7143,34.6286,0
mylyn,org::eclipse::mylyn::internal::jira::ui::JiraTaskEditor,16.0,6,1,55,68.0,0,326.0,11.0,15,1,87.0,14.0,5.8,143.0,38.0,9.53333,-56.0,8.0,-3.73333,147.857,2.91297,0
mylyn,org::eclipse::mylyn::internal::wikitext::core::util::XML11Char,38.0,1,1,55,12.0,0,33.0,11.0,2,1,235.0,235.0,117.5,249.0,249.0,124.5,-14.0,0.0,-7.0,32.7143,1.71429,0
mylyn,org::eclipse::mylyn::bugzilla::deprecated::BugzillaTaskEditorFactory,10.0,9,2,10,17.0,0,37.0,5.0,3,3,4.0,4.0,1.33333,1.0,1.0,0.333333,3.0,3.0,1.0,39.5714,13.0,0
mylyn,org::eclipse::mylyn::internal::tasks::ui::commands::SubmitTaskHandler,4.0,1,1,0,5.0,0,13.0,1.0,3,2,5.0,4.0,1.66667,2.0,1.0,0.666667,3.0,3.0,1.0,31.1429,8.08571,0
mylyn,org::eclipse::mylyn::internal::jira::core::service::web::JiraWebSession,31.0,15,1,66,77.0,0,164.0,12.0,42,3,609.0,64.0,14.5,415.0,52.0,9.88095,194.0,44.0,4.61905,110.714,36.266,1
mylyn,org::eclipse::mylyn::zest::tests::swt::GraphSnippet6,4.0,1,1,0,11.0,0,33.0,1.0,1,1,0.0,0.0,0.0,0.0,0.0,0.0,0.0,0.0,0.0,80.8571,0.0,0
mylyn,org::eclipse::mylyn::internal::trac::core::model::TracTicketStatus,1.0,3,2,0,1.0,0,3.0,1.0,6,2,8.0,4.0,1.33333,5.0,1.0,0.833333,3.0,3.0,0.5,133.0,92.7143,0
mylyn,org::eclipse::mylyn::internal::sandbox::ui::planner::PlannedTasksContentProvider,10.0,3,1,36,20.0,0,32.0,9.0,5,2,16.0,7.0,3.2,11.0,6.0,2.2,5.0,4.0,1.0,46.0,9.5625,0
mylyn,org::eclipse::mylyn::internal::commons::ui::TaskListImageDescriptor,9.0,0,1,10,11.0,0,32.0,5.0,2,1,4.0,4.0,2.0,1.0,1.0,0.5,3.0,3.0,1.5,45.8571,19.2857,0
mylyn,org::eclipse::mylyn::internal::tasks::ui::actions::SynchronizeAutomaticallyAction,2.0,2,1,1,6.0,0,11.0,2.0,12,2,62.0,36.0,5.16667,60.0,36.0,5.0,2.0,36.0,0.166667,99.0,17.9908,0
mylyn,org::eclipse::mylyn::internal::trac::core::client::AbstractWikiHandler,0.0,5,1,10,5.0,1,0.0,5.0,4,2,6.0,4.0,1.5,3.0,1.0,0.75,3.0,3.0,0.75,39.5714,15.9524,0
mylyn,org::eclipse::mylyn::internal::tasks::ui::commands::CollapseAllHandler,2.0,2,1,1,4.0,0,8.0,2.0,3,2,5.0,4.0,1.66667,2.0,1.0,0.666667,3.0,3.0,1.0,32.0,8.94286,0
mylyn,org::eclipse::mylyn::internal::wikitext::ui::editor::dnd::OutlineDropTargetListener,27.0,7,1,78,37.0,0,114.0,13.0,1,1,0.0,0.0,0.0,0.0,0.0,0.0,0.0,0.0,0.0,7.71429,0.0,1
mylyn,org::eclipse::mylyn::internal::tasks::ui::notifications::TaskDataDiff,25.0,11,1,21,55.0,0,105.0,7.0,11,3,38.0,9.0,3.45455,27.0,7.0,2.45455,11.0,9.0,1.0,41.1429,8.47368,0
mylyn,org::eclipse::mylyn::internal::jira::core::model::Component,6.0,12,1,15,6.0,0,17.0,6.0,11,2,18.0,8.0,1.63636,33.0,12.0,3.0,-15.0,8.0,-1.36364,110.714,61.0556,0
mylyn,org::eclipse::mylyn::internal::wikitext::tracwiki::core::token::TicketLinkReplacementToken,3.0,2,2,6,5.0,0,9.0,4.0,1,1,0.0,0.0,0.0,0.0,0.0,0.0,0.0,0.0,0.0,7.14286,0.0,0
mylyn,org::eclipse::mylyn::internal::wikitext::ui::viewer::annotation::BulletAnnotation,2.0,3,1,1,3.0,0,7.0,2.0,5,2,16.0,10.0,3.2,5.0,3.0,1.0,11.0,10.0,2.2,32.7143,17.8304,0
mylyn,org::eclipse::mylyn::internal::xplanner::core::DebugManager,6.0,2,1,15,14.0,0,18.0,6.0,1,1,0.0,0.0,0.0,0.0,0.0,0.0,0.0,0.0,0.0,6.42857,0.0,0
mylyn,org::eclipse::mylyn::internal::tasks::ui::views::TaskListDropAdapter,40.0,20,1,15,75.0,0,173.0,6.0,100,3,1116.0,151.0,11.16,1061.0,205.0,10.61,55.0,45.0,0.55,139.571,79.9668,0
mylyn,org::eclipse::mylyn::internal::team::ui::actions::OpenCorrespondingTaskAction,53.0,18,1,21,59.0,0,164.0,7.0,66,4,781.0,120.0,11.8333,538.0,132.0,8.15151,243.0,57.0,3.68182,139.286,31.4911,0
mylyn,org::eclipse::mylyn::internal::commons::net::ProgressMonitorInputStream,10.0,1,1,21,17.0,0,53.0,7.0,2,1,1.0,1.0,0.5,0.0,0.0,0.0,1.0,1.0,0.5,45.8571,19.2857,0
mylyn,org::eclipse::mylyn::internal::context::ui::FocusedViewerManager,37.0,18,2,210,74.0,0,152.0,21.0,41,2,341.0,83.0,8.31707,315.0,43.0,7.68293,26.0,40.0,0.634146,119.0,64.7273,1
mylyn,org::eclipse::mylyn::tasks::ui::wizards::AbstractRepositoryQueryPage,22.0,32,2,78,51.0,11,87.0,13.0,20,3,148.0,38.0,7.4,171.0,81.0,8.55,-23.0,13.0,-1.15,45.8571,3.92471,0
mylyn,org::eclipse::mylyn::internal::sandbox::bridge::bugs::BugzillaUiBridge,17.0,7,2,45,34.0,0,80.0,10.0,31,3,98.0,10.0,3.16129,92.0,10.0,2.96774,6.0,7.0,0.193548,140.857,48.3324,0
mylyn,org::eclipse::mylyn::internal::commons::net::TimeoutOutputStream,37.0,7,1,36,42.0,0,192.0,9.0,1,1,0.0,0.0,0.0,0.0,0.0,0.0,0.0,0.0,0.0,45.8571,0.0,0
mylyn,org::eclipse::mylyn::internal::java::ui::editor::FocusedJavaTypeProposalComputer,3.0,2,1,1,9.0,0,11.0,2.0,6,2,17.0,8.0,2.83333,11.0,4.0,1.83333,6.0,6.0,1.0,92.5714,43.3361,0
mylyn,org::eclipse::mylyn::internal::commons::net::CloneableHostConfiguration,8.0,1,1,6,11.0,0,19.0,4.0,2,1,5.0,5.0,2.5,1.0,1.0,0.5,4.0,4.0,2.0,45.8571,19.2857,0
mylyn,org::eclipse::mylyn::java::tests::xml::XmlResultUpdaterSearchListener,9.0,7,2,10,29.0,0,66.0,5.0,19,2,59.0,10.0,3.10526,56.0,10.0,2.94737,3.0,5.0,0.157895,139.0,62.7433,0
mylyn,org::eclipse::mylyn::tasks::core::sync::SubmitJobListener,0.0,3,1,6,4.0,1,0.0,4.0,7,2,19.0,9.0,2.71429,4.0,2.0,0.571429,15.0,9.0,2.14286,46.1429,9.59398,0
mylyn,org::eclipse::mylyn::internal::tasklist::ui::views::ImageTableCellEditor,22.0,4,1,66,35.0,0,116.0,12.0,3,1,0.0,0.0,0.0,0.0,0.0,0.0,0.0,0.0,0.0,160.143,0.0,0
mylyn,org::eclipse::mylyn::internal::jira::core::wsdl::beans::RemoteUser,32.0,2,2,66,29.0,0,70.0,12.0,9,2,190.0,162.0,21.1111,207.0,179.0,23.0,-17.0,7.0,-1.88889,110.714,24.5406,0
mylyn,org::xplanner::soap::IterationData,76.0,9,2,630,84.0,0,186.0,36.0,6,2,530.0,526.0,88.3333,582.0,578.0,97.0,-52.0,0.0,-8.66667,93.7143,39.1323,0
mylyn,org::eclipse::mylyn::internal::bugzilla::ui::editor::KeywordsDialog,7.0,6,1,6,26.0,0,98.0,4.0,7,3,22.0,11.0,3.14286,18.0,7.0,2.57143,4.0,11.0,0.571429,87.8571,62.026,0
mylyn,org::eclipse::mylyn::internal::bugs::OpenBugzillaReportJob,2.0,3,1,1,10.0,0,15.0,2.0,4,1,0.0,0.0,0.0,0.0,0.0,0.0,0.0,0.0,0.0,154.143,0.0,0
mylyn,org::eclipse::mylyn::tasks::ui::editors::AbstractAttributeEditor,28.0,40,1,253,53.0,15,84.0,23.0,12,4,106.0,66.0,8.83333,22.0,9.0,1.83333,84.0,66.0,7.0,45.8571,25.0674,0
mylyn,org::eclipse::mylyn::internal::team::ui::preferences::FocusedTeamPreferencePage,10.0,3,1,36,32.0,0,81.0,9.0,13,3,43.0,12.0,3.30769,60.0,14.0,4.61538,-17.0,3.0,-1.30769,92.5714,25.5714,0
mylyn,org::eclipse::mylyn::internal::wikitext::ui::editor::HeadingProjectionAnnotation,2.0,2,1,1,2.0,0,6.0,2.0,1,1,0.0,0.0,0.0,0.0,0.0,0.0,0.0,0.0,0.0,8.71429,0.0,0
mylyn,org::eclipse::mylyn::internal::bugzilla::ui::BugzillaSearchHandler,2.0,4,2,3,7.0,0,14.0,3.0,3,2,5.0,4.0,1.66667,2.0,1.0,0.666667,3.0,3.0,1.0,39.1429,15.2857,0
mylyn,org::eclipse::mylyn::internal::provisional::commons::ui::DatePicker,20.0,13,1,78,30.0,0,149.0,13.0,8,2,30.0,12.0,3.75,19.0,5.0,2.375,11.0,7.0,1.375,45.8571,13.1857,0
mylyn,org::eclipse::mylyn::internal::monitor::usage::editors::UsageEditorPart,14.0,14,1,66,65.0,2,190.0,12.0,22,3,148.0,55.0,6.72727,127.0,29.0,5.77273,21.0,26.0,0.954545,109.857,20.9402,0
mylyn,org::eclipse::mylyn::internal::provisional::commons::ui::DatePickerPanel,13.0,4,1,55,39.0,0,115.0,11.0,2,1,5.0,5.0,2.5,1.0,1.0,0.5,4.0,4.0,2.0,45.8571,19.2857,0
mylyn,org::eclipse::mylyn::tasks::ui::editors::AbstractTaskEditorPage,127.0,79,2,1711,381.0,4,829.0,59.0,101,3,1408.0,173.0,13.9406,891.0,174.0,8.82178,517.0,67.0,5.11881,45.8571,9.81636,1
mylyn,org::eclipse::mylyn::tasks::ui::editors::AbstractRenderingEngine,0.0,3,1,0,1.0,1,0.0,1.0,5,3,9.0,4.0,1.8,4.0,2.0,0.8,5.0,3.0,1.0,88.0,53.1587,0
mylyn,org::eclipse::mylyn::team::ui::AbstractCommitTemplateVariable,6.0,2,1,10,6.0,19,16.0,5.0,9,2,21.0,7.0,2.33333,15.0,5.0,1.66667,6.0,3.0,0.666667,92.4286,43.898,0
mylyn,org::eclipse::mylyn::internal::tasks::ui::actions::NewTaskFromSelectionAction,5.0,7,1,6,25.0,0,99.0,4.0,16,2,123.0,40.0,7.6875,89.0,45.0,5.5625,34.0,21.0,2.125,68.8571,37.1208,0
mylyn,org::eclipse::mylyn::internal::wikitext::ui::viewer::Messages,2.0,3,1,1,3.0,0,9.0,2.0,2,1,1.0,1.0,0.5,1.0,1.0,0.5,0.0,0.0,0.0,19.8571,2.0,1
mylyn,org::eclipse::mylyn::internal::tasks::ui::search::SearchResultSorterPriority,2.0,2,1,3,9.0,0,21.0,3.0,12,3,34.0,7.0,2.83333,75.0,23.0,6.25,-41.0,3.0,-3.41667,135.429,57.9916,0
mylyn,org::eclipse::mylyn::tasks::ui::editors::AbstractTaskEditorPageFactory,4.0,2,1,28,8.0,7,12.0,8.0,5,2,9.0,4.0,1.8,6.0,2.0,1.2,3.0,3.0,0.6,50.4286,18.5079,0
mylyn,org::eclipse::mylyn::internal::tasks::ui::PlanningPerspectiveFactory,4.0,0,1,6,11.0,0,38.0,4.0,16,3,106.0,33.0,6.625,98.0,35.0,6.125,8.0,14.0,0.5,139.571,45.3895,0
mylyn,org::eclipse::mylyn::internal::trac::core::TracCorePlugin,16.0,15,1,28,26.0,0,55.0,8.0,26,3,175.0,39.0,6.73077,128.0,25.0,4.92308,47.0,39.0,1.80769,133.0,44.9469,0
mylyn,org::eclipse::mylyn::internal::wikitext::mediawiki::core::block::HeadingBlock,5.0,9,3,3,17.0,0,31.0,3.0,5,2,10.0,6.0,2.0,10.0,6.0,2.0,0.0,0.0,0.0,32.7143,8.28571,0
mylyn,org::eclipse::mylyn::internal::wikitext::tracwiki::core::token::MilestoneLinkReplacementToken,3.0,2,2,6,5.0,0,9.0,4.0,1,1,0.0,0.0,0.0,0.0,0.0,0.0,0.0,0.0,0.0,7.14286,0.0,0
mylyn,org::eclipse::mylyn::internal::wikitext::ui::editor::MarkupProjectionViewer,10.0,2,1,10,11.0,0,26.0,5.0,1,1,0.0,0.0,0.0,0.0,0.0,0.0,0.0,0.0,0.0,4.0,0.0,0
mylyn,org::eclipse::mylyn::internal::bugzilla::ui::editor::FlagAttributeEditor,18.0,5,2,28,86.0,0,129.0,8.0,4,1,26.0,14.0,6.5,17.0,14.0,4.25,9.0,5.0,2.25,13.5714,2.21978,0
mylyn,org::eclipse::mylyn::internal::tasks::ui::dialogs::TaskCompareDialog,13.0,7,1,21,43.0,1,169.0,7.0,2,1,13.0,13.0,6.5,46.0,46.0,23.0,-33.0,0.0,-16.5,9.57143,6.85714,0
mylyn,org::eclipse::mylyn::internal::xplanner::core::service::exceptions::ServiceUnavailableException,1.0,2,1,0,1.0,0,3.0,1.0,1,1,0.0,0.0,0.0,0.0,0.0,0.0,0.0,0.0,0.0,6.42857,0.0,0
mylyn,org::eclipse::mylyn::wikitext::core::util::anttask::MarkupToDitaTask,46.0,15,2,210,129.0,0,227.0,21.0,7,1,106.0,100.0,15.1429,38.0,33.0,5.42857,68.0,67.0,9.71429,19.4286,0.896226,0
mylyn,org::eclipse::mylyn::internal::ide::ui::actions::FocusProblemsListAction,1.0,0,3,0,1.0,0,3.0,1.0,18,2,68.0,35.0,3.77778,140.0,65.0,7.77778,-72.0,35.0,-4.0,94.2857,30.916,0
mylyn,org::eclipse::mylyn::internal::jira::core::service::JiraRemoteException,1.0,0,2,0,1.0,1,3.0,1.0,7,2,44.0,37.0,6.28571,43.0,37.0,6.14286,1.0,37.0,0.142857,97.8571,8.2013,0
mylyn,org::eclipse::mylyn::internal::java::tasks::NewTaskFromJunitResultViewAction,5.0,2,1,3,12.0,0,43.0,3.0,4,1,17.0,9.0,4.25,11.0,6.0,2.75,6.0,5.0,1.5,47.5714,16.1513,0
mylyn,org::eclipse::mylyn::internal::wikitext::mediawiki::core::phrase::SimplePhraseModifier,1.0,1,3,0,1.0,0,3.0,1.0,2,1,8.0,8.0,4.0,8.0,8.0,4.0,0.0,0.0,0.0,32.7143,1.71429,0
mylyn,org::eclipse::mylyn::internal::ide::ant::AntContextLabelProvider,4.0,3,2,6,8.0,0,13.0,4.0,9,2,20.0,5.0,2.22222,19.0,4.0,2.11111,1.0,3.0,0.111111,92.4286,33.7214,0
mylyn,org::eclipse::mylyn::internal::sandbox::ui::planner::TaskActivitySorter,17.0,6,1,28,26.0,1,54.0,8.0,5,2,29.0,11.0,5.8,18.0,9.0,3.6,11.0,6.0,2.2,46.0,12.931,0
mylyn,org::eclipse::mylyn::internal::wikitext::tasks::ui::editor::MediaWikiMarkupTaskEditorExtension,1.0,1,3,0,3.0,0,3.0,1.0,2,1,2.0,2.0,1.0,2.0,2.0,1.0,0.0,0.0,0.0,14.7143,7.57143,0
mylyn,org::eclipse::mylyn::internal::java::ui::editor::MylarJavaElementDescriptor,8.0,1,1,10,13.0,0,34.0,5.0,4,1,0.0,0.0,0.0,0.0,0.0,0.0,0.0,0.0,0.0,164.0,0.0,0
mylyn,org::eclipse::mylyn::internal::sandbox::ui::EclipseTaskRepositoryLinkProvider,3.0,4,2,1,7.0,0,12.0,2.0,3,1,15.0,10.0,5.0,2.0,2.0,0.666667,13.0,8.0,4.33333,19.8571,10.4286,0
mylyn,org::eclipse::mylyn::tasks::core::TaskActivityAdapter,2.0,2,1,3,3.0,0,4.0,3.0,7,3,28.0,12.0,4.0,37.0,14.0,5.28571,-9.0,8.0,-1.28571,48.5714,6.7602,0
mylyn,org::eclipse::mylyn::internal::trac::ui::wizard::TracFilterQueryPage,23.0,9,3,78,64.0,0,164.0,13.0,7,2,33.0,22.0,4.71429,28.0,22.0,4.0,5.0,3.0,0.714286,39.5714,20.8268,0
mylyn,org::eclipse::mylyn::commons::core::StatusHandler,11.0,229,1,10,28.0,0,39.0,5.0,7,2,61.0,32.0,8.71429,162.0,132.0,23.1429,-101.0,26.0,-14.4286,46.0,5.14754,0
mylyn,org::eclipse::mylyn::internal::bugzilla::ui::editor::BugzillaVotesEditor,7.0,3,2,21,23.0,0,57.0,7.0,4,2,24.0,17.0,6.0,4.0,3.0,1.0,20.0,17.0,5.0,39.5714,5.4881,0
mylyn,org::eclipse::mylyn::internal::trac::wiki::TracWikiPlugin,4.0,1,1,6,6.0,0,13.0,4.0,4,2,7.0,5.0,1.75,3.0,1.0,0.75,4.0,4.0,1.0,81.8571,55.9184,0
mylyn,org::eclipse::mylyn::internal::jira::ui::wizards::JiraRepositorySettingsPage,23.0,13,4,45,93.0,0,292.0,10.0,60,3,847.0,125.0,14.1167,352.0,39.0,5.86667,495.0,125.0,8.25,161.571,88.6102,0
mylyn,org::eclipse::mylyn::tasks::core::AbstractQueryHit,32.0,3,1,325,41.0,1,109.0,26.0,23,2,191.0,66.0,8.30435,83.0,30.0,3.6087,108.0,36.0,4.69565,139.714,17.9963,0
mylyn,org::eclipse::mylyn::internal::java::ui::actions::FocusBrowsingPerspectiveAction,13.0,5,2,10,33.0,0,71.0,5.0,17,2,178.0,124.0,10.4706,173.0,124.0,10.1765,5.0,124.0,0.294118,119.0,19.4053,0
mylyn,org::eclipse::mylyn::internal::wikitext::twiki::core::block::DefinitionListBlock,8.0,5,3,6,20.0,0,40.0,4.0,3,1,3.0,2.0,1.0,3.0,2.0,1.0,0.0,0.0,0.0,23.8571,1.33333,0
mylyn,org::eclipse::mylyn::internal::jira::core::wsdl::beans::RemoteProjectRoleActors,18.0,2,2,28,17.0,0,49.0,8.0,9,2,140.0,105.0,15.5556,149.0,114.0,16.5556,-9.0,7.0,-1.0,110.714,25.8367,0
mylyn,org::eclipse::mylyn::internal::monitor::reports::ui::actions::EclipseUsageSummaryAction,9.0,4,1,6,21.0,0,68.0,4.0,22,2,138.0,31.0,6.27273,114.0,23.0,5.18182,24.0,8.0,1.09091,153.143,58.3996,0
mylyn,org::eclipse::mylyn::zest::core::viewers::internal::GraphModelFactory,27.0,7,2,10,53.0,0,96.0,5.0,4,1,29.0,17.0,7.25,26.0,14.0,6.5,3.0,3.0,0.75,103.714,3.29557,0
mylyn,org::eclipse::mylyn::internal::commons::ui::CompositeElementImageDescriptor,8.0,1,1,6,11.0,0,29.0,4.0,2,1,4.0,4.0,2.0,1.0,1.0,0.5,3.0,3.0,1.5,45.8571,19.2857,0
mylyn,org::eclipse::mylyn::internal::commons::net::TimeoutInputStream,43.0,5,1,91,49.0,0,205.0,14.0,2,1,0.0,0.0,0.0,0.0,0.0,0.0,0.0,0.0,0.0,45.8571,0.0,0
mylyn,org::eclipse::mylyn::wikitext::core::WikiText,7.0,9,1,21,19.0,0,20.0,7.0,4,1,9.0,5.0,2.25,1.0,1.0,0.25,8.0,5.0,2.0,9.57143,0.492063,0
mylyn,org::eclipse::mylyn::internal::tasks::ui::wizards::NewTaskWizard,1.0,0,2,0,1.0,0,3.0,1.0,14,3,46.0,13.0,3.28571,36.0,15.0,2.57143,10.0,11.0,0.714286,91.8571,37.4193,1
mylyn,org::eclipse::mylyn::wikitext::core::validation::ValidationProblem,24.0,17,1,78,28.0,0,77.0,13.0,7,2,55.0,30.0,7.85714,17.0,12.0,2.42857,38.0,29.0,5.42857,32.7143,8.82078,0
mylyn,org::eclipse::mylyn::internal::jira::core::wsdl::beans::RemotePermissionScheme,21.0,6,2,28,22.0,0,55.0,8.0,9,2,144.0,112.0,16.0,156.0,124.0,17.3333,-12.0,7.0,-1.33333,110.714,25.7411,0
mylyn,org::eclipse::mylyn::internal::tasks::ui::actions::ShowTasksUiLegendAction,5.0,2,1,6,10.0,0,21.0,4.0,3,2,5.0,4.0,1.66667,2.0,1.0,0.666667,3.0,3.0,1.0,39.5714,16.5143,1
mylyn,org::eclipse::mylyn::internal::bugzilla::ui::wizard::AbstractBugzillaReportWizard,4.0,0,1,15,10.0,0,18.0,6.0,11,2,182.0,161.0,16.5455,199.0,183.0,18.0909,-17.0,5.0,-1.54545,147.857,3.8752,0
mylyn,org::eclipse::mylyn::internal::tasks::ui::TaskActivityMonitor,21.0,15,1,21,59.0,0,71.0,7.0,21,3,180.0,38.0,8.57143,139.0,31.0,6.61905,41.0,33.0,1.95238,50.0,8.53333,0
mylyn,org::eclipse::mylyn::internal::monitor::usage::wizards::NewUsageSummaryEditorWizard,8.0,5,1,6,18.0,0,34.0,4.0,11,2,53.0,17.0,4.81818,93.0,39.0,8.45454,-40.0,3.0,-3.63636,109.857,18.2237,0
mylyn,org::eclipse::mylyn::internal::bugzilla::ui::action::Messages,1.0,0,1,0,2.0,0,3.0,1.0,2,1,20.0,20.0,10.0,12.0,12.0,6.0,8.0,8.0,4.0,13.0,0.428571,0
mylyn,org::eclipse::mylyn::wikitext::core::parser::builder::AbstractXmlDocumentBuilder,20.0,12,2,36,21.0,4,51.0,9.0,3,2,22.0,19.0,7.33333,19.0,16.0,6.33333,3.0,3.0,1.0,32.7143,3.23377,0
mylyn,org::eclipse::mylyn::internal::tasks::ui::actions::OpenRepositoryTaskAction,12.0,9,1,21,33.0,0,64.0,7.0,1,1,0.0,0.0,0.0,0.0,0.0,0.0,0.0,0.0,0.0,14.2857,0.0,0
mylyn,org::eclipse::mylyn::internal::sandbox::dev::properties::MylynPropertiesSourceAdapterFactory,10.0,5,1,3,7.0,0,18.0,3.0,6,2,34.0,13.0,5.66667,21.0,10.0,3.5,13.0,8.0,2.16667,70.7143,24.1176,0
mylyn,org::eclipse::mylyn::internal::monitor::reports::preferences::UiUsageReportsPreferencePage,9.0,3,1,21,27.0,0,71.0,7.0,6,2,10.0,5.0,1.66667,8.0,4.0,1.33333,2.0,4.0,0.333333,92.5714,53.6429,0
mylyn,org::eclipse::mylyn::internal::tasks::ui::views::TaskTableLabelProvider,15.0,1,1,21,12.0,0,47.0,7.0,16,3,55.0,10.0,3.4375,65.0,10.0,4.0625,-10.0,1.0,-0.625,94.8571,28.5247,0
mylyn,org::eclipse::mylyn::wikitext::core::parser::markup::token::LiteralReplacementTokenProcessor,2.0,3,3,1,4.0,0,6.0,2.0,5,2,7.0,3.0,1.4,4.0,2.0,0.8,3.0,2.0,0.6,32.7143,16.7143,0
mylyn,org::eclipse::mylyn::internal::xplanner::core::XPlannerClientManager,30.0,16,1,105,103.0,0,173.0,15.0,1,1,0.0,0.0,0.0,0.0,0.0,0.0,0.0,0.0,0.0,6.42857,0.0,0
mylyn,org::eclipse::mylyn::internal::wikitext::confluence::validation::ConfluenceReferenceValidationRule,1.0,1,3,0,2.0,0,3.0,1.0,1,1,0.0,0.0,0.0,0.0,0.0,0.0,0.0,0.0,0.0,16.4286,0.0,0
mylyn,org::eclipse::mylyn::zest::layouts::exampleStructures::SimpleFilter,1.0,0,1,0,1.0,0,3.0,1.0,2,2,2.0,2.0,1.0,2.0,2.0,1.0,0.0,0.0,0.0,184.857,92.7143,0
mylyn,org::eclipse::mylyn::internal::trac::core::model::TracTicketResolution,1.0,3,2,0,1.0,0,3.0,1.0,6,2,8.0,4.0,1.33333,5.0,1.0,0.833333,3.0,3.0,0.5,133.0,92.7143,0
mylyn,org::eclipse::mylyn::commons::net::WebLocation,5.0,7,2,6,8.0,0,15.0,4.0,2,1,4.0,4.0,2.0,1.0,1.0,0.5,3.0,3.0,1.5,45.8571,19.2857,0
mylyn,org::eclipse::mylyn::internal::xplanner::ui::XPlannerImages,8.0,4,1,10,18.0,0,34.0,5.0,1,1,0.0,0.0,0.0,0.0,0.0,0.0,0.0,0.0,0.0,6.42857,0.0,1
mylyn,org::eclipse::mylyn::internal::jira::ui::editor::DateTimeAttributeEditor,6.0,7,2,10,27.0,0,42.0,5.0,4,2,7.0,5.0,1.75,3.0,1.0,0.75,4.0,4.0,1.0,35.1429,14.4898,0
mylyn,org::eclipse::mylyn::internal::tasks::ui::wizards::NewAttachmentWizardDialog,4.0,3,1,1,8.0,0,20.0,2.0,17,3,29.0,6.0,1.70588,19.0,4.0,1.11765,10.0,4.0,0.588235,139.571,78.4433,0
mylyn,org::eclipse::mylyn::zest::core::viewers::internal::SharedMessages,0.0,0,1,0,0.0,0,0.0,0.0,2,1,1.0,1.0,0.5,1.0,1.0,0.5,0.0,0.0,0.0,103.714,11.5714,0
mylyn,org::eclipse::mylyn::wikitext::core::parser::markup::IdGenerationStrategy,0.0,1,1,0,1.0,2,0.0,1.0,2,1,1.0,1.0,0.5,1.0,1.0,0.5,0.0,0.0,0.0,9.85714,1.14286,0
mylyn,org::eclipse::mylyn::internal::tasks::ui::views::TaskListContentProvider,35.0,18,2,78,66.0,3,140.0,13.0,77,3,866.0,82.0,11.2468,834.0,92.0,10.8312,32.0,74.0,0.415584,139.571,51.7072,1
mylyn,org::eclipse::mylyn::internal::tasks::ui::actions::Messages,1.0,0,1,0,2.0,0,3.0,1.0,10,2,31.0,12.0,3.1,81.0,40.0,8.1,-50.0,8.0,-5.0,14.2857,7.68203,1
mylyn,org::eclipse::mylyn::internal::provisional::commons::ui::CommonImages,26.0,53,1,36,54.0,0,121.0,9.0,11,2,117.0,89.0,10.6364,93.0,89.0,8.45454,24.0,6.0,2.18182,45.8571,25.2625,1
mylyn,org::eclipse::mylyn::internal::tasks::ui::util::TasksUiMenus,7.0,0,1,1,8.0,0,95.0,2.0,6,2,327.0,183.0,54.5,209.0,182.0,34.8333,118.0,183.0,19.6667,41.0,2.34076,0
mylyn,org::eclipse::mylyn::zest::layouts::algorithms::AbstractLayoutAlgorithm,116.0,25,1,1176,293.0,6,569.0,49.0,22,3,830.0,456.0,37.7273,685.0,523.0,31.1364,145.0,80.0,6.59091,184.857,65.3759,0
mylyn,org::eclipse::mylyn::tasks::ui::TasksUiUtil,57.0,53,1,105,132.0,0,253.0,15.0,148,3,2169.0,424.0,14.6554,2000.0,391.0,13.5135,169.0,128.0,1.14189,118.714,49.7209,0
mylyn,org::eclipse::mylyn::internal::sandbox::ui::views::TaskActivityView,37.0,13,1,210,94.0,0,316.0,21.0,22,3,115.0,40.0,5.22727,139.0,55.0,6.31818,-24.0,3.0,-1.09091,48.8571,4.62112,0
mylyn,org::eclipse::mylyn::internal::tasks::ui::util::TaskListSaveManager,32.0,8,1,105,85.0,0,164.0,15.0,40,3,438.0,120.0,10.95,300.0,43.0,7.5,138.0,104.0,3.45,139.571,42.8969,0
mylyn,org::eclipse::mylyn::internal::context::ui::actions::ToggleDecorateInterestLevelAction,4.0,1,1,3,11.0,0,18.0,3.0,14,2,32.0,6.0,2.28571,35.0,6.0,2.5,-3.0,3.0,-0.214286,139.714,63.1562,0
mylyn,org::eclipse::mylyn::tasks::ui::TaskListDataMigration,32.0,6,1,21,97.0,0,184.0,7.0,6,2,7.0,3.0,1.16667,5.0,2.0,0.833333,2.0,1.0,0.333333,130.571,7.79592,0
mylyn,org::eclipse::mylyn::internal::tasks::core::AbstractTaskContainer,26.0,80,2,153,47.0,6,87.0,18.0,12,3,28.0,12.0,2.33333,35.0,13.0,2.91667,-7.0,4.0,-0.583333,45.1429,8.45408,0
mylyn,org::eclipse::mylyn::internal::tasks::ui::commands::ViewSourceHandler,14.0,1,1,21,19.0,0,46.0,7.0,3,1,1.0,1.0,0.333333,2.0,1.0,0.666667,-1.0,0.0,-0.333333,21.5714,7.0,0
mylyn,org::eclipse::mylyn::context::core::AbstractContextListener,8.0,1,1,28,8.0,17,16.0,8.0,5,1,32.0,23.0,6.4,23.0,14.0,4.6,9.0,9.0,1.8,44.0,4.66071,0
mylyn,org::eclipse::mylyn::internal::sandbox::ui::planner::RemoveTaskAction,3.0,2,1,1,6.0,0,15.0,2.0,5,2,9.0,4.0,1.8,6.0,3.0,1.2,3.0,3.0,0.6,46.0,13.0476,0
mylyn,org::eclipse::mylyn::zest::layouts::dataStructures::DisplayIndependentDimension,2.0,0,1,1,2.0,0,7.0,2.0,2,2,1.0,1.0,0.5,1.0,1.0,0.5,0.0,0.0,0.0,184.857,92.7143,0
mylyn,org::eclipse::mylyn::internal::wikitext::ui::editor::operations::AbstractDocumentCommand,5.0,4,1,10,14.0,1,24.0,5.0,1,1,0.0,0.0,0.0,0.0,0.0,0.0,0.0,0.0,0.0,7.71429,0.0,0
mylyn,org::eclipse::mylyn::internal::provisional::commons::ui::DelayedRefreshJob,11.0,6,1,21,25.0,3,47.0,7.0,11,3,68.0,40.0,6.18182,85.0,41.0,7.72727,-17.0,18.0,-1.54545,44.0,2.21639,0
mylyn,org::eclipse::mylyn::internal::jira::core::wsdl::soap::RemoteAuthenticationException,12.0,1,2,21,12.0,0,40.0,7.0,9,2,106.0,76.0,11.7778,107.0,77.0,11.8889,-1.0,7.0,-0.111111,110.714,27.686,0
mylyn,org::eclipse::mylyn::zest::tests::swt::GraphSnippet5,3.0,2,1,0,11.0,0,85.0,1.0,1,1,0.0,0.0,0.0,0.0,0.0,0.0,0.0,0.0,0.0,80.8571,0.0,0
mylyn,org::eclipse::mylyn::internal::wikitext::tasks::ui::editor::ConfluenceMarkupTaskEditorExtension,1.0,1,3,0,3.0,0,3.0,1.0,2,1,2.0,2.0,1.0,2.0,2.0,1.0,0.0,0.0,0.0,14.7143,7.57143,0
mylyn,org::eclipse::mylyn::zest::core::widgets::GraphContainer,3.0,6,3,6,25.0,0,12.0,4.0,20,1,757.0,170.0,37.85,247.0,67.0,12.35,510.0,140.0,25.5,88.7143,2.4163,0
mylyn,org::eclipse::mylyn::internal::wikitext::ui::properties::ProjectPropertyPage,9.0,8,1,10,42.0,0,77.0,5.0,4,1,6.0,3.0,1.5,5.0,2.0,1.25,1.0,1.0,0.25,14.0,5.78571,1
mylyn,org::eclipse::mylyn::internal::monitor::monitors::SelectionMonitor,29.0,4,1,6,34.0,0,106.0,4.0,8,2,54.0,17.0,6.75,20.0,6.0,2.5,34.0,12.0,4.25,164.0,5.42593,0
mylyn,org::eclipse::mylyn::internal::java::ui::JavaStackTraceHyperlinkAdapter,18.0,2,1,6,32.0,0,105.0,4.0,5,2,288.0,144.0,57.6,0.0,0.0,0.0,288.0,144.0,57.6,145.143,0.0714286,0
mylyn,org::eclipse::mylyn::internal::sandbox::ui::views::ActiveViewDropAdapter,5.0,7,1,3,13.0,0,22.0,3.0,3,2,5.0,4.0,1.66667,2.0,1.0,0.666667,3.0,3.0,1.0,42.7143,19.6571,0
mylyn,org::eclipse::mylyn::wikitext::core::parser::markup::MarkupLanguageConfiguration,18.0,11,1,153,39.0,0,77.0,18.0,2,1,25.0,25.0,12.5,4.0,4.0,2.0,21.0,21.0,10.5,6.0,0.0,0
mylyn,org::eclipse::mylyn::internal::context::ui::wizards::ContextAttachWizard,3.0,7,1,3,13.0,0,16.0,3.0,11,2,20.0,5.0,1.81818,17.0,5.0,1.54545,3.0,3.0,0.272727,50.2857,12.5286,0
mylyn,org::eclipse::mylyn::internal::commons::ui::CompositeContainerImageDescriptor,8.0,1,1,6,11.0,0,28.0,4.0,2,1,4.0,4.0,2.0,1.0,1.0,0.5,3.0,3.0,1.5,45.8571,19.2857,0
mylyn,org::eclipse::mylyn::internal::java::ui::JavaDeclarationsFilter,2.0,1,1,1,2.0,0,3.0,2.0,5,1,6.0,4.0,1.2,6.0,4.0,1.2,0.0,3.0,0.0,151.714,103.571,0
mylyn,org::eclipse::mylyn::internal::tasks::ui::util::TasksUiExtensionReader,41.0,17,1,55,146.0,0,293.0,11.0,71,3,738.0,69.0,10.3944,573.0,63.0,8.07042,165.0,41.0,2.32394,139.0,58.7962,1
mylyn,org::eclipse::mylyn::internal::xplanner::ui::wizard::NewXPlannerQueryWizard,11.0,11,1,10,27.0,0,55.0,5.0,1,1,0.0,0.0,0.0,0.0,0.0,0.0,0.0,0.0,0.0,6.42857,0.0,0
mylyn,org::eclipse::mylyn::internal::bugzilla::core::RepositoryConfiguration,120.0,30,1,861,292.0,0,462.0,42.0,42,4,732.0,188.0,17.4286,396.0,78.0,9.42857,336.0,188.0,8.0,148.571,107.083,1
mylyn,org::eclipse::mylyn::internal::sandbox::ui::editors::ExtensibleBugzillaTaskEditorPageFactory,4.0,4,3,3,7.0,0,10.0,3.0,4,2,7.0,5.0,1.75,2.0,1.0,0.5,5.0,4.0,1.25,39.7143,13.8776,0
mylyn,org::eclipse::mylyn::internal::tasks::ui::util::TasksUiInternal,140.0,152,1,903,299.0,0,672.0,43.0,77,3,1316.0,166.0,17.0909,524.0,110.0,6.80519,792.0,165.0,10.2857,45.8571,8.13482,1
mylyn,org::eclipse::mylyn::internal::tasks::ui::actions::OpenTasksUiPreferencesAction,2.0,1,1,1,4.0,0,11.0,2.0,11,2,57.0,34.0,5.18182,51.0,34.0,4.63636,6.0,34.0,0.545455,99.0,14.9248,0
mylyn,org::eclipse::mylyn::internal::help::ui::anttask::MediaWikiImageFetcher,21.0,9,1,28,51.0,0,96.0,8.0,6,2,25.0,15.0,4.16667,20.0,15.0,3.33333,5.0,3.0,0.833333,30.8571,8.24571,0
mylyn,org::eclipse::mylyn::zest::layouts::exampleUses::SimpleSWTExample,31.0,12,1,78,73.0,0,448.0,13.0,13,3,658.0,433.0,50.6154,612.0,447.0,47.0769,46.0,55.0,3.53846,184.857,85.3363,0
mylyn,org::eclipse::mylyn::internal::tasks::ui::workingsets::Messages,1.0,0,1,0,2.0,0,3.0,1.0,2,1,1.0,1.0,0.5,3.0,3.0,1.5,-2.0,0.0,-1.0,14.7143,1.71429,0
mylyn,org::eclipse::mylyn::wikitext::core::parser::markup::token::PatternLiteralReplacementToken,4.0,3,2,6,5.0,0,13.0,4.0,6,2,10.0,4.0,1.66667,6.0,3.0,1.0,4.0,2.0,0.666667,32.7143,10.1714,0
mylyn,org::eclipse::mylyn::internal::wikitext::ui::editor::validation::ValidationProblemAnnotation,5.0,3,1,3,10.0,0,16.0,3.0,3,2,9.0,6.0,3.0,8.0,5.0,2.66667,1.0,1.0,0.333333,32.7143,5.42857,0
mylyn,org::eclipse::mylyn::internal::tasks::ui::Messages,1.0,0,1,0,2.0,0,3.0,1.0,3,2,6.0,4.0,2.0,0.0,0.0,0.0,6.0,4.0,2.0,14.7143,9.09524,1
mylyn,org::eclipse::mylyn::internal::tasks::ui::editors::TaskAttachmentEditorInput,7.0,3,1,21,10.0,0,22.0,7.0,7,2,22.0,7.0,3.14286,124.0,98.0,17.7143,-102.0,4.0,-14.5714,45.5714,5.80519,0
mylyn,org::eclipse::mylyn::internal::commons::core::ErrorReporterManager,14.0,6,1,15,32.0,0,72.0,6.0,8,2,18.0,6.0,2.25,11.0,6.0,1.375,7.0,3.0,0.875,46.0,15.5238,1
mylyn,org::eclipse::mylyn::internal::context::ui::wizards::ContextRetrieveWizardPage,13.0,7,1,6,25.0,0,116.0,4.0,17,3,63.0,16.0,3.70588,85.0,41.0,5.0,-22.0,4.0,-1.29412,50.2857,14.9773,0
mylyn,org::eclipse::mylyn::internal::ide::ui::MarkerViewLabelProvider,15.0,7,1,45,28.0,0,54.0,10.0,22,2,95.0,12.0,4.31818,90.0,14.0,4.09091,5.0,5.0,0.227273,154.714,82.2646,0
mylyn,org::eclipse::mylyn::internal::jira::core::model::filter::Order,5.0,3,1,6,5.0,0,13.0,4.0,7,1,11.0,5.0,1.57143,8.0,4.0,1.14286,3.0,4.0,0.428571,110.714,55.2338,0
mylyn,org::eclipse::mylyn::internal::context::core::InteractionContextManager,173.0,64,1,1830,530.0,0,989.0,61.0,69,3,2144.0,872.0,31.0725,1801.0,904.0,26.1015,343.0,141.0,4.97101,94.2857,43.4995,1
mylyn,org::eclipse::mylyn::internal::jira::core::wsdl::soap::JiraSoapServiceServiceLocator,13.0,3,2,45,26.0,1,53.0,10.0,8,2,161.0,133.0,20.125,158.0,130.0,19.75,3.0,7.0,0.375,110.714,22.5235,0
mylyn,org::eclipse::mylyn::internal::wikitext::tracwiki::core::block::HeadingBlock,5.0,9,3,3,18.0,0,35.0,3.0,6,2,11.0,5.0,1.83333,8.0,5.0,1.33333,3.0,3.0,0.5,32.7143,10.8831,0
mylyn,org::eclipse::mylyn::internal::sandbox::ui::hyperlinks::ResourceHyperlinkExtensionReader,4.0,3,1,1,14.0,0,32.0,2.0,3,2,5.0,4.0,1.66667,2.0,1.0,0.666667,3.0,3.0,1.0,34.1429,7.6,1
mylyn,org::eclipse::mylyn::internal::java::ui::editor::Messages,1.0,0,1,0,2.0,0,3.0,1.0,1,1,0.0,0.0,0.0,0.0,0.0,0.0,0.0,0.0,0.0,14.8571,0.0,0
mylyn,org::eclipse::mylyn::zest::core::widgets::GraphItem,4.0,7,1,45,13.0,2,14.0,10.0,8,1,77.0,35.0,9.625,6.0,2.0,0.75,71.0,34.0,8.875,103.714,7.46568,0
mylyn,org::eclipse::mylyn::internal::sandbox::ui::views::TaskActivityViewContentProvider,10.0,8,1,21,24.0,0,46.0,7.0,7,3,36.0,28.0,5.14286,23.0,18.0,3.28571,13.0,10.0,1.85714,48.8571,7.05952,0
mylyn,org::eclipse::mylyn::internal::tasks::ui::search::RepositorySearchResult,10.0,3,1,36,15.0,0,27.0,9.0,8,3,22.0,9.0,2.75,50.0,41.0,6.25,-28.0,3.0,-3.5,135.429,84.1948,0
mylyn,org::eclipse::mylyn::internal::xplanner::ui::XPlannerRepositoryUi,23.0,16,2,55,44.0,0,101.0,11.0,1,1,0.0,0.0,0.0,0.0,0.0,0.0,0.0,0.0,0.0,6.42857,0.0,1
mylyn,org::eclipse::mylyn::wikitext::confluence::core::ConfluenceLanguage,7.0,28,3,21,35.0,0,74.0,7.0,10,2,260.0,124.0,26.0,252.0,121.0,25.2,8.0,87.0,0.8,32.7143,19.4242,1
mylyn,org::eclipse::mylyn::internal::jira::core::service::JiraServiceUnavailableException,1.0,1,2,0,1.0,0,3.0,1.0,10,3,42.0,30.0,4.2,41.0,30.0,4.1,1.0,30.0,0.1,97.8571,14.017,0
mylyn,org::xplanner::soap::UserStoryData,66.0,14,2,561,76.0,0,171.0,34.0,6,2,494.0,490.0,82.3333,542.0,538.0,90.3333,-48.0,0.0,-8.0,93.7143,39.1212,0
mylyn,org::eclipse::mylyn::internal::wikitext::ui::util::css::editor::PropertyValueRule,28.0,2,1,21,18.0,0,54.0,7.0,1,1,0.0,0.0,0.0,0.0,0.0,0.0,0.0,0.0,0.0,6.42857,0.0,0
mylyn,org::eclipse::mylyn::internal::jira::core::html::SubstitutionTextReader,24.0,4,2,45,28.0,1,78.0,10.0,2,1,0.0,0.0,0.0,0.0,0.0,0.0,0.0,0.0,0.0,118.714,0.0,0
mylyn,org::eclipse::mylyn::internal::wikitext::ui::editor::preferences::PreferenceInitializer,1.0,2,1,0,5.0,0,5.0,1.0,3,2,3.0,2.0,1.0,3.0,2.0,1.0,0.0,0.0,0.0,32.7143,3.80952,0
mylyn,org::eclipse::mylyn::internal::jira::core::wsdl::beans::RemotePermissionMapping,28.0,5,1,45,27.0,0,65.0,10.0,9,2,174.0,139.0,19.3333,186.0,151.0,20.6667,-12.0,7.0,-1.33333,110.714,24.8079,0
mylyn,org::eclipse::mylyn::internal::java::ui::junit::TaskContextJUnitMainTab,13.0,4,1,36,21.0,0,52.0,9.0,12,2,36.0,13.0,3.0,21.0,5.0,1.75,15.0,12.0,1.25,92.5714,21.7976,0
mylyn,org::eclipse::mylyn::java::tests::search::WorkspaceSetupHelper,26.0,13,1,55,39.0,0,89.0,11.0,21,2,125.0,67.0,5.95238,104.0,56.0,4.95238,21.0,11.0,1.0,172.0,38.2594,0
mylyn,org::eclipse::mylyn::wikitext::core::validation::ValidationRule,6.0,4,1,1,10.0,5,26.0,2.0,3,2,54.0,47.0,18.0,6.0,5.0,2.0,48.0,46.0,16.0,32.7143,14.3968,0
mylyn,org::eclipse::mylyn::internal::bugzilla::core::internal::FavoritesFile,19.0,10,1,36,48.0,0,104.0,9.0,2,1,0.0,0.0,0.0,0.0,0.0,0.0,0.0,0.0,0.0,164.0,0.0,0
mylyn,org::eclipse::mylyn::internal::trac::core::TracRepositoryConnector,124.0,44,2,946,219.0,0,452.0,44.0,103,3,1411.0,405.0,13.699,972.0,194.0,9.43689,439.0,211.0,4.26214,131.571,62.942,1
mylyn,org::eclipse::mylyn::internal::tasks::ui::editors::TraverseOnTabKeyListener,2.0,0,1,0,1.0,0,6.0,1.0,3,2,5.0,4.0,1.66667,2.0,1.0,0.666667,3.0,3.0,1.0,31.0,7.94286,0
mylyn,org::eclipse::mylyn::internal::context::ui::ContextWorkingSetManager,15.0,11,1,45,32.0,0,65.0,10.0,10,2,83.0,46.0,8.3,75.0,55.0,7.5,8.0,6.0,0.8,77.0,29.2806,0
mylyn,org::eclipse::mylyn::internal::jira::core::model::filter::TextFilter,2.0,1,1,1,2.0,0,6.0,2.0,3,2,6.0,5.0,2.0,2.0,1.0,0.666667,4.0,4.0,1.33333,44.5714,18.0238,0
mylyn,org::eclipse::mylyn::internal::tasks::ui::actions::CopyTaskDetailsAction,10.0,13,1,6,28.0,0,45.0,4.0,50,3,268.0,24.0,5.36,257.0,29.0,5.14,11.0,14.0,0.22,122.857,54.5975,0
mylyn,org::eclipse::mylyn::internal::sandbox::ui::hyperlinks::JavaResourceHyperlinkExtension,3.0,1,2,3,4.0,0,9.0,3.0,4,2,6.0,4.0,1.5,9.0,7.0,2.25,-3.0,3.0,-0.75,33.8571,6.78571,0
mylyn,org::eclipse::mylyn::internal::web::ui::AbstractWebContextProvider,0.0,0,1,0,0.0,0,0.0,0.0,4,2,6.0,4.0,1.5,6.0,4.0,1.5,0.0,3.0,0.0,92.4286,58.2143,0
mylyn,org::eclipse::mylyn::zest::tests::swt::NestedGraphSnippet2,3.0,3,1,0,14.0,0,60.0,1.0,1,1,0.0,0.0,0.0,0.0,0.0,0.0,0.0,0.0,0.0,80.8571,0.0,0
mylyn,org::eclipse::mylyn::internal::context::ui::commands::AbstractTaskAttachmentCommandHandler,2.0,0,1,1,2.0,1,4.0,2.0,2,2,4.0,4.0,2.0,1.0,1.0,0.5,3.0,3.0,1.5,41.8571,15.2857,0
mylyn,org::eclipse::mylyn::jira::tests::util::MockJiraClient,45.0,10,2,990,67.0,0,164.0,45.0,5,2,17.0,8.0,3.4,7.0,2.0,1.4,10.0,6.0,2.0,38.1429,17.1681,0
mylyn,org::eclipse::mylyn::internal::jira::core::model::WebServerInfo,7.0,3,1,21,7.0,0,20.0,7.0,5,2,23.0,10.0,4.6,10.0,8.0,2.0,13.0,10.0,2.6,78.2857,20.3043,0
mylyn,org::eclipse::mylyn::internal::tasks::ui::wizards::TaskDataExportWizard,7.0,7,1,10,25.0,0,45.0,5.0,33,3,191.0,73.0,5.78788,454.0,181.0,13.7576,-263.0,5.0,-7.9697,139.571,100.941,0
mylyn,org::eclipse::mylyn::internal::tasks::ui::editors::TaskEditorAttributePart,24.0,13,2,15,53.0,0,201.0,6.0,33,3,362.0,132.0,10.9697,335.0,162.0,10.1515,27.0,26.0,0.818182,61.2857,11.1038,1
mylyn,org::eclipse::mylyn::internal::trac::core::model::TracTicket,39.0,13,1,325,51.0,0,114.0,26.0,16,2,31.0,6.0,1.9375,31.0,6.0,1.9375,0.0,3.0,0.0,133.0,68.5899,0
mylyn,org::eclipse::mylyn::internal::sandbox::dev::properties::TaskRepositoryPropertiesSource,8.0,3,1,21,18.0,0,30.0,7.0,5,2,16.0,9.0,3.2,21.0,18.0,4.2,-5.0,4.0,-1.0,70.7143,20.4375,0
mylyn,org::eclipse::mylyn::internal::wikitext::ui::editor::syntax::MarkupTokenScanner,61.0,15,1,66,158.0,0,252.0,12.0,10,2,140.0,65.0,14.0,70.0,50.0,7.0,70.0,43.0,7.0,32.7143,8.90816,1
mylyn,org::eclipse::mylyn::internal::tasks::ui::actions::ClearOutgoingAction,13.0,13,1,10,26.0,0,49.0,5.0,30,3,201.0,78.0,6.7,183.0,78.0,6.1,18.0,78.0,0.6,96.8571,27.8173,0
mylyn,org::eclipse::mylyn::internal::jira::core::model::SecurityLevel,5.0,7,1,10,5.0,0,14.0,5.0,6,2,21.0,7.0,3.5,2.0,1.0,0.333333,19.0,7.0,3.16667,65.5714,37.4286,0
mylyn,org::eclipse::mylyn::internal::tasks::core::data::TaskDataStateWriter,9.0,8,1,10,62.0,0,83.0,5.0,8,2,137.0,91.0,17.125,41.0,35.0,5.125,96.0,91.0,12.0,47.1429,9.40563,0
mylyn,org::eclipse::mylyn::monitor::ui::AbstractCommandMonitor,7.0,2,1,21,14.0,1,33.0,7.0,15,2,37.0,6.0,2.46667,29.0,4.0,1.93333,8.0,3.0,0.533333,110.429,43.6332,0
mylyn,org::eclipse::mylyn::internal::wikitext::ui::editor::help::HelpContent,13.0,15,1,10,47.0,1,85.0,5.0,6,2,87.0,56.0,14.5,27.0,11.0,4.5,60.0,49.0,10.0,32.7143,10.6601,1
mylyn,org::eclipse::mylyn::internal::tasks::ui::wizards::SelectRepositoryConnectorPage,4.0,5,1,6,12.0,0,41.0,4.0,4,2,10.0,4.0,2.5,9.0,8.0,2.25,1.0,3.0,0.25,44.5714,25.2,1
mylyn,org::eclipse::mylyn::internal::tasks::ui::views::AbstractTaskListContentProvider,1.0,0,1,0,1.0,1,3.0,1.0,4,2,10.0,5.0,2.5,6.0,4.0,1.5,4.0,4.0,1.0,83.5714,35.2429,0
mylyn,org::eclipse::mylyn::internal::provisional::commons::ui::CommonFonts,10.0,3,1,3,21.0,0,47.0,3.0,7,2,47.0,17.0,6.71429,7.0,3.0,1.0,40.0,17.0,5.71429,45.8571,21.9787,0
mylyn,org::eclipse::mylyn::internal::team::ui::properties::ProjectTeamPage,13.0,3,1,28,38.0,0,149.0,8.0,9,3,53.0,32.0,5.88889,45.0,20.0,5.0,8.0,17.0,0.888889,71.7143,55.9218,0
mylyn,org::eclipse::mylyn::internal::tasks::bugs::TaskErrorReporter,10.0,11,1,28,32.0,0,50.0,8.0,17,2,200.0,128.0,11.7647,339.0,124.0,19.9412,-139.0,9.0,-8.17647,47.5714,6.42714,0
mylyn,org::eclipse::mylyn::internal::monitor::usage::wizards::UsageFileSelectionWizardPage,13.0,8,1,15,47.0,0,111.0,6.0,18,2,226.0,181.0,12.5556,242.0,181.0,13.4444,-16.0,181.0,-0.888889,98.5714,7.3957,0
mylyn,org::eclipse::mylyn::internal::trac::core::client::InvalidTicketException,1.0,2,2,0,1.0,0,2.0,1.0,4,2,6.0,4.0,1.5,3.0,1.0,0.75,3.0,3.0,0.75,39.5714,15.9524,0
mylyn,org::eclipse::mylyn::internal::tasks::core::sync::SynchronizeTasksJob,28.0,19,2,91,103.0,0,167.0,14.0,45,3,517.0,112.0,11.4889,403.0,101.0,8.95556,114.0,92.0,2.53333,49.1429,7.18127,0
mylyn,org::eclipse::mylyn::internal::tasks::ui::editors::HighlightingHyperlinkTextPresentationManager,1.0,1,2,1,3.0,0,3.0,2.0,1,1,0.0,0.0,0.0,0.0,0.0,0.0,0.0,0.0,0.0,22.5714,0.0,0
mylyn,org::eclipse::mylyn::internal::jira::core::model::filter::ResolutionFilter,4.0,5,1,6,5.0,0,14.0,4.0,6,1,13.0,5.0,2.16667,13.0,5.0,2.16667,0.0,4.0,0.0,110.714,49.7143,0
mylyn,org::eclipse::mylyn::internal::tasks::ui::OfflineFileStorage,106.0,15,1,300,211.0,0,510.0,25.0,21,3,99.0,32.0,4.71429,83.0,28.0,3.95238,16.0,6.0,0.761905,91.1429,17.2872,0
mylyn,org::eclipse::mylyn::internal::wikitext::mediawiki::core::validation::CommentValidationRule,5.0,6,2,1,11.0,0,16.0,2.0,2,1,2.0,2.0,1.0,2.0,2.0,1.0,0.0,0.0,0.0,23.0,3.14286,0
mylyn,org::eclipse::mylyn::internal::wikitext::ui::editor::MarkupEditorActionBarContributor,0.0,0,1,0,0.0,0,0.0,0.0,2,1,3.0,3.0,1.5,4.0,4.0,2.0,-1.0,0.0,-0.5,32.7143,1.71429,0
mylyn,org::eclipse::mylyn::internal::java::ui::TypeHistoryManager,15.0,5,2,36,30.0,0,55.0,9.0,16,2,133.0,84.0,8.3125,69.0,28.0,4.3125,64.0,69.0,4.0,92.4286,13.6864,0
mylyn,org::eclipse::mylyn::tasks::ui::editors::AttributeEditorToolkit,31.0,23,1,105,64.0,0,110.0,15.0,17,2,178.0,46.0,10.4706,271.0,129.0,15.9412,-93.0,19.0,-5.47059,45.8571,10.8772,0
mylyn,org::eclipse::mylyn::wikitext::core::parser::TableCellAttributes,10.0,4,2,55,11.0,0,30.0,11.0,5,2,21.0,15.0,4.2,4.0,2.0,0.8,17.0,13.0,3.4,32.7143,9.31973,0
mylyn,org::eclipse::mylyn::wikitext::core::validation::MarkupValidator,8.0,8,1,3,18.0,0,28.0,3.0,10,2,25.0,11.0,2.5,63.0,31.0,6.3,-38.0,3.0,-3.8,32.7143,8.17143,0
mylyn,org::eclipse::mylyn::internal::context::ui::UiUtil,4.0,4,1,1,7.0,0,19.0,2.0,21,2,96.0,22.0,4.57143,166.0,43.0,7.90476,-70.0,19.0,-3.33333,139.714,61.2232,1
mylyn,org::eclipse::mylyn::java::tests::search::ActiveSearchNotifier,8.0,12,2,28,33.0,0,40.0,8.0,28,2,107.0,26.0,3.82143,105.0,23.0,3.75,2.0,4.0,0.0714286,172.0,56.4045,0
mylyn,org::eclipse::mylyn::internal::java::ui::editor::FocusedJavaNoTypeProposalComputer,4.0,2,1,3,11.0,0,14.0,3.0,5,1,16.0,8.0,3.2,10.0,5.0,2.0,6.0,6.0,1.2,92.5714,42.8393,0
mylyn,org::eclipse::mylyn::internal::wikitext::ui::editor::operations::MoveSectionsCommand,27.0,9,2,3,40.0,0,112.0,3.0,1,1,0.0,0.0,0.0,0.0,0.0,0.0,0.0,0.0,0.0,7.71429,0.0,1
mylyn,org::eclipse::mylyn::internal::monitor::usage::InteractionEventObfuscator,10.0,10,1,3,31.0,0,45.0,3.0,11,2,18.0,4.0,1.63636,15.0,4.0,1.36364,3.0,3.0,0.272727,90.7143,40.619,0
mylyn,org::eclipse::mylyn::internal::sandbox::bridge::bugs::Util,10.0,14,1,10,49.0,0,125.0,5.0,18,3,73.0,20.0,4.05556,55.0,9.0,3.05556,18.0,17.0,1.0,140.857,80.2935,0
mylyn,org::eclipse::mylyn::internal::wikitext::textile::core::Textile,19.0,12,1,3,28.0,0,75.0,3.0,3,2,54.0,37.0,18.0,47.0,30.0,15.6667,7.0,7.0,2.33333,32.7143,5.22222,0
mylyn,org::eclipse::mylyn::zest::layouts::algorithms::GridLayoutAlgorithm,42.0,4,2,78,37.0,2,147.0,13.0,6,3,26.0,8.0,4.33333,7.0,4.0,1.16667,19.0,7.0,3.16667,184.857,27.0879,0
mylyn,org::eclipse::mylyn::internal::trac::core::TracTaskMapper,5.0,4,2,3,9.0,0,17.0,3.0,7,2,191.0,91.0,27.2857,96.0,93.0,13.7143,95.0,50.0,13.5714,38.2857,1.82872,0
mylyn,org::eclipse::mylyn::zest::core::widgets::Graph,115.0,43,1,1128,284.0,0,551.0,48.0,35,1,935.0,336.0,26.7143,583.0,207.0,16.6571,352.0,313.0,10.0571,103.714,13.9261,0
mylyn,org::eclipse::mylyn::internal::wikitext::confluence::core::block::HeadingBlock,11.0,11,3,6,24.0,0,40.0,4.0,4,2,8.0,5.0,2.0,7.0,4.0,1.75,1.0,1.0,0.25,32.7143,5.85714,0
mylyn,org::eclipse::mylyn::internal::bugzilla::core::history::TaskHistory,15.0,4,1,55,27.0,0,69.0,11.0,11,3,135.0,118.0,12.2727,132.0,118.0,12.0,3.0,118.0,0.272727,109.0,9.08466,0
mylyn,org::eclipse::mylyn::internal::java::tasks::JavaStackTraceFileHyperlink,26.0,6,1,55,43.0,0,161.0,11.0,3,1,23.0,13.0,7.66667,11.0,9.0,3.66667,12.0,8.0,4.0,47.5714,27.0621,0
mylyn,org::eclipse::mylyn::internal::pde::ui::junit::TaskContextPdeJUnitLaunchConfiguration,1.0,2,1,0,8.0,0,14.0,1.0,15,2,39.0,7.0,2.6,24.0,5.0,1.6,15.0,5.0,1.0,91.5714,44.0696,0
mylyn,org::eclipse::mylyn::internal::context::ui::wizards::ContextAttachWizardPage,3.0,3,1,3,9.0,0,39.0,3.0,11,2,26.0,7.0,2.36364,40.0,17.0,3.63636,-14.0,3.0,-1.27273,50.2857,23.4286,0
mylyn,org::eclipse::mylyn::internal::monitor::reports::ui::actions::FocusedUiUserAnalysisAction,4.0,4,1,3,10.0,0,38.0,3.0,12,2,24.0,4.0,2.0,18.0,4.0,1.5,6.0,3.0,0.5,92.5714,32.8988,0
mylyn,org::eclipse::mylyn::tasks::core::data::TaskRelation,14.0,10,1,36,19.0,0,47.0,9.0,6,2,59.0,24.0,9.83333,3.0,1.0,0.5,56.0,24.0,9.33333,44.7143,7.60291,0
mylyn,org::eclipse::mylyn::internal::tasks::ui::views::UpdateRepositoryConfigurationAction,3.0,13,2,3,22.0,0,50.0,3.0,7,2,25.0,7.0,3.57143,11.0,5.0,1.57143,14.0,5.0,2.0,47.1429,18.8,0
mylyn,org::eclipse::mylyn::internal::trac::core::client::TracWebClient,126.0,36,2,231,347.0,0,553.0,22.0,11,2,99.0,68.0,9.0,98.0,68.0,8.90909,1.0,4.0,0.0909091,39.5714,20.9192,0
mylyn,org::eclipse::mylyn::internal::tasks::ui::actions::OpenWithBrowserAction,9.0,5,1,3,14.0,0,28.0,3.0,28,3,60.0,7.0,2.14286,62.0,7.0,2.21429,-2.0,3.0,-0.0714286,139.571,60.7881,0
mylyn,org::eclipse::mylyn::internal::tasks::ui::editors::DateAttributeEditor,12.0,8,2,28,42.0,0,105.0,8.0,28,3,188.0,58.0,6.71429,125.0,47.0,4.46429,63.0,13.0,2.25,62.8571,23.386,1
mylyn,org::eclipse::mylyn::internal::jira::core::model::Messages,1.0,0,1,0,1.0,0,2.0,1.0,1,1,0.0,0.0,0.0,0.0,0.0,0.0,0.0,0.0,0.0,7.0,0.0,0
mylyn,org::eclipse::mylyn::internal::wikitext::core::parser::builder::SplittingStrategy,0.0,1,1,3,3.0,2,0.0,3.0,3,2,7.0,5.0,2.33333,7.0,6.0,2.33333,0.0,1.0,0.0,32.7143,4.08163,0
mylyn,org::eclipse::mylyn::zest::tests::swt::GraphSnippet4,4.0,3,1,1,14.0,0,53.0,2.0,2,1,1.0,1.0,0.5,1.0,1.0,0.5,0.0,0.0,0.0,80.8571,0.0,0
mylyn,org::eclipse::mylyn::internal::bugzilla::ui::tasklist::BugzillaConnectorUi,38.0,17,2,136,73.0,0,131.0,17.0,42,3,442.0,165.0,10.5238,326.0,65.0,7.7619,116.0,111.0,2.7619,133.571,73.1603,0
mylyn,org::eclipse::mylyn::internal::jira::core::wsdl::beans::RemoteCustomFieldValue,35.0,6,1,66,33.0,0,76.0,12.0,9,2,195.0,168.0,21.6667,214.0,187.0,23.7778,-19.0,7.0,-2.11111,110.714,24.4513,0
mylyn,org::eclipse::mylyn::internal::jira::core::service::web::rss::JiraRssClient,14.0,3,1,15,17.0,0,98.0,6.0,9,2,95.0,56.0,10.5556,86.0,50.0,9.55556,9.0,6.0,1.0,54.0,17.9504,0
mylyn,org::eclipse::mylyn::internal::tasks::core::TaskRepositoryLocation,7.0,6,2,3,14.0,1,25.0,3.0,17,3,75.0,24.0,4.41176,99.0,54.0,5.82353,-24.0,23.0,-1.41176,72.5714,33.9124,0
mylyn,org::xplanner::soap::TaskData,71.0,13,2,496,77.0,0,168.0,32.0,6,2,471.0,467.0,78.5,518.0,514.0,86.3333,-47.0,0.0,-7.83333,93.7143,39.1131,0
mylyn,org::eclipse::mylyn::internal::monitor::core::collection::ViewUsageCollector,21.0,7,1,55,54.0,1,103.0,11.0,7,2,38.0,15.0,5.42857,23.0,10.0,3.28571,15.0,12.0,2.14286,109.857,47.921,0
mylyn,org::eclipse::mylyn::internal::commons::net::TrustAllTrustManager,3.0,1,1,6,4.0,0,9.0,4.0,2,1,5.0,5.0,2.5,2.0,2.0,1.0,3.0,3.0,1.5,45.8571,19.2857,0
mylyn,org::eclipse::mylyn::internal::java::ui::search::XmlActiveSearchUpdater,13.0,4,1,21,17.0,0,61.0,7.0,8,2,23.0,8.0,2.875,21.0,8.0,2.625,2.0,4.0,0.25,92.4286,36.5155,0
mylyn,org::eclipse::mylyn::internal::java::ui::junit::TaskContextJUnitTabGroup,2.0,1,1,1,6.0,0,9.0,2.0,5,1,9.0,5.0,1.8,13.0,6.0,2.6,-4.0,3.0,-0.8,92.5714,37.7778,0
mylyn,org::eclipse::mylyn::internal::tasks::core::data::TaskDataManager,66.0,43,1,351,167.0,0,415.0,27.0,50,3,796.0,133.0,15.92,611.0,206.0,12.22,185.0,74.0,3.7,46.5714,3.49444,0
mylyn,org::eclipse::mylyn::internal::jira::ui::wizards::JiraProjectPage,29.0,21,1,36,71.0,0,263.0,9.0,38,3,490.0,157.0,12.8947,338.0,104.0,8.89474,152.0,157.0,4.0,108.286,44.7297,1
mylyn,org::eclipse::mylyn::internal::java::ui::actions::ToggleActiveFoldingAction,11.0,2,1,36,18.0,0,41.0,9.0,26,2,110.0,54.0,4.23077,100.0,43.0,3.84615,10.0,11.0,0.384615,163.857,37.9013,0
mylyn,org::eclipse::mylyn::internal::sandbox::ui::highlighters::HighlighterList,21.0,10,1,78,48.0,0,116.0,13.0,3,2,7.0,6.0,2.33333,2.0,1.0,0.666667,5.0,5.0,1.66667,43.5714,19.5102,0
mylyn,org::eclipse::mylyn::internal::provisional::commons::ui::CommonTextSupport,53.0,11,1,153,111.0,0,193.0,18.0,1,1,0.0,0.0,0.0,0.0,0.0,0.0,0.0,0.0,0.0,9.0,0.0,0
mylyn,org::eclipse::mylyn::internal::jira::core::model::NamedFilter,11.0,5,1,66,12.0,0,33.0,12.0,8,2,11.0,5.0,1.375,9.0,4.0,1.125,2.0,4.0,0.25,110.714,59.3766,0
mylyn,org::eclipse::mylyn::internal::wikitext::ui::util::css::editor::CssPartitionScanner,1.0,1,1,0,5.0,0,8.0,1.0,1,1,0.0,0.0,0.0,0.0,0.0,0.0,0.0,0.0,0.0,6.42857,0.0,0
mylyn,org::eclipse::mylyn::internal::wikitext::mediawiki::core::token::TemplateReplacementToken,3.0,2,2,6,5.0,0,9.0,4.0,3,2,21.0,11.0,7.0,20.0,11.0,6.66667,1.0,1.0,0.333333,32.7143,7.55102,0
mylyn,org::eclipse::mylyn::internal::tasks::bugs::wizards::Messages,1.0,0,1,0,2.0,0,3.0,1.0,3,1,47.0,47.0,15.6667,47.0,47.0,15.6667,0.0,47.0,0.0,14.7143,0.714286,1
mylyn,org::eclipse::mylyn::internal::context::core::InteractionContextElement,20.0,10,2,105,32.0,0,65.0,15.0,12,2,41.0,9.0,3.41667,25.0,6.0,2.08333,16.0,8.0,1.33333,94.2857,49.6446,0
mylyn,org::eclipse::mylyn::internal::tasks::ui::search::CreateQueryFromSearchAction,7.0,8,1,1,19.0,0,32.0,2.0,20,2,47.0,6.0,2.35,37.0,5.0,1.85,10.0,4.0,0.5,90.1429,47.3647,0
mylyn,org::eclipse::mylyn::internal::context::ui::TaskContextWorkingSetPage,9.0,3,1,15,22.0,0,81.0,6.0,12,2,31.0,11.0,2.58333,30.0,11.0,2.5,1.0,3.0,0.0833333,92.5714,44.7235,0
mylyn,org::eclipse::mylyn::tasks::ui::AbstractRepositoryConnectorUi,19.0,29,1,231,26.0,7,57.0,22.0,86,3,697.0,68.0,8.10465,406.0,55.0,4.72093,291.0,66.0,3.38372,133.571,52.1041,0
mylyn,org::eclipse::mylyn::internal::jira::core::html::HTML2TextReader,70.0,9,3,78,91.0,0,221.0,13.0,3,2,2.0,2.0,0.666667,1.0,1.0,0.333333,1.0,1.0,0.333333,118.714,7.14286,0
mylyn,org::eclipse::mylyn::tasks::core::TaskRepositoryLocationFactory,1.0,8,1,1,3.0,1,3.0,2.0,4,3,9.0,4.0,2.25,3.0,1.0,0.75,6.0,3.0,1.5,72.5714,39.381,0
mylyn,org::eclipse::mylyn::examples::monitor::study::QuestionnaireWizardPage,23.0,6,2,66,39.0,0,193.0,12.0,15,2,32.0,6.0,2.13333,31.0,4.0,2.06667,1.0,5.0,0.0666667,109.857,34.0,0
mylyn,org::eclipse::mylyn::internal::monitor::usage::editors::UsageStatsEditorInput,12.0,7,1,45,13.0,0,39.0,10.0,12,2,17.0,4.0,1.41667,42.0,25.0,3.5,-25.0,2.0,-2.08333,109.857,45.5042,0
mylyn,org::eclipse::mylyn::internal::trac::core::client::TracProxyAuthenticationException,1.0,1,2,0,1.0,0,2.0,1.0,4,2,6.0,4.0,1.5,3.0,1.0,0.75,3.0,3.0,0.75,39.5714,15.9524,0
mylyn,org::eclipse::mylyn::internal::monitor::core::collection::CommandUsageCollector,7.0,5,1,21,15.0,0,23.0,7.0,8,2,19.0,7.0,2.375,13.0,5.0,1.625,6.0,5.0,0.75,109.857,53.3383,0
mylyn,upload::MylarUsageUploadServlet,4.0,7,1,1,28.0,0,64.0,2.0,4,1,13.0,7.0,3.25,2.0,1.0,0.5,11.0,7.0,2.75,103.714,39.5385,0
mylyn,org::eclipse::mylyn::internal::wikitext::ui::editor::reconciler::MarkupMonoReconciler,2.0,2,1,1,3.0,0,6.0,2.0,2,1,3.0,3.0,1.5,4.0,4.0,2.0,-1.0,0.0,-0.5,32.7143,1.71429,0
mylyn,org::eclipse::mylyn::internal::tasks::core::TaskCategory,6.0,17,4,6,5.0,0,20.0,4.0,14,3,57.0,17.0,4.07143,32.0,5.0,2.28571,25.0,17.0,1.78571,90.4286,41.5739,0
mylyn,org::eclipse::mylyn::internal::tasks::ui::TaskListNotificationManager,16.0,10,1,45,39.0,0,70.0,10.0,36,3,282.0,60.0,7.83333,291.0,75.0,8.08333,-9.0,34.0,-0.25,139.571,70.1413,0
mylyn,org::eclipse::mylyn::internal::wikitext::twiki::core::token::WikiWordReplacementToken,3.0,2,2,6,5.0,0,9.0,4.0,3,1,5.0,4.0,1.66667,5.0,4.0,1.66667,0.0,0.0,0.0,23.8571,5.02857,0
mylyn,org::eclipse::mylyn::wikitext::ui::commands::AbstractMarkupResourceHandler,11.0,4,1,6,18.0,2,59.0,4.0,8,2,64.0,35.0,8.0,45.0,27.0,5.625,19.0,9.0,2.375,32.7143,6.95089,1
mylyn,org::eclipse::mylyn::internal::bugzilla::ui::tasklist::BugzillaCustomQueryDialog,9.0,0,1,15,12.0,0,64.0,6.0,7,3,23.0,6.0,3.28571,14.0,4.0,2.0,9.0,5.0,1.28571,164.0,99.5466,0
mylyn,org::eclipse::mylyn::internal::jira::ui::wizards::JiraFilterDefinitionPage,159.0,32,3,253,475.0,0,1346.0,23.0,8,2,215.0,133.0,26.875,155.0,81.0,19.375,60.0,52.0,7.5,44.5714,33.7694,1
mylyn,org::eclipse::mylyn::internal::resources::ui::ResourceInterestUpdater,11.0,14,1,10,27.0,0,53.0,5.0,16,2,52.0,7.0,3.25,42.0,6.0,2.625,10.0,4.0,0.625,92.4286,45.7005,0
mylyn,org::eclipse::mylyn::internal::xplanner::ui::XPlannerRepositoryUtils,106.0,42,1,946,309.0,0,681.0,44.0,2,1,36.0,36.0,18.0,16.0,16.0,8.0,20.0,20.0,10.0,6.42857,2.71429,1
mylyn,org::eclipse::mylyn::internal::tasks::bugs::wizards::ReportBugOrEnhancementWizard,14.0,7,1,15,28.0,0,54.0,6.0,9,2,68.0,27.0,7.55556,32.0,12.0,3.55556,36.0,15.0,4.0,42.8571,6.2584,1
mylyn,org::eclipse::mylyn::zest::layouts::algorithms::HorizontalShift,13.0,5,2,36,39.0,0,87.0,9.0,5,1,32.0,24.0,6.4,11.0,5.0,2.2,21.0,19.0,4.2,121.714,13.7723,0
mylyn,org::eclipse::mylyn::internal::monitor::ui::KeybindingCommandMonitor,1.0,3,2,1,5.0,0,4.0,2.0,6,2,7.0,4.0,1.16667,8.0,4.0,1.33333,-1.0,3.0,-0.166667,90.7143,58.6531,0
mylyn,org::eclipse::mylyn::monitor::ui::AbstractUserActivityMonitor,4.0,2,1,15,6.0,1,16.0,6.0,17,3,109.0,37.0,6.41176,79.0,37.0,4.64706,30.0,37.0,1.76471,101.857,32.5374,0
mylyn,org::eclipse::mylyn::commons::core::CoreUtil,0.0,0,1,0,0.0,0,0.0,0.0,6,2,21.0,9.0,3.5,7.0,4.0,1.16667,14.0,8.0,2.33333,46.0,19.068,0
mylyn,org::eclipse::mylyn::internal::tasks::ui::views::TaskDetailLabelProvider,5.0,8,1,3,18.0,0,24.0,3.0,10,3,24.0,6.0,2.4,18.0,5.0,1.8,6.0,3.0,0.6,72.5714,30.6488,0
mylyn,org::eclipse::mylyn::internal::trac::core::client::TracPermissionDeniedException,1.0,0,2,0,1.0,0,3.0,1.0,4,2,6.0,4.0,1.5,3.0,1.0,0.75,3.0,3.0,0.75,39.5714,15.9524,0
mylyn,org::eclipse::mylyn::internal::context::ui::editors::ScalableInterestFilter,3.0,5,2,1,7.0,0,10.0,2.0,8,1,30.0,15.0,3.75,20.0,5.0,2.5,10.0,14.0,1.25,108.571,19.2333,0
mylyn,org::eclipse::mylyn::zest::core::viewers::internal::GraphModelEntityFactory,26.0,7,2,10,68.0,0,102.0,5.0,5,1,29.0,12.0,5.8,29.0,12.0,5.8,0.0,0.0,0.0,103.714,4.53695,0
mylyn,org::eclipse::mylyn::internal::xplanner::ui::wizard::EditXPlannerQueryWizard,12.0,14,2,10,32.0,0,60.0,5.0,1,1,0.0,0.0,0.0,0.0,0.0,0.0,0.0,0.0,0.0,6.42857,0.0,0
mylyn,org::eclipse::mylyn::internal::xplanner::core::service::soap::SoapXPlannerService,40.0,7,3,780,98.0,0,139.0,40.0,1,1,0.0,0.0,0.0,0.0,0.0,0.0,0.0,0.0,0.0,6.42857,0.0,0
mylyn,org::eclipse::mylyn::wikitext::core::parser::HeadingAttributes,2.0,2,2,3,3.0,0,6.0,3.0,3,2,2.0,1.0,0.666667,1.0,1.0,0.333333,1.0,1.0,0.333333,26.5714,17.4286,0
mylyn,org::eclipse::mylyn::internal::wikitext::ui::viewer::annotation::BulletDrawingStrategy,9.0,2,1,1,10.0,0,62.0,2.0,6,2,34.0,11.0,5.66667,14.0,12.0,2.33333,20.0,10.0,3.33333,32.7143,16.4076,0
mylyn,org::eclipse::mylyn::internal::tasks::ui::TaskCompletionFilter,5.0,2,2,0,4.0,0,20.0,1.0,22,3,74.0,18.0,3.36364,69.0,18.0,3.13636,5.0,17.0,0.227273,139.571,74.7008,0
mylyn,org::eclipse::mylyn::internal::tasks::ui::editors::TaskUrlHyperlinkDetector,31.0,7,1,3,22.0,0,132.0,3.0,9,2,79.0,36.0,8.77778,23.0,10.0,2.55556,56.0,31.0,6.22222,90.4286,55.4792,0
mylyn,org::eclipse::mylyn::internal::jira::ui::Messages,1.0,0,1,0,2.0,0,3.0,1.0,1,1,0.0,0.0,0.0,0.0,0.0,0.0,0.0,0.0,0.0,14.8571,0.0,0
mylyn,org::eclipse::mylyn::internal::hypertext::ui::editors::WebElementsEditor,25.0,9,1,190,59.0,0,246.0,20.0,6,1,12.0,5.0,2.0,135.0,124.0,22.5,-123.0,0.0,-20.5,164.0,7.95238,0
mylyn,org::eclipse::mylyn::internal::java::ui::JavaUiUtil,10.0,7,1,6,28.0,0,57.0,4.0,30,2,303.0,90.0,10.1,258.0,107.0,8.6,45.0,42.0,1.5,164.0,101.405,1
mylyn,org::eclipse::mylyn::internal::jira::core::model::Priority,16.0,9,1,91,16.0,0,51.0,14.0,12,2,26.0,7.0,2.16667,62.0,26.0,5.16667,-36.0,7.0,-3.0,110.714,58.7198,0
mylyn,org::eclipse::mylyn::internal::wikitext::core::parser::builder::SplittingOutlineParser,9.0,6,2,10,21.0,0,29.0,5.0,6,2,11.0,7.0,1.83333,11.0,8.0,1.83333,0.0,1.0,0.0,32.7143,7.36364,0
mylyn,org::eclipse::mylyn::internal::sandbox::ui::views::ContextContentProvider,29.0,12,1,55,67.0,0,126.0,11.0,2,2,0.0,0.0,0.0,2.0,2.0,1.0,-2.0,0.0,-1.0,21.5714,0.0,0
mylyn,org::eclipse::mylyn::monitor::usage::AbstractStudyBackgroundPage,0.0,1,1,0,1.0,0,0.0,1.0,5,2,8.0,5.0,1.6,7.0,4.0,1.4,1.0,4.0,0.2,90.7143,50.4643,0
mylyn,org::eclipse::mylyn::internal::trac::core::model::TracTicketAttribute,5.0,2,1,10,5.0,5,16.0,5.0,7,2,10.0,4.0,1.42857,7.0,2.0,1.0,3.0,3.0,0.428571,133.0,89.8857,0
mylyn,org::eclipse::mylyn::wikitext::core::parser::DocumentBuilder,4.0,88,1,153,23.0,8,12.0,18.0,3,2,103.0,103.0,34.3333,134.0,100.0,44.6667,-31.0,3.0,-10.3333,32.7143,1.71429,1
mylyn,org::eclipse::mylyn::internal::sandbox::ui::hyperlinks::ResourceHyperlinkExtensions,10.0,7,1,15,25.0,0,39.0,6.0,4,2,7.0,4.0,1.75,7.0,5.0,1.75,0.0,3.0,0.0,34.1429,6.08163,0
mylyn,org::eclipse::mylyn::internal::wikitext::confluence::core::block::ListBlock,29.0,11,3,28,63.0,0,110.0,8.0,3,2,20.0,13.0,6.66667,19.0,12.0,6.33333,1.0,1.0,0.333333,32.7143,5.61429,0
mylyn,org::eclipse::mylyn::internal::java::ui::BreakpointsInterestFilter,4.0,2,3,3,7.0,0,15.0,3.0,4,1,13.0,6.0,3.25,12.0,10.0,3.0,1.0,3.0,0.25,43.0,6.73626,0
mylyn,org::eclipse::mylyn::internal::bugzilla::ui::editor::BugzillaTaskEditorPage,22.0,12,3,36,74.0,1,166.0,9.0,27,4,423.0,168.0,15.6667,94.0,22.0,3.48148,329.0,166.0,12.1852,42.0,23.9618,1
mylyn,org::eclipse::mylyn::internal::bugzilla::core::history::ResolutionEvent,5.0,2,2,6,11.0,0,14.0,4.0,11,3,58.0,41.0,5.27273,57.0,41.0,5.18182,1.0,41.0,0.0909091,109.0,17.5443,0
mylyn,org::eclipse::mylyn::internal::bugzilla::core::AbstractReportFactory,3.0,14,1,1,20.0,4,85.0,2.0,49,3,523.0,142.0,10.6735,522.0,95.0,10.6531,1.0,47.0,0.0204082,146.857,32.4947,1
mylyn,org::eclipse::mylyn::internal::tasks::core::sync::SynchronizationSession,23.0,6,1,210,24.0,0,68.0,21.0,5,2,69.0,53.0,13.8,45.0,43.0,9.0,24.0,11.0,4.8,41.7143,2.10973,0
mylyn,org::eclipse::mylyn::internal::wikitext::tasks::ui::WikiTextContextUiBridge,22.0,13,2,28,50.0,0,90.0,8.0,1,1,0.0,0.0,0.0,0.0,0.0,0.0,0.0,0.0,0.0,8.0,0.0,0
mylyn,org::eclipse::mylyn::internal::tasks::ui::TaskHistoryHandler,6.0,9,1,1,30.0,0,47.0,2.0,20,3,91.0,41.0,4.55,32.0,5.0,1.6,59.0,36.0,2.95,90.0,37.0958,0
mylyn,org::eclipse::mylyn::internal::bugzilla::ui::action::UpdateAttachmentJob,4.0,16,1,3,37.0,0,96.0,3.0,5,2,70.0,36.0,14.0,54.0,23.0,10.8,16.0,13.0,3.2,13.5714,6.27755,0
mylyn,org::eclipse::mylyn::internal::monitor::ui::ActivityContextManager,29.0,12,1,120,60.0,0,136.0,16.0,24,3,336.0,49.0,14.0,347.0,90.0,14.4583,-11.0,33.0,-0.458333,90.7143,45.8644,0
mylyn,org::eclipse::mylyn::internal::sandbox::ui::views::ActiveSearchView,36.0,26,1,231,117.0,0,212.0,22.0,11,2,55.0,33.0,5.0,55.0,32.0,5.0,0.0,3.0,0.0,48.8571,6.88312,0
mylyn,org::eclipse::mylyn::internal::bugzilla::ui::search::GetQueryDialog,12.0,4,1,45,29.0,0,91.0,10.0,3,1,0.0,0.0,0.0,0.0,0.0,0.0,0.0,0.0,0.0,164.0,0.0,0
mylyn,org::eclipse::mylyn::internal::wikitext::ui::util::css::CompositeSelector,7.0,3,2,6,6.0,0,27.0,4.0,2,1,1.0,1.0,0.5,1.0,1.0,0.5,0.0,0.0,0.0,7.42857,0.571429,0
mylyn,org::eclipse::mylyn::internal::wikitext::ui::util::ImageCache,16.0,5,1,15,24.0,0,56.0,6.0,2,1,1.0,1.0,0.5,1.0,1.0,0.5,0.0,0.0,0.0,24.7143,4.85714,0
mylyn,org::eclipse::mylyn::internal::trac::ui::wizard::TracRepositorySettingsPage,19.0,10,4,45,48.0,0,96.0,10.0,41,3,532.0,90.0,12.9756,439.0,91.0,10.7073,93.0,49.0,2.26829,140.857,34.3161,1
mylyn,org::eclipse::mylyn::internal::monitor::core::collection::InteractionEventSummary,17.0,5,1,105,23.0,0,55.0,15.0,7,2,13.0,5.0,1.85714,13.0,4.0,1.85714,0.0,4.0,0.0,109.857,72.0769,0
mylyn,org::eclipse::mylyn::internal::tasks::ui::editors::SingleSelectionAttributeEditor,20.0,5,2,28,54.0,0,97.0,8.0,19,4,120.0,47.0,6.31579,69.0,25.0,3.63158,51.0,23.0,2.68421,61.2857,35.3595,1
mylyn,org::eclipse::mylyn::internal::wikitext::mediawiki::core::block::ListBlock,50.0,11,3,36,82.0,0,190.0,9.0,3,2,33.0,28.0,11.0,27.0,22.0,9.0,6.0,6.0,2.0,32.7143,3.4026,0
mylyn,org::eclipse::mylyn::internal::team::ui::FocusedTeamExtensionPointReader,3.0,5,1,1,23.0,0,39.0,2.0,12,2,48.0,12.0,4.0,49.0,14.0,4.08333,-1.0,5.0,-0.0833333,92.4286,38.1756,1
mylyn,org::eclipse::mylyn::internal::commons::net::PollingSslProtocolSocketFactory,3.0,4,1,1,11.0,0,15.0,2.0,3,2,5.0,4.0,1.66667,2.0,1.0,0.666667,3.0,3.0,1.0,45.8571,21.6286,0
mylyn,org::eclipse::mylyn::internal::bugzilla::ui::wizard::NewBugzillaTaskWizard,3.0,10,2,3,36.0,0,84.0,3.0,39,3,319.0,106.0,8.17949,338.0,101.0,8.66667,-19.0,22.0,-0.487179,129.857,84.9664,1
mylyn,org::eclipse::mylyn::internal::bugzilla::core::history::BugzillaTaskHistoryParser,44.0,12,1,10,82.0,0,162.0,5.0,14,3,289.0,223.0,20.6429,277.0,223.0,19.7857,12.0,223.0,0.857143,109.0,16.8957,0
mylyn,org::eclipse::mylyn::internal::jira::core::wsdl::beans::RemoteWorklog,84.0,4,1,378,76.0,0,156.0,28.0,4,2,14.0,6.0,3.5,21.0,17.0,5.25,-7.0,4.0,-1.75,77.7143,40.8265,0
mylyn,org::eclipse::mylyn::internal::tasks::ui::PersonProposalLabelProvider,4.0,4,1,3,6.0,0,12.0,3.0,9,2,44.0,33.0,4.88889,40.0,33.0,4.44444,4.0,33.0,0.444444,96.5714,9.33117,0
mylyn,org::eclipse::mylyn::internal::tasks::ui::TaskSearchPage,72.0,20,1,105,151.0,0,405.0,15.0,69,3,776.0,141.0,11.2464,397.0,84.0,5.75362,379.0,115.0,5.49275,133.571,51.8678,1
mylyn,org::eclipse::mylyn::internal::trac::wiki::TracWikiPageHistoryPage,14.0,7,1,45,31.0,0,104.0,10.0,5,2,12.0,6.0,2.4,5.0,2.0,1.0,7.0,4.0,1.4,81.8571,41.7381,0
mylyn,org::eclipse::mylyn::internal::monitor::usage::preferences::UsageDataPreferencePage,13.0,6,1,36,58.0,0,173.0,9.0,15,2,303.0,248.0,20.2,303.0,248.0,20.2,0.0,248.0,0.0,103.571,3.96558,0
mylyn,org::eclipse::mylyn::examples::monitor::study::FeedbackWizard,13.0,6,1,10,32.0,0,111.0,5.0,18,2,54.0,10.0,3.0,51.0,10.0,2.83333,3.0,4.0,0.166667,109.857,36.1534,0
mylyn,org::eclipse::mylyn::internal::jira::core::model::JiraStatus,14.0,9,1,66,14.0,0,45.0,12.0,5,2,15.0,7.0,3.0,2.0,1.0,0.4,13.0,7.0,2.6,49.8571,12.0952,0
mylyn,org::eclipse::mylyn::internal::wikitext::ui::util::css::Stylesheet,4.0,6,1,6,10.0,0,15.0,4.0,2,1,7.0,7.0,3.5,2.0,2.0,1.0,5.0,5.0,2.5,7.42857,0.571429,0
mylyn,org::eclipse::mylyn::internal::wikitext::confluence::core::block::TextBoxBlock,17.0,12,4,10,34.0,0,72.0,5.0,4,2,43.0,20.0,10.75,40.0,18.0,10.0,3.0,2.0,0.75,32.7143,2.75083,0
mylyn,org::eclipse::mylyn::internal::bugzilla::ui::search::BugzillaSearchPage,165.0,27,3,595,415.0,0,1448.0,35.0,130,3,3750.0,444.0,28.8462,3010.0,377.0,23.1538,740.0,332.0,5.69231,164.0,63.7676,1
mylyn,org::eclipse::mylyn::internal::context::ui::actions::OpenPrefsAction,4.0,0,1,6,4.0,0,12.0,4.0,4,1,6.0,4.0,1.5,6.0,4.0,1.5,0.0,3.0,0.0,139.714,91.5714,0
mylyn,org::eclipse::mylyn::internal::tasks::ui::actions::SynchronizeEditorAction,8.0,8,1,3,17.0,0,54.0,3.0,31,3,200.0,95.0,6.45161,203.0,95.0,6.54839,-3.0,95.0,-0.0967742,103.143,23.7707,1
mylyn,org::eclipse::mylyn::internal::java::ui::junit::TaskContextJUnitLaunchConfiguration,1.0,2,1,0,8.0,0,14.0,1.0,9,2,23.0,7.0,2.55556,18.0,6.0,2.0,5.0,5.0,0.555556,92.5714,33.8385,0
mylyn,org::eclipse::mylyn::zest::layouts::exampleUses::SimpleSwingExample,31.0,22,1,105,109.0,0,328.0,15.0,14,2,1033.0,476.0,73.7857,877.0,466.0,62.6429,156.0,85.0,11.1429,184.857,58.9138,0
mylyn,org::eclipse::mylyn::internal::sandbox::ui::planner::InProgressTaskCollector,8.0,4,1,10,18.0,0,39.0,5.0,5,2,17.0,6.0,3.4,12.0,6.0,2.4,5.0,4.0,1.0,46.0,9.45378,0
mylyn,org::eclipse::mylyn::internal::tasks::ui::commands::TaskRepositoryParameterValues,1.0,3,1,0,7.0,0,8.0,1.0,9,2,14.0,4.0,1.55556,12.0,3.0,1.33333,2.0,3.0,0.222222,120.571,64.8775,0
mylyn,org::eclipse::mylyn::internal::java::ui::search::JUnitReferencesProvider,8.0,2,4,6,7.0,0,27.0,4.0,6,2,12.0,4.0,2.0,11.0,4.0,1.83333,1.0,3.0,0.166667,92.4286,48.3095,0
mylyn,org::eclipse::mylyn::context::ui::InterestFilter,25.0,21,1,28,31.0,2,83.0,8.0,37,2,157.0,34.0,4.24324,184.0,44.0,4.97297,-27.0,9.0,-0.72973,139.714,47.5505,0
mylyn,org::eclipse::mylyn::internal::tasks::ui::editors::CommentGroupStrategy,20.0,9,1,6,47.0,0,78.0,4.0,4,1,108.0,75.0,27.0,78.0,54.0,19.5,30.0,21.0,7.5,21.5714,2.56746,0
mylyn,org::eclipse::mylyn::wikitext::core::parser::builder::Messages,2.0,3,1,1,3.0,0,9.0,2.0,2,1,1.0,1.0,0.5,1.0,1.0,0.5,0.0,0.0,0.0,19.8571,2.0,0
mylyn,org::eclipse::mylyn::internal::sandbox::ui::SandboxUiPlugin,19.0,12,1,66,44.0,0,114.0,12.0,17,2,194.0,75.0,11.4118,65.0,17.0,3.82353,129.0,73.0,7.58824,92.0,40.6377,0
mylyn,org::eclipse::mylyn::internal::sandbox::ui::planner::ReminderCellEditor,10.0,4,1,6,18.0,0,50.0,4.0,5,2,12.0,7.0,2.4,7.0,2.0,1.4,5.0,5.0,1.0,46.0,14.8214,0
mylyn,org::eclipse::mylyn::internal::java::ui::search::AbstractJavaRelationProvider,57.0,16,3,66,96.0,5,226.0,12.0,21,2,101.0,32.0,4.80952,90.0,19.0,4.28571,11.0,13.0,0.52381,92.4286,35.5559,0
mylyn,org::eclipse::mylyn::internal::jira::core::wsdl::soap::JirasoapserviceV2SoapBindingStub,727.0,3,2,5886,1266.0,0,7509.0,109.0,8,2,11575.0,5980.0,1446.87,9074.0,5451.0,1134.25,2501.0,1618.0,312.625,110.714,30.3292,0
mylyn,org::eclipse::mylyn::monitor::core::InteractionEvent,59.0,49,1,171,54.0,1,140.0,19.0,16,3,253.0,110.0,15.8125,128.0,55.0,8.0,125.0,98.0,7.8125,110.429,50.926,0
mylyn,org::eclipse::mylyn::internal::tasks::ui::dialogs::UiLegendDialog,11.0,3,1,10,22.0,0,44.0,5.0,4,2,7.0,4.0,1.75,4.0,2.0,1.0,3.0,3.0,0.75,39.5714,18.9388,0
mylyn,org::eclipse::mylyn::internal::tasks::ui::TaskTrimWidget,23.0,11,1,36,64.0,0,220.0,9.0,44,3,480.0,208.0,10.9091,267.0,31.0,6.06818,213.0,180.0,4.84091,93.1429,10.4277,1
mylyn,org::eclipse::mylyn::internal::provisional::commons::ui::AdaptiveRefreshPolicy,11.0,6,1,28,18.0,0,38.0,8.0,5,2,34.0,28.0,6.8,28.0,25.0,5.6,6.0,3.0,1.2,45.8571,22.4958,0
mylyn,org::eclipse::mylyn::internal::tasks::ui::wizards::NewRepositoryWizard,18.0,9,1,28,36.0,0,58.0,8.0,21,3,121.0,73.0,5.7619,52.0,16.0,2.47619,69.0,57.0,3.28571,139.429,85.5714,1
mylyn,org::eclipse::mylyn::internal::tasks::ui::views::TaskListInterestSorter,55.0,10,1,36,35.0,0,135.0,9.0,7,3,37.0,24.0,5.28571,94.0,72.0,13.4286,-57.0,7.0,-8.14286,43.0,6.57143,0
mylyn,org::xplanner::soap::ProjectData,25.0,6,2,45,23.0,0,63.0,10.0,6,2,142.0,138.0,23.6667,154.0,150.0,25.6667,-12.0,0.0,-2.0,93.7143,38.7133,0
mylyn,org::eclipse::mylyn::tasks::ui::TaskRepositoryLocationUiFactory,1.0,4,2,1,3.0,0,3.0,2.0,5,3,9.0,4.0,1.8,3.0,1.0,0.6,6.0,3.0,1.2,72.5714,39.5238,0
mylyn,org::eclipse::mylyn::zest::layouts::LayoutIterationEvent,3.0,0,1,3,3.0,0,9.0,3.0,2,2,1.0,1.0,0.5,1.0,1.0,0.5,0.0,0.0,0.0,184.857,92.7143,0
mylyn,org::eclipse::mylyn::wikitext::mediawiki::core::MediaWikiLanguage,20.0,30,3,28,58.0,0,96.0,8.0,12,2,265.0,90.0,22.0833,254.0,137.0,21.1667,11.0,54.0,0.916667,32.7143,16.393,0
mylyn,org::eclipse::mylyn::jira::tests::util::MockJiraClientFactory,2.0,1,1,1,2.0,0,6.0,2.0,3,2,5.0,4.0,1.66667,2.0,1.0,0.666667,3.0,3.0,1.0,38.1429,11.6,0
mylyn,org::eclipse::mylyn::internal::wikitext::ui::util::css::Block,3.0,3,1,3,3.0,0,10.0,3.0,1,1,0.0,0.0,0.0,0.0,0.0,0.0,0.0,0.0,0.0,7.42857,0.0,0
mylyn,org::eclipse::mylyn::internal::provisional::commons::soap::AxisHttpFault,6.0,2,1,10,11.0,0,26.0,5.0,1,1,0.0,0.0,0.0,0.0,0.0,0.0,0.0,0.0,0.0,13.5714,0.0,0
mylyn,org::eclipse::mylyn::zest::tests::swt::GraphSnippet3,3.0,1,1,0,10.0,0,38.0,1.0,1,1,0.0,0.0,0.0,0.0,0.0,0.0,0.0,0.0,0.0,80.8571,0.0,0
mylyn,org::eclipse::mylyn::internal::tasks::ui::actions::CopyCommentDetailsAction,5.0,2,1,3,8.0,0,25.0,3.0,2,1,3.0,3.0,1.5,3.0,3.0,1.5,0.0,0.0,0.0,6.85714,0.142857,0
mylyn,org::eclipse::mylyn::internal::trac::core::client::TracClientData,0.0,2,1,0,1.0,0,0.0,1.0,4,2,6.0,4.0,1.5,3.0,1.0,0.75,3.0,3.0,0.75,39.5714,15.9524,0
mylyn,org::eclipse::mylyn::internal::context::ui::editors::ContextPageFactory,5.0,2,2,10,7.0,0,15.0,5.0,9,2,16.0,4.0,1.77778,14.0,4.0,1.55556,2.0,3.0,0.222222,46.1429,14.7054,0
mylyn,org::eclipse::mylyn::internal::jira::ui::editor::WorkLogPart,10.0,10,2,15,43.0,0,124.0,6.0,2,1,5.0,5.0,2.5,5.0,5.0,2.5,0.0,0.0,0.0,15.7143,2.14286,1
mylyn,org::eclipse::mylyn::internal::bugzilla::core::BugzillaException,3.0,0,1,1,5.0,0,10.0,2.0,2,2,0.0,0.0,0.0,0.0,0.0,0.0,0.0,0.0,0.0,164.0,0.0,0
mylyn,org::eclipse::mylyn::internal::tasks::core::TaskTask,4.0,14,4,6,4.0,0,14.0,4.0,5,2,12.0,6.0,2.4,3.0,1.0,0.6,9.0,6.0,1.8,45.0,12.9524,0
mylyn,org::eclipse::mylyn::internal::pde::ui::XmlJavaRelationProvider,35.0,16,3,78,74.0,0,230.0,13.0,28,2,203.0,43.0,7.25,184.0,43.0,6.57143,19.0,13.0,0.678571,92.4286,44.696,0
mylyn,org::eclipse::mylyn::internal::context::ui::ActiveViewSelectionDragAdapter,6.0,2,1,15,11.0,0,24.0,6.0,7,2,13.0,4.0,1.85714,11.0,5.0,1.57143,2.0,3.0,0.285714,139.143,58.1099,0
mylyn,org::eclipse::mylyn::internal::java::ui::actions::ShowFilteredChildrenAction,8.0,1,1,6,9.0,0,22.0,4.0,4,1,13.0,7.0,3.25,10.0,9.0,2.5,3.0,3.0,0.75,71.8571,18.4725,0
mylyn,org::eclipse::mylyn::internal::context::ui::ContextUiPlugin,46.0,45,1,378,125.0,0,226.0,28.0,36,3,181.0,32.0,5.02778,315.0,62.0,8.75,-134.0,13.0,-3.72222,48.8571,11.4396,0
mylyn,org::eclipse::mylyn::internal::wikitext::ui::editor::assist::AnchorCompletionProcessor,20.0,9,1,55,34.0,0,90.0,11.0,3,1,2.0,1.0,0.666667,10.0,9.0,3.33333,-8.0,0.0,-2.66667,9.85714,0.714286,0
mylyn,org::eclipse::mylyn::internal::jira::core::wsdl::beans::RemoteStatus,11.0,1,4,15,10.0,0,38.0,6.0,9,2,98.0,70.0,10.8889,108.0,80.0,12.0,-10.0,7.0,-1.11111,110.714,28.2668,0
mylyn,org::eclipse::mylyn::internal::ide::ui::actions::FocusResourceNavigatorAction,15.0,2,3,15,23.0,0,61.0,6.0,16,2,198.0,51.0,12.375,79.0,45.0,4.9375,119.0,51.0,7.4375,114.429,89.9242,0
mylyn,org::eclipse::mylyn::internal::tasks::ui::views::WorkweekProgressBar,17.0,3,1,55,34.0,0,105.0,11.0,13,2,40.0,12.0,3.07692,41.0,10.0,3.15385,-1.0,5.0,-0.0769231,110.571,46.3143,0
mylyn,org::eclipse::mylyn::wikitext::core::parser::util::MatcherAdaper,4.0,1,1,6,7.0,0,12.0,4.0,6,2,6.0,2.0,1.0,5.0,2.0,0.833333,1.0,1.0,0.166667,32.7143,12.4048,0
mylyn,org::eclipse::mylyn::tasks::core::data::TaskAttributeMetaData,20.0,42,1,120,40.0,0,75.0,16.0,10,2,50.0,26.0,5.0,25.0,12.0,2.5,25.0,26.0,2.5,42.4286,2.71143,0
mylyn,org::eclipse::mylyn::internal::context::core::AbstractRelationProvider,18.0,20,2,210,45.0,3,67.0,21.0,6,2,17.0,7.0,2.83333,43.0,32.0,7.16667,-26.0,3.0,-4.33333,44.0,14.4874,0
mylyn,org::eclipse::mylyn::internal::wikitext::core::parser::builder::NoSplittingStrategy,3.0,1,2,6,4.0,0,8.0,4.0,2,2,1.0,1.0,0.5,1.0,1.0,0.5,0.0,0.0,0.0,32.7143,10.0,0
mylyn,org::eclipse::mylyn::wikitext::core::parser::markup::AbstractMarkupLanguage,16.0,11,2,120,34.0,5,60.0,16.0,2,1,21.0,21.0,10.5,51.0,51.0,25.5,-30.0,0.0,-15.0,6.0,0.0,0
mylyn,org::eclipse::mylyn::internal::wikitext::ui::util::css::editor::CssBlockScanner,1.0,5,1,0,16.0,0,8.0,1.0,1,1,0.0,0.0,0.0,0.0,0.0,0.0,0.0,0.0,0.0,6.42857,0.0,0
mylyn,org::eclipse::mylyn::internal::sandbox::ui::editors::ExtensibleBugzillaTaskEditorPage,23.0,7,4,36,52.0,0,172.0,9.0,10,2,258.0,199.0,25.8,57.0,25.0,5.7,201.0,199.0,20.1,39.7143,6.94352,0
mylyn,org::eclipse::mylyn::internal::java::ui::actions::FocusDebugViewAction,3.0,2,2,1,7.0,0,12.0,2.0,8,1,56.0,43.0,7.0,56.0,43.0,7.0,0.0,43.0,0.0,119.0,11.3163,0
mylyn,org::eclipse::mylyn::internal::jira::core::wsdl::beans::AbstractRemoteEntity,18.0,9,1,28,15.0,3,47.0,8.0,9,2,123.0,96.0,13.6667,131.0,104.0,14.5556,-8.0,7.0,-0.888889,110.714,26.7224,0
mylyn,org::eclipse::mylyn::internal::bugzilla::ui::actions::AbstractOfflineReportsAction,2.0,1,1,1,7.0,1,13.0,2.0,3,1,0.0,0.0,0.0,0.0,0.0,0.0,0.0,0.0,0.0,164.0,0.0,0
mylyn,org::eclipse::mylyn::internal::monitor::usage::wizards::UsageSummaryEditorWizardPage,5.0,2,1,10,14.0,0,48.0,5.0,15,2,47.0,9.0,3.13333,36.0,8.0,2.4,11.0,5.0,0.733333,109.857,21.9909,0
mylyn,org::eclipse::mylyn::tasks::ui::editors::TaskEditorInput,29.0,29,1,153,36.0,0,88.0,18.0,32,3,258.0,99.0,8.0625,219.0,98.0,6.84375,39.0,49.0,1.21875,118.714,61.3272,0
mylyn,org::eclipse::mylyn::internal::commons::soap::SoapRequest,10.0,5,1,28,14.0,0,37.0,8.0,1,1,0.0,0.0,0.0,0.0,0.0,0.0,0.0,0.0,0.0,13.5714,0.0,0
mylyn,org::eclipse::mylyn::internal::jira::core::model::filter::PriorityFilter,3.0,3,1,3,4.0,0,12.0,3.0,6,1,10.0,5.0,1.66667,9.0,4.0,1.5,1.0,4.0,0.166667,110.714,58.4571,0
mylyn,org::eclipse::mylyn::commons::net::WebUtil,88.0,42,1,496,196.0,0,389.0,32.0,2,1,0.0,0.0,0.0,0.0,0.0,0.0,0.0,0.0,0.0,45.8571,0.0,0
mylyn,org::xplanner::soap::PersonData,46.0,6,2,120,41.0,0,96.0,16.0,6,2,236.0,232.0,39.3333,262.0,258.0,43.6667,-26.0,0.0,-4.33333,93.7143,38.9413,0
mylyn,org::eclipse::mylyn::internal::wikitext::core::WikiTextPlugin,51.0,16,1,105,140.0,0,260.0,15.0,2,1,1.0,1.0,0.5,1.0,1.0,0.5,0.0,0.0,0.0,9.57143,0.857143,0
mylyn,org::eclipse::mylyn::internal::wikitext::core::parser::builder::SplittingHtmlDocumentBuilder,66.0,15,2,561,159.0,0,309.0,34.0,8,2,117.0,45.0,14.625,92.0,48.0,11.5,25.0,20.0,3.125,32.7143,7.11722,0
mylyn,org::eclipse::mylyn::internal::sandbox::ui::actions::ShowQualifiedNamesAction,3.0,2,1,3,11.0,0,17.0,3.0,5,2,7.0,4.0,1.4,3.0,1.0,0.6,4.0,3.0,0.8,48.8571,18.6122,0
mylyn,org::eclipse::mylyn::monitor::ui::AbstractEditorTracker,8.0,0,2,28,11.0,4,20.0,8.0,5,2,9.0,4.0,1.8,9.0,5.0,1.8,0.0,3.0,0.0,90.7143,37.873,0
mylyn,org::eclipse::mylyn::internal::wikitext::textile::core::block::CodeBlock,13.0,8,3,6,20.0,0,44.0,4.0,3,2,12.0,10.0,4.0,10.0,8.0,3.33333,2.0,2.0,0.666667,32.7143,3.57143,0
mylyn,org::eclipse::mylyn::internal::team::ui::ContextChangeSetDecorator,7.0,2,1,10,8.0,0,21.0,5.0,15,2,24.0,4.0,1.6,28.0,4.0,1.86667,-4.0,3.0,-0.266667,139.143,70.7798,0
mylyn,org::eclipse::mylyn::internal::xplanner::ui::wizard::XPlannerQueryWizardUtils,5.0,7,1,3,14.0,0,32.0,3.0,1,1,0.0,0.0,0.0,0.0,0.0,0.0,0.0,0.0,0.0,6.42857,0.0,1
mylyn,org::eclipse::mylyn::zest::layouts::exampleStructures::SimpleGraph,12.0,2,1,28,26.0,0,46.0,8.0,3,3,5.0,4.0,1.66667,5.0,4.0,1.66667,0.0,0.0,0.0,184.857,76.0286,0
mylyn,org::eclipse::mylyn::internal::jira::core::JiraCorePlugin,11.0,14,1,15,24.0,0,50.0,6.0,27,4,175.0,41.0,6.48148,182.0,53.0,6.74074,-7.0,16.0,-0.259259,110.714,28.2759,0
mylyn,org::eclipse::mylyn::tasks::tests::connector::MockRepositoryQuery,2.0,2,4,1,3.0,0,7.0,2.0,12,3,30.0,8.0,2.5,22.0,5.0,1.83333,8.0,8.0,0.666667,139.143,59.2429,0
mylyn,org::eclipse::mylyn::internal::monitor::usage::MonitorPreferenceConstants,0.0,0,1,0,0.0,0,0.0,0.0,6,2,18.0,11.0,3.0,18.0,11.0,3.0,0.0,3.0,0.0,95.0,22.1349,0
mylyn,org::eclipse::mylyn::internal::bugzilla::core::RepositoryConfigurationFactory,2.0,1,2,1,5.0,0,9.0,2.0,18,2,69.0,16.0,3.83333,153.0,31.0,8.5,-84.0,6.0,-4.66667,148.571,17.2961,0
mylyn,org::eclipse::mylyn::wikitext::core::parser::MarkupParser,12.0,29,1,28,21.0,0,47.0,8.0,6,2,19.0,12.0,3.16667,16.0,10.0,2.66667,3.0,2.0,0.5,32.7143,8.6015,0
mylyn,org::eclipse::mylyn::internal::java::ui::search::JavaWriteAccessProvider,4.0,1,4,6,4.0,0,12.0,4.0,4,2,7.0,4.0,1.75,7.0,4.0,1.75,0.0,3.0,0.0,92.4286,60.1428,0
mylyn,org::eclipse::mylyn::internal::bugzilla::ui::tasklist::BugzillaRepositorySettingsPage,28.0,10,4,36,73.0,0,198.0,9.0,102,3,1624.0,201.0,15.9216,1228.0,161.0,12.0392,396.0,125.0,3.88235,161.857,53.5477,0
mylyn,org::eclipse::mylyn::bugzilla::deprecated::BugzillaAttributeFactory,38.0,3,1,10,89.0,0,103.0,5.0,3,3,4.0,4.0,1.33333,1.0,1.0,0.333333,3.0,3.0,1.0,39.5714,13.0,0
mylyn,org::eclipse::mylyn::zest::layouts::exampleStructures::SimpleNode,45.0,10,2,561,54.0,0,162.0,34.0,7,3,60.0,31.0,8.57143,23.0,15.0,3.28571,37.0,16.0,5.28571,184.857,51.0619,0
mylyn,org::eclipse::mylyn::tasks::core::data::TaskAttachmentModel,13.0,6,1,66,14.0,0,41.0,12.0,5,2,48.0,39.0,9.6,11.0,5.0,2.2,37.0,34.0,7.4,45.7143,2.52381,0
mylyn,org::eclipse::mylyn::internal::tasks::core::Person,3.0,3,3,3,3.0,0,11.0,3.0,6,3,23.0,16.0,3.83333,8.0,2.0,1.33333,15.0,14.0,2.5,79.0,14.2981,0
mylyn,org::eclipse::mylyn::internal::pde::ui::PdeUiBridgePlugin,7.0,4,1,15,14.0,0,24.0,6.0,19,2,126.0,34.0,6.63158,86.0,34.0,4.52632,40.0,18.0,2.10526,92.4286,44.3742,0
mylyn,org::eclipse::mylyn::internal::context::core::DegreeOfSeparation,3.0,3,1,3,3.0,0,10.0,3.0,6,2,9.0,4.0,1.5,11.0,4.0,1.83333,-2.0,2.0,-0.333333,139.714,85.2381,0
mylyn,org::eclipse::mylyn::internal::tasks::ui::actions::ShowTaskRepositoriesViewAction,3.0,1,1,3,4.0,0,8.0,3.0,7,2,41.0,33.0,5.85714,38.0,33.0,5.42857,3.0,33.0,0.428571,103.571,11.5401,0
mylyn,org::eclipse::mylyn::internal::jira::ui::wizards::NewJiraTaskWizard,4.0,4,2,6,9.0,0,18.0,4.0,45,4,206.0,54.0,4.57778,200.0,42.0,4.44444,6.0,39.0,0.133333,143.429,63.2892,0
mylyn,org::eclipse::mylyn::internal::jira::core::model::filter::FilterDefinition,49.0,22,1,561,51.0,0,191.0,34.0,9,2,17.0,6.0,1.88889,51.0,41.0,5.66667,-34.0,4.0,-3.77778,110.714,64.3193,0
mylyn,org::eclipse::mylyn::internal::web::ui::WebPage,7.0,1,2,15,7.0,0,23.0,6.0,6,2,10.0,4.0,1.66667,12.0,5.0,2.0,-2.0,3.0,-0.333333,92.4286,39.4143,0
mylyn,org::eclipse::mylyn::internal::tasks::bugs::PluginRepositoryMapping,5.0,2,1,15,11.0,0,15.0,6.0,5,2,18.0,8.0,3.6,12.0,5.0,2.4,6.0,3.0,1.2,47.5714,23.1429,0
mylyn,org::eclipse::mylyn::internal::web::tasks::WebTaskEditorPageFactory,6.0,5,2,10,10.0,0,18.0,5.0,5,2,8.0,4.0,1.6,5.0,2.0,1.0,3.0,3.0,0.6,40.1429,10.8036,0
mylyn,org::eclipse::mylyn::ide::ui::AbstractMarkerInterestFilter,3.0,6,2,1,9.0,2,13.0,2.0,5,2,46.0,38.0,9.2,40.0,38.0,8.0,6.0,38.0,1.2,43.0,4.6646,0
mylyn,org::eclipse::mylyn::internal::wikitext::tasks::ui::editor::TextileMarkupTaskEditorExtension,1.0,1,3,0,3.0,0,3.0,1.0,2,1,2.0,2.0,1.0,2.0,2.0,1.0,0.0,0.0,0.0,14.7143,7.57143,0
mylyn,org::eclipse::mylyn::internal::jira::ui::editor::Messages,1.0,0,1,0,1.0,0,2.0,1.0,1,1,0.0,0.0,0.0,0.0,0.0,0.0,0.0,0.0,0.0,13.5714,0.0,0
mylyn,org::eclipse::mylyn::internal::tasks::core::RepositoryTemplateManager,7.0,7,1,10,15.0,0,25.0,5.0,3,2,5.0,4.0,1.66667,2.0,1.0,0.666667,3.0,3.0,1.0,49.0,25.9429,0
mylyn,org::eclipse::mylyn::internal::monitor::core::collection::Messages,1.0,0,1,0,2.0,0,3.0,1.0,1,1,0.0,0.0,0.0,0.0,0.0,0.0,0.0,0.0,0.0,19.1429,0.0,0
mylyn,org::eclipse::mylyn::internal::team::ui::AbstractCommitWorkflowProvider,2.0,0,1,1,2.0,1,5.0,2.0,6,2,23.0,10.0,3.83333,21.0,14.0,3.5,2.0,3.0,0.333333,92.4286,32.7391,0
mylyn,org::eclipse::mylyn::internal::sandbox::ui::SharedDataDirectoryManager,7.0,1,1,6,7.0,0,22.0,4.0,11,2,26.0,9.0,2.36364,32.0,15.0,2.90909,-6.0,3.0,-0.545455,92.0,24.0934,0
mylyn,org::eclipse::mylyn::internal::tasks::ui::deprecated::AbstractRepositoryTaskEditorInput,15.0,5,1,120,22.0,1,54.0,16.0,5,2,7.0,4.0,1.4,11.0,9.0,2.2,-4.0,3.0,-0.8,45.2857,12.7551,0
mylyn,org::eclipse::mylyn::internal::tasks::core::DayDateRange,18.0,9,2,15,25.0,0,59.0,6.0,7,2,108.0,84.0,15.4286,102.0,84.0,14.5714,6.0,84.0,0.857143,23.5714,1.58333,0
mylyn,org::eclipse::mylyn::internal::sandbox::ui::SandboxUiPreferencePage,21.0,9,1,105,70.0,0,265.0,15.0,19,2,213.0,67.0,11.2105,134.0,25.0,7.05263,79.0,42.0,4.15789,92.0,20.1932,1
mylyn,org::eclipse::mylyn::internal::tasks::ui::properties::ProjectTaskRepositoryPage,11.0,5,1,15,32.0,0,116.0,6.0,14,2,41.0,11.0,2.92857,44.0,22.0,3.14286,-3.0,6.0,-0.214286,90.4286,38.5261,0
mylyn,org::eclipse::mylyn::internal::tasks::bugs::Messages,1.0,0,1,0,2.0,0,3.0,1.0,3,1,41.0,41.0,13.6667,41.0,41.0,13.6667,0.0,41.0,0.0,14.7143,0.714286,0
mylyn,org::eclipse::mylyn::tasklist::tests::People,7.0,3,1,3,12.0,0,44.0,3.0,2,2,0.0,0.0,0.0,0.0,0.0,0.0,0.0,0.0,0.0,190.571,0.0,0
mylyn,org::eclipse::mylyn::internal::hypertext::ui::editors::WebElementsEditorInput,7.0,1,1,21,7.0,0,21.0,7.0,6,1,4.0,2.0,0.666667,4.0,2.0,0.666667,0.0,0.0,0.0,164.0,1.07143,0
mylyn,org::eclipse::mylyn::commons::net::HtmlStreamTokenizer,96.0,15,1,28,116.0,0,294.0,8.0,2,1,0.0,0.0,0.0,0.0,0.0,0.0,0.0,0.0,0.0,45.8571,0.0,0
mylyn,org::eclipse::mylyn::zest::tests::swt::PaintSnippet,3.0,1,1,0,8.0,0,66.0,1.0,1,1,0.0,0.0,0.0,0.0,0.0,0.0,0.0,0.0,0.0,80.8571,0.0,0
mylyn,org::eclipse::mylyn::internal::trac::core::util::Messages,1.0,0,1,0,2.0,0,3.0,1.0,2,1,10.0,10.0,5.0,11.0,11.0,5.5,-1.0,0.0,-0.5,14.8571,5.42857,0
mylyn,org::eclipse::mylyn::internal::trac::core::model::TracSearchFilter,21.0,9,1,45,14.0,0,55.0,10.0,10,2,27.0,10.0,2.7,27.0,10.0,2.7,0.0,3.0,0.0,133.0,91.746,0
mylyn,org::eclipse::mylyn::internal::wikitext::ui::editor::assist::MultiplexingContentAssistProcessor,15.0,1,1,36,19.0,0,69.0,9.0,4,2,17.0,15.0,4.25,23.0,19.0,5.75,-6.0,0.0,-1.5,32.7143,1.71429,0
mylyn,org::eclipse::mylyn::internal::tasks::ui::wizards::MultiRepositoryAwareWizard,5.0,1,1,10,9.0,2,19.0,5.0,15,3,26.0,5.0,1.73333,27.0,4.0,1.8,-1.0,4.0,-0.0666667,139.571,53.3022,0
mylyn,org::eclipse::mylyn::internal::tasks::ui::views::TableDecoratingLabelProvider,13.0,4,1,3,13.0,0,37.0,3.0,21,3,66.0,8.0,3.14286,66.0,7.0,3.14286,0.0,3.0,0.0,139.571,70.6104,0
mylyn,org::eclipse::mylyn::wikitext::textile::core::Main,2.0,2,2,3,7.0,0,12.0,3.0,3,1,3.0,2.0,1.0,5.0,4.0,1.66667,-2.0,0.0,-0.666667,32.7143,1.71429,0
mylyn,org::eclipse::mylyn::internal::trac::core::client::TracException,1.0,0,1,0,1.0,6,3.0,1.0,4,2,6.0,4.0,1.5,3.0,1.0,0.75,3.0,3.0,0.75,39.5714,15.9524,0
mylyn,org::eclipse::mylyn::internal::context::ui::editors::Messages,1.0,0,1,0,2.0,0,3.0,1.0,5,2,19.0,10.0,3.8,1.0,1.0,0.2,18.0,9.0,3.6,14.8571,5.41353,0
mylyn,org::eclipse::mylyn::internal::wikitext::confluence::core::block::QuoteBlock,10.0,8,3,6,20.0,0,39.0,4.0,3,2,6.0,5.0,2.0,6.0,5.0,2.0,0.0,0.0,0.0,32.7143,3.57143,0
mylyn,org::eclipse::mylyn::internal::tasks::ui::actions::GoUpAction,3.0,1,1,1,6.0,0,11.0,2.0,9,2,24.0,8.0,2.66667,20.0,4.0,2.22222,4.0,7.0,0.444444,139.571,86.3155,0
mylyn,org::eclipse::mylyn::internal::jira::core::model::filter::IssueTypeFilter,6.0,4,1,10,7.0,0,23.0,5.0,6,1,10.0,5.0,1.66667,9.0,4.0,1.5,1.0,4.0,0.166667,110.714,58.4571,0
mylyn,org::eclipse::mylyn::internal::trac::core::model::TracPriority,1.0,4,2,0,1.0,0,3.0,1.0,7,2,9.0,4.0,1.28571,6.0,1.0,0.857143,3.0,3.0,0.428571,133.0,87.1746,0
mylyn,org::eclipse::mylyn::internal::tasks::ui::actions::OpenTaskAction,6.0,3,1,1,13.0,0,25.0,2.0,22,3,41.0,5.0,1.86364,69.0,19.0,3.13636,-28.0,3.0,-1.27273,136.571,58.8537,0
mylyn,org::eclipse::mylyn::internal::provisional::commons::ui::ScreenshotCreationPage,64.0,4,1,253,104.0,0,671.0,23.0,8,2,38.0,19.0,4.75,27.0,18.0,3.375,11.0,5.0,1.375,45.8571,21.9812,1
mylyn,org::eclipse::mylyn::internal::provisional::commons::ui::SubstringPatternFilter,3.0,3,1,1,5.0,0,7.0,2.0,3,2,7.0,5.0,2.33333,3.0,2.0,1.0,4.0,4.0,1.33333,43.5714,20.3469,0
mylyn,org::eclipse::mylyn::internal::context::core::SaxContextWriter,5.0,16,1,6,36.0,0,59.0,4.0,25,2,370.0,202.0,14.8,340.0,202.0,13.6,30.0,202.0,1.2,109.857,26.6598,1
mylyn,org::eclipse::mylyn::internal::bugzilla::ui::search::SaveQueryDialog,8.0,0,1,15,13.0,0,38.0,6.0,3,1,0.0,0.0,0.0,0.0,0.0,0.0,0.0,0.0,0.0,164.0,0.0,0
mylyn,org::eclipse::mylyn::internal::context::ui::views::QuickOutlinePatternAndInterestFilter,10.0,3,1,6,10.0,0,42.0,4.0,8,2,95.0,84.0,11.875,94.0,84.0,11.75,1.0,84.0,0.125,103.571,6.21504,0
mylyn,org::eclipse::mylyn::internal::wikitext::tracwiki::core::token::RevisionLogReplacementToken,3.0,2,2,6,5.0,0,9.0,4.0,1,1,0.0,0.0,0.0,0.0,0.0,0.0,0.0,0.0,0.0,7.14286,0.0,0
mylyn,org::eclipse::mylyn::internal::ide::ant::AntUiBridgePlugin,6.0,4,1,10,12.0,0,20.0,5.0,10,2,53.0,27.0,5.3,29.0,13.0,2.9,24.0,14.0,2.4,92.4286,38.9946,0
mylyn,org::eclipse::mylyn::internal::tasks::ui::TaskListModifyOperation,4.0,7,1,6,9.0,2,33.0,4.0,5,3,15.0,9.0,3.0,5.0,2.0,1.0,10.0,7.0,2.0,45.8571,7.92381,0
mylyn,org::eclipse::mylyn::internal::tasks::ui::deprecated::AbstractNewRepositoryTaskEditor,34.0,12,2,276,84.0,1,346.0,24.0,11,3,26.0,5.0,2.36364,26.0,7.0,2.36364,0.0,4.0,0.0,45.2857,4.64286,0
mylyn,org::eclipse::mylyn::internal::wikitext::confluence::core::block::TableOfContentsBlock,15.0,13,4,36,39.0,0,69.0,9.0,4,2,18.0,11.0,4.5,18.0,12.0,4.5,0.0,1.0,0.0,32.7143,5.6746,0
mylyn,org::eclipse::mylyn::internal::jira::core::service::JiraRedirectException,2.0,2,2,1,2.0,0,7.0,2.0,1,1,0.0,0.0,0.0,0.0,0.0,0.0,0.0,0.0,0.0,13.7143,0.0,0
mylyn,org::eclipse::mylyn::internal::java::ui::ActiveFoldingEditorTracker,10.0,3,3,21,15.0,0,31.0,7.0,6,2,12.0,5.0,2.0,9.0,4.0,1.5,3.0,4.0,0.5,92.4286,40.6429,0
mylyn,org::eclipse::mylyn::internal::tasks::ui::editors::TaskEditorRichTextPart,34.0,18,2,78,88.0,2,191.0,13.0,26,2,421.0,81.0,16.1923,239.0,81.0,9.19231,182.0,81.0,7.0,57.2857,23.6295,1
mylyn,org::eclipse::mylyn::internal::web::ui::WebNavigatorLabelProvider,10.0,1,1,36,10.0,0,32.0,9.0,7,2,12.0,4.0,1.71429,25.0,13.0,3.57143,-13.0,0.0,-1.85714,93.7143,31.131,0
mylyn,org::eclipse::mylyn::internal::tasks::bugs::DefaultTaskContributor,17.0,8,2,10,49.0,0,86.0,5.0,11,2,209.0,74.0,19.0,95.0,21.0,8.63636,114.0,55.0,10.3636,47.5714,12.9016,1
mylyn,org::eclipse::mylyn::internal::ide::ui::actions::FocusTaskMarkersViewAction,1.0,0,3,0,1.0,0,3.0,1.0,16,2,88.0,32.0,5.5,131.0,52.0,8.1875,-43.0,5.0,-2.6875,94.2857,31.0812,0
mylyn,org::eclipse::mylyn::internal::jira::core::wsdl::beans::RemoteAttachment,46.0,4,2,120,43.0,0,93.0,16.0,4,2,14.0,6.0,3.5,21.0,17.0,5.25,-7.0,4.0,-1.75,77.7143,40.8265,0
mylyn,org::eclipse::mylyn::internal::commons::net::CommonsNetPlugin,14.0,10,1,28,21.0,0,43.0,8.0,2,1,0.0,0.0,0.0,0.0,0.0,0.0,0.0,0.0,0.0,45.8571,0.0,0
mylyn,org::eclipse::mylyn::internal::jira::core::model::filter::ProjectFilter,3.0,6,1,3,4.0,0,9.0,3.0,8,2,32.0,10.0,4.0,22.0,7.0,2.75,10.0,8.0,1.25,110.714,81.2679,0
mylyn,org::eclipse::mylyn::internal::tasks::ui::editors::TaskSpellingReconcileStrategy,7.0,1,1,21,14.0,0,25.0,7.0,16,3,37.0,9.0,2.3125,29.0,11.0,1.8125,8.0,4.0,0.5,133.571,64.4131,0
mylyn,org::eclipse::mylyn::internal::tasks::ui::actions::NextTaskDropDownAction,3.0,0,1,3,4.0,0,29.0,3.0,2,2,0.0,0.0,0.0,0.0,0.0,0.0,0.0,0.0,0.0,139.571,0.0,0
mylyn,org::eclipse::mylyn::internal::team::ui::FocusedTeamUiPlugin,16.0,15,1,66,29.0,0,69.0,12.0,16,2,57.0,15.0,3.5625,42.0,7.0,2.625,15.0,11.0,0.9375,92.4286,45.3183,1
mylyn,org::eclipse::mylyn::internal::monitor::ui::MenuCommandMonitor,13.0,5,1,1,20.0,0,64.0,2.0,12,2,29.0,8.0,2.41667,34.0,11.0,2.83333,-5.0,6.0,-0.416667,90.7143,45.3251,0
mylyn,org::eclipse::mylyn::internal::tasks::core::data::TaskDataStore,12.0,12,1,36,52.0,0,77.0,9.0,13,2,77.0,21.0,5.92308,31.0,11.0,2.38462,46.0,19.0,3.53846,46.5714,5.3859,0
mylyn,org::eclipse::mylyn::internal::sandbox::ui::planner::OpenTaskEditorAction,3.0,2,1,1,5.0,0,13.0,2.0,5,2,10.0,5.0,2.0,10.0,5.0,2.0,0.0,3.0,0.0,46.0,14.0143,0
mylyn,org::eclipse::mylyn::internal::tasks::ui::actions::OpenTaskListElementAction,8.0,5,1,3,11.0,0,26.0,3.0,23,3,87.0,11.0,3.78261,61.0,5.0,2.65217,26.0,8.0,1.13043,139.571,69.3202,0
mylyn,org::eclipse::mylyn::internal::tasks::ui::MoveToCategoryMenuContributor,8.0,10,1,6,30.0,0,69.0,4.0,38,3,196.0,36.0,5.15789,139.0,17.0,3.65789,57.0,28.0,1.5,139.571,48.4912,0
mylyn,org::eclipse::mylyn::internal::tasks::ui::editors::AbstractHyperlinkTextPresentationManager,23.0,5,1,45,36.0,2,79.0,10.0,3,1,5.0,4.0,1.66667,3.0,2.0,1.0,2.0,2.0,0.666667,22.5714,0.742857,0
mylyn,org::eclipse::mylyn::resources::ui::FocusCommonNavigatorAction,34.0,8,3,36,64.0,1,165.0,9.0,8,2,121.0,71.0,15.125,15.0,6.0,1.875,106.0,68.0,13.25,43.5714,39.0697,0
mylyn,org::eclipse::mylyn::internal::wikitext::core::parser::builder::SplitOutlineItem,11.0,7,2,15,24.0,0,55.0,6.0,5,2,15.0,13.0,3.0,14.0,11.0,2.8,1.0,2.0,0.2,32.7143,3.94286,0
mylyn,org::eclipse::mylyn::internal::monitor::usage::wizards::UsageSubmissionWizard,41.0,27,1,190,182.0,0,527.0,20.0,23,3,376.0,92.0,16.3478,260.0,67.0,11.3043,116.0,83.0,5.04348,109.857,20.6527,0
mylyn,org::eclipse::mylyn::internal::tasks::ui::search::SearchResultsLabelProvider,7.0,3,2,1,8.0,0,31.0,2.0,7,2,42.0,25.0,6.0,11.0,3.0,1.57143,31.0,22.0,4.42857,60.8571,22.5714,1
mylyn,org::eclipse::mylyn::internal::tasks::ui::deprecated::NewTaskEditorInput,5.0,2,3,6,11.0,0,20.0,4.0,4,2,5.0,4.0,1.25,7.0,6.0,1.75,-2.0,3.0,-0.5,45.2857,16.2571,0
mylyn,org::eclipse::mylyn::internal::wikitext::mediawiki::core::token::ImageReplacementToken,3.0,2,2,6,5.0,0,9.0,4.0,3,2,14.0,10.0,4.66667,14.0,10.0,4.66667,0.0,0.0,0.0,32.7143,9.67347,1
mylyn,org::eclipse::mylyn::internal::bugzilla::ui::search::BugzillaSearchHit,22.0,0,1,231,22.0,0,75.0,22.0,3,2,0.0,0.0,0.0,0.0,0.0,0.0,0.0,0.0,0.0,148.571,0.0,0
mylyn,org::eclipse::mylyn::bugzilla::deprecated::NewBugzillaTaskEditor,21.0,10,3,36,72.0,0,180.0,9.0,3,3,5.0,5.0,1.66667,1.0,1.0,0.333333,4.0,4.0,1.33333,39.5714,13.0,0
mylyn,org::eclipse::mylyn::zest::tests::swt::GraphSnippet2,3.0,1,1,0,9.0,0,32.0,1.0,1,1,0.0,0.0,0.0,0.0,0.0,0.0,0.0,0.0,0.0,80.8571,0.0,0
mylyn,org::eclipse::mylyn::internal::jira::core::JiraRepositoryConnector,81.0,44,2,496,227.0,0,374.0,32.0,20,3,261.0,149.0,13.05,180.0,63.0,9.0,81.0,89.0,4.05,120.857,7.02682,0
mylyn,org::eclipse::mylyn::internal::sandbox::misc::PassiveTimer,2.0,1,1,1,4.0,0,8.0,2.0,2,1,0.0,0.0,0.0,0.0,0.0,0.0,0.0,0.0,0.0,164.0,0.0,0
mylyn,org::eclipse::mylyn::internal::wikitext::ui::editor::syntax::Block,11.0,7,1,21,29.0,0,58.0,7.0,5,2,24.0,12.0,4.8,24.0,12.0,4.8,0.0,2.0,0.0,32.7143,7.60119,0
mylyn,org::eclipse::mylyn::tasks::core::data::TaskAttachmentPartSource,4.0,5,1,6,9.0,0,18.0,4.0,2,1,2.0,2.0,1.0,2.0,2.0,1.0,0.0,0.0,0.0,19.4286,5.14286,0
mylyn,org::eclipse::mylyn::zest::core::viewers::internal::GraphModelEntityRelationshipFactory,13.0,3,2,21,29.0,0,45.0,7.0,3,1,17.0,9.0,5.66667,16.0,8.0,5.33333,1.0,1.0,0.333333,103.714,5.52101,0
mylyn,org::eclipse::mylyn::internal::wikitext::core::util::Messages,2.0,2,1,1,3.0,0,9.0,2.0,2,1,1.0,1.0,0.5,1.0,1.0,0.5,0.0,0.0,0.0,19.8571,2.0,0
mylyn,org::eclipse::mylyn::internal::bugzilla::core::history::StatusEvent,3.0,1,2,3,8.0,0,11.0,3.0,11,3,52.0,36.0,4.72727,49.0,36.0,4.45455,3.0,36.0,0.272727,109.0,17.3269,0
mylyn,org::eclipse::mylyn::tasks::core::data::TaskOperation,20.0,12,1,78,39.0,0,82.0,13.0,13,2,146.0,67.0,11.2308,53.0,20.0,4.07692,93.0,47.0,7.15385,47.1429,5.21037,0
mylyn,org::eclipse::mylyn::internal::sandbox::ui::highlighters::Highlighter,41.0,14,1,210,69.0,0,186.0,21.0,3,2,5.0,4.0,1.66667,2.0,1.0,0.666667,3.0,3.0,1.0,43.5714,20.5143,0
mylyn,org::eclipse::mylyn::internal::bugzilla::core::Messages,1.0,0,1,0,2.0,0,3.0,1.0,5,2,18.0,18.0,3.6,14.0,8.0,2.8,4.0,18.0,0.8,13.1429,0.142857,0
mylyn,org::eclipse::mylyn::internal::xplanner::core::XPlannerCorePlugin,15.0,10,1,36,31.0,0,75.0,9.0,1,1,0.0,0.0,0.0,0.0,0.0,0.0,0.0,0.0,0.0,6.42857,0.0,1
mylyn,org::eclipse::mylyn::internal::ide::ant::AntUiBridge,18.0,9,2,28,43.0,0,115.0,8.0,12,2,54.0,12.0,4.5,57.0,14.0,4.75,-3.0,2.0,-0.25,92.4286,38.1481,0
mylyn,org::eclipse::mylyn::internal::wikitext::ui::util::css::editor::CssPartitioner,1.0,2,1,0,2.0,0,4.0,1.0,1,1,0.0,0.0,0.0,0.0,0.0,0.0,0.0,0.0,0.0,6.42857,0.0,0
mylyn,org::eclipse::mylyn::internal::sandbox::ui::editors::ExtensibleTaskEditorNewCommentPart,4.0,5,4,1,9.0,0,6.0,2.0,9,2,38.0,18.0,4.22222,57.0,41.0,6.33333,-19.0,17.0,-2.11111,37.5714,5.47368,0
mylyn,org::eclipse::mylyn::internal::bugzilla::ui::BugzillaTaskHyperlinkDetector,10.0,5,1,3,26.0,0,48.0,3.0,21,2,173.0,69.0,8.2381,172.0,90.0,8.19048,1.0,69.0,0.047619,154.143,50.9711,0
mylyn,org::eclipse::mylyn::internal::wikitext::core::validation::ValidationRules,7.0,3,1,10,15.0,0,24.0,5.0,5,2,11.0,5.0,2.2,7.0,4.0,1.4,4.0,5.0,0.8,32.7143,13.026,0
mylyn,org::eclipse::mylyn::internal::bugzilla::ui::search::BugzillaStateSearchSorter,8.0,2,1,1,12.0,0,53.0,2.0,7,2,15.0,6.0,2.14286,17.0,8.0,2.42857,-2.0,3.0,-0.285714,148.571,82.3333,0
mylyn,org::eclipse::mylyn::internal::java::ui::editor::FocusedJavaAllProposalComputer,17.0,2,1,15,28.0,0,97.0,6.0,1,1,0.0,0.0,0.0,0.0,0.0,0.0,0.0,0.0,0.0,1.71429,0.0,0
mylyn,org::eclipse::mylyn::wikitext::core::parser::builder::NoOpDocumentBuilder,16.0,1,2,136,17.0,0,64.0,17.0,1,1,0.0,0.0,0.0,0.0,0.0,0.0,0.0,0.0,0.0,5.85714,0.0,0
mylyn,org::eclipse::mylyn::internal::wikitext::tasks::ui::editor::TracWikiMarkupTaskEditorExtension,9.0,6,3,10,20.0,0,36.0,5.0,3,1,90.0,84.0,30.0,5.0,4.0,1.66667,85.0,83.0,28.3333,14.7143,10.9048,0
mylyn,org::eclipse::mylyn::internal::tasks::ui::commands::GoToUnreadTaskHandler,6.0,6,2,10,14.0,2,34.0,5.0,8,2,16.0,4.0,2.0,14.0,3.0,1.75,2.0,3.0,0.25,44.0,14.5357,0
mylyn,org::eclipse::mylyn::internal::jira::core::service::web::rss::JiraRssHandler,156.0,26,1,78,285.0,0,512.0,13.0,11,2,57.0,16.0,5.18182,46.0,16.0,4.18182,11.0,6.0,1.0,54.0,24.6892,1
mylyn,org::eclipse::mylyn::internal::wikitext::ui::viewer::CssStyleManager,48.0,14,1,91,77.0,0,195.0,14.0,17,2,860.0,302.0,50.5882,677.0,192.0,39.8235,183.0,192.0,10.7647,32.7143,14.251,0
mylyn,org::eclipse::mylyn::wikitext::core::parser::util::MarkupToDocbook,5.0,6,1,15,15.0,0,35.0,6.0,7,2,9.0,3.0,1.28571,7.0,4.0,1.0,2.0,2.0,0.285714,32.7143,15.3333,0
mylyn,org::eclipse::mylyn::internal::tasks::core::RepositoryTaskHandleUtil,8.0,9,1,6,12.0,0,30.0,4.0,12,2,28.0,10.0,2.33333,26.0,4.0,2.16667,2.0,6.0,0.166667,109.429,39.1327,0
mylyn,org::eclipse::mylyn::internal::tasks::ui::util::TaskActivityTimer,19.0,2,1,136,38.0,0,71.0,17.0,3,2,2.0,2.0,0.666667,2.0,2.0,0.666667,0.0,0.0,0.0,139.571,2.85714,0
mylyn,org::eclipse::mylyn::internal::tasks::bugs::actions::Messages,1.0,0,1,0,2.0,0,3.0,1.0,3,1,47.0,47.0,15.6667,47.0,47.0,15.6667,0.0,47.0,0.0,14.7143,0.714286,0
mylyn,org::eclipse::mylyn::internal::tasks::ui::commands::AddTaskRepositoryHandler,4.0,2,1,0,8.0,0,18.0,1.0,16,3,82.0,47.0,5.125,71.0,44.0,4.4375,11.0,40.0,0.6875,120.571,51.0174,0
mylyn,org::eclipse::mylyn::tasks::core::AbstractRepositoryConnector,19.0,74,1,351,41.0,7,72.0,27.0,116,3,1274.0,89.0,10.9828,1155.0,340.0,9.9569,119.0,70.0,1.02586,133.571,55.4298,0
mylyn,org::eclipse::mylyn::internal::wikitext::twiki::core::block::ParagraphBlock,10.0,6,3,6,18.0,0,41.0,4.0,2,1,1.0,1.0,0.5,1.0,1.0,0.5,0.0,0.0,0.0,23.8571,9.14286,0
mylyn,org::eclipse::mylyn::internal::trac::ui::editor::TracPeoplePart,15.0,8,2,6,44.0,0,65.0,4.0,5,2,10.0,4.0,2.0,7.0,4.0,1.4,3.0,3.0,0.6,39.5714,19.4571,0
mylyn,org::eclipse::mylyn::internal::monitor::core::collection::PercentUsageComparator,3.0,3,1,1,6.0,0,11.0,2.0,5,2,9.0,5.0,1.8,8.0,5.0,1.6,1.0,4.0,0.2,109.857,63.8095,0
mylyn,org::eclipse::mylyn::internal::wikitext::ui::editor::syntax::MarkupDocumentProvider,13.0,5,1,45,25.0,0,53.0,10.0,8,2,120.0,70.0,15.0,56.0,34.0,7.0,64.0,36.0,8.0,32.7143,7.68214,0
mylyn,org::eclipse::mylyn::wikitext::core::util::ServiceLocator,17.0,19,1,6,54.0,1,99.0,4.0,8,2,62.0,23.0,7.75,27.0,11.0,3.375,35.0,15.0,4.375,32.7143,11.8018,0
mylyn,org::eclipse::mylyn::internal::monitor::ui::BrowserMonitor,25.0,6,2,120,37.0,0,71.0,16.0,11,2,25.0,7.0,2.27273,21.0,5.0,1.90909,4.0,3.0,0.363636,90.7143,43.76,1
mylyn,org::eclipse::mylyn::zest::core::widgets::internal::AspectRatioFreeformLayer,32.0,10,1,55,64.0,0,166.0,11.0,3,1,10.0,6.0,3.33333,1.0,1.0,0.333333,9.0,5.0,3.0,83.7143,1.68571,0
mylyn,org::eclipse::mylyn::internal::java::ui::actions::FocusPackageExplorerAction,23.0,5,3,15,36.0,0,106.0,6.0,17,2,194.0,97.0,11.4118,174.0,97.0,10.2353,20.0,97.0,1.17647,119.0,24.3859,0
mylyn,org::eclipse::mylyn::bugzilla::deprecated::BugzillaTaskEditorInput,7.0,3,3,21,9.0,0,25.0,7.0,4,3,17.0,11.0,4.25,19.0,15.0,4.75,-2.0,2.0,-0.5,39.5714,4.58824,0
mylyn,org::eclipse::mylyn::internal::jira::core::model::User,7.0,2,1,28,8.0,0,21.0,8.0,8,2,12.0,4.0,1.5,17.0,6.0,2.125,-5.0,2.0,-0.625,110.714,50.8809,0
mylyn,org::eclipse::mylyn::internal::wikitext::twiki::core::phrase::SimplePhraseModifier,1.0,0,3,0,1.0,0,3.0,1.0,1,1,0.0,0.0,0.0,0.0,0.0,0.0,0.0,0.0,0.0,23.8571,0.0,0
mylyn,org::eclipse::mylyn::internal::tasks::ui::TasksUiPlugin,112.0,259,1,2080,260.0,0,685.0,65.0,117,3,1036.0,104.0,8.8547,1055.0,255.0,9.01709,-19.0,64.0,-0.162393,48.5714,11.1958,1
mylyn,org::eclipse::mylyn::internal::commons::ui::CompositeSyncImageDescriptor,6.0,1,1,6,10.0,0,23.0,4.0,2,1,4.0,4.0,2.0,1.0,1.0,0.5,3.0,3.0,1.5,45.8571,19.2857,0
mylyn,org::eclipse::mylyn::internal::wikitext::ui::editor::commands::Messages,2.0,2,1,1,3.0,0,9.0,2.0,2,1,1.0,1.0,0.5,1.0,1.0,0.5,0.0,0.0,0.0,19.8571,2.0,1
mylyn,org::eclipse::mylyn::internal::xplanner::core::service::XPlannerClient,0.0,6,3,105,15.0,1,0.0,15.0,1,1,0.0,0.0,0.0,0.0,0.0,0.0,0.0,0.0,0.0,6.42857,0.0,0
mylyn,org::eclipse::mylyn::internal::tasks::ui::wizards::NewWebTaskPage,2.0,1,1,1,5.0,0,15.0,2.0,12,2,23.0,5.0,1.91667,18.0,5.0,1.5,5.0,4.0,0.416667,137.714,95.7143,0
mylyn,org::eclipse::mylyn::internal::tasks::bugs::wizards::ErrorLogStatus,7.0,2,1,21,8.0,0,23.0,7.0,7,2,66.0,56.0,9.42857,60.0,56.0,8.57143,6.0,56.0,0.857143,40.8571,2.84416,0
mylyn,org::eclipse::mylyn::internal::ide::ui::MarkerInterestFilter,13.0,7,3,3,24.0,0,46.0,3.0,30,2,164.0,37.0,5.46667,180.0,31.0,6.0,-16.0,18.0,-0.533333,154.714,108.163,0
mylyn,org::eclipse::mylyn::internal::tasks::ui::actions::PresentationDropDownSelectionAction,14.0,5,1,10,42.0,0,79.0,5.0,19,3,201.0,106.0,10.5789,163.0,106.0,8.57895,38.0,106.0,2.0,104.0,22.462,0
mylyn,org::eclipse::mylyn::internal::wikitext::mediawiki::core::token::HyperlinkExternalReplacementToken,3.0,1,2,6,5.0,0,9.0,4.0,3,2,2.0,1.0,0.666667,2.0,1.0,0.666667,0.0,0.0,0.0,32.7143,7.28571,0
mylyn,org::eclipse::mylyn::internal::ide::ui::XmlNodeHelper,10.0,8,1,21,19.0,0,45.0,7.0,9,2,263.0,237.0,29.2222,261.0,237.0,29.0,2.0,237.0,0.222222,43.7143,4.70994,0
mylyn,org::eclipse::mylyn::internal::jira::ui::JiraImages,7.0,3,1,6,19.0,0,34.0,4.0,14,2,44.0,10.0,3.14286,36.0,10.0,2.57143,8.0,8.0,0.571429,161.0,89.9318,0
mylyn,org::eclipse::mylyn::internal::bugzilla::ui::action::BugzillaUpdateAttachmentAction,8.0,4,1,6,17.0,2,67.0,4.0,5,2,57.0,40.0,11.4,16.0,13.0,3.2,41.0,27.0,8.2,13.5714,3.89474,0
mylyn,org::eclipse::mylyn::internal::wikitext::tracwiki::core::phrase::DeletedPhraseModifier,2.0,2,4,1,3.0,0,6.0,2.0,2,1,1.0,1.0,0.5,1.0,1.0,0.5,0.0,0.0,0.0,6.14286,1.57143,0
mylyn,org::eclipse::mylyn::internal::sandbox::ui::editors::EditorStyleContributionItem,3.0,3,1,3,11.0,0,12.0,3.0,6,2,52.0,43.0,8.66667,59.0,56.0,9.83333,-7.0,43.0,-1.16667,37.5714,8.31868,0
mylyn,org::eclipse::mylyn::wikitext::ui::viewer::AbstractTextSourceViewerConfiguration,18.0,6,1,15,32.0,2,66.0,6.0,1,1,0.0,0.0,0.0,0.0,0.0,0.0,0.0,0.0,0.0,3.57143,0.0,0
mylyn,org::eclipse::mylyn::internal::wikitext::ui::editor::actions::Messages,3.0,4,1,3,4.0,0,12.0,3.0,4,1,6.0,4.0,1.5,2.0,1.0,0.5,4.0,4.0,1.0,19.8571,9.42857,1
mylyn,org::eclipse::mylyn::internal::web::ui::WebSiteNavigatorActionProvider,8.0,0,1,6,13.0,0,30.0,4.0,10,2,14.0,4.0,1.4,50.0,39.0,5.0,-36.0,3.0,-3.6,145.857,75.2347,0
mylyn,org::eclipse::mylyn::internal::team::ui::LinkedTaskInfoAdapterFactory,24.0,6,1,15,28.0,0,89.0,6.0,11,2,27.0,11.0,2.45455,89.0,64.0,8.09091,-62.0,3.0,-5.63636,92.4286,42.2275,0
mylyn,org::eclipse::mylyn::internal::monitor::ui::ActivityChangeMonitor,2.0,4,1,1,8.0,0,9.0,2.0,6,2,8.0,4.0,1.33333,9.0,4.0,1.5,-1.0,3.0,-0.166667,90.7143,60.2679,0
mylyn,org::eclipse::mylyn::internal::jira::core::model::JiraAction,3.0,3,1,3,3.0,0,10.0,3.0,2,2,4.0,4.0,2.0,1.0,1.0,0.5,3.0,3.0,1.5,46.7143,20.1429,0
mylyn,org::eclipse::mylyn::internal::tasks::ui::editors::TaskEditorInputFactory,5.0,7,1,1,20.0,0,24.0,2.0,25,3,65.0,12.0,2.6,52.0,10.0,2.08,13.0,11.0,0.52,126.714,61.3231,0
mylyn,org::eclipse::mylyn::internal::sandbox::bridge::bugs::BugzillaContextLabelProvider,4.0,2,2,6,6.0,0,12.0,4.0,22,2,55.0,8.0,2.5,56.0,8.0,2.54545,-1.0,2.0,-0.0454545,140.857,50.1247,0
mylyn,org::eclipse::mylyn::internal::team::ccvs::CvsChangeSetResourceMappingAdapterFactory,4.0,1,1,1,4.0,0,11.0,2.0,2,1,1.0,1.0,0.5,2.0,2.0,1.0,-1.0,0.0,-0.5,47.5714,6.71429,0
mylyn,org::eclipse::mylyn::internal::wikitext::mediawiki::core::phrase::EscapePhraseModifier,3.0,1,2,6,5.0,0,10.0,4.0,3,2,6.0,4.0,2.0,10.0,8.0,3.33333,-4.0,0.0,-1.33333,32.7143,5.42857,0
mylyn,org::eclipse::mylyn::internal::team::ui::preferences::Messages,1.0,0,1,0,2.0,0,3.0,1.0,1,1,0.0,0.0,0.0,0.0,0.0,0.0,0.0,0.0,0.0,14.8571,0.0,0
mylyn,org::eclipse::mylyn::internal::context::ui::actions::FocusOutlineAction,15.0,10,2,15,32.0,0,60.0,6.0,11,2,23.0,6.0,2.09091,20.0,5.0,1.81818,3.0,3.0,0.272727,119.0,59.2547,0
mylyn,org::eclipse::mylyn::internal::context::ui::actions::ContextClearAction,4.0,6,2,3,10.0,0,22.0,3.0,32,3,97.0,14.0,3.03125,84.0,14.0,2.625,13.0,10.0,0.40625,139.714,64.2945,0
mylyn,org::eclipse::mylyn::zest::core::viewers::internal::AbstractStylingModelFactory,51.0,9,1,276,112.0,3,219.0,24.0,8,1,118.0,39.0,14.75,92.0,36.0,11.5,26.0,16.0,3.25,103.714,3.81114,0
mylyn,org::eclipse::mylyn::tasks::core::sync::TaskJob,1.0,4,1,1,2.0,2,3.0,2.0,6,3,14.0,7.0,2.33333,4.0,1.0,0.666667,10.0,7.0,1.66667,45.8571,12.0816,0
mylyn,org::eclipse::mylyn::internal::tasklist::BugzillaReportElement,5.0,0,1,10,5.0,0,18.0,5.0,3,2,0.0,0.0,0.0,0.0,0.0,0.0,0.0,0.0,0.0,145.571,0.0,0
mylyn,org::eclipse::mylyn::internal::trac::core::model::TracWikiPage,12.0,11,1,28,12.0,0,32.0,8.0,5,2,22.0,16.0,4.4,5.0,2.0,1.0,17.0,14.0,3.4,85.4286,18.7273,0
mylyn,org::eclipse::mylyn::internal::sandbox::bridge::bugs::BugzillaEditingMonitor,6.0,0,2,1,4.0,0,16.0,2.0,16,3,32.0,5.0,2.0,30.0,5.0,1.875,2.0,3.0,0.125,140.857,49.8259,0
mylyn,org::eclipse::mylyn::internal::wikitext::tracwiki::core::block::PreformattedBlock,9.0,6,3,6,18.0,0,30.0,4.0,5,2,16.0,7.0,3.2,12.0,6.0,2.4,4.0,3.0,0.8,32.7143,13.5357,0
mylyn,org::eclipse::mylyn::internal::tasks::ui::actions::RenameAction,6.0,2,1,3,11.0,0,25.0,3.0,17,3,71.0,14.0,4.17647,45.0,5.0,2.64706,26.0,10.0,1.52941,139.571,62.5573,0
mylyn,org::eclipse::mylyn::internal::bugzilla::core::BugzillaStatus,17.0,3,1,6,25.0,0,54.0,4.0,17,3,186.0,110.0,10.9412,185.0,110.0,10.8824,1.0,110.0,0.0588235,97.1429,13.8733,0
mylyn,org::eclipse::mylyn::internal::tasks::ui::actions::NewTaskAction,14.0,15,1,36,59.0,0,110.0,9.0,24,3,385.0,136.0,16.0417,221.0,130.0,9.20833,164.0,135.0,6.83333,91.8571,54.7195,0
mylyn,org::eclipse::mylyn::zest::tests::uml::CompartmentFigure,1.0,3,1,0,8.0,0,8.0,1.0,1,1,0.0,0.0,0.0,0.0,0.0,0.0,0.0,0.0,0.0,80.8571,0.0,0
mylyn,org::eclipse::mylyn::internal::monitor::usage::WebBrowserDialog,1.0,0,1,1,2.0,0,6.0,2.0,6,2,11.0,4.0,1.83333,10.0,5.0,1.66667,1.0,3.0,0.166667,109.857,59.7532,0
mylyn,org::eclipse::mylyn::internal::tasks::ui::commands::AbstractTaskListViewHandler,1.0,0,1,0,1.0,6,2.0,1.0,8,2,17.0,4.0,2.125,14.0,4.0,1.75,3.0,3.0,0.375,46.0,8.42857,0
mylyn,org::eclipse::mylyn::wikitext::ui::commands::ConvertMarkupToDocbook,2.0,9,2,0,31.0,0,62.0,1.0,5,2,25.0,12.0,5.0,21.0,11.0,4.2,4.0,2.0,0.8,32.7143,8.36571,1
mylyn,org::eclipse::mylyn::internal::tasks::ui::actions::ShowInTaskListAction,4.0,2,1,1,8.0,0,13.0,2.0,8,3,14.0,4.0,1.75,9.0,2.0,1.125,5.0,3.0,0.625,91.8571,51.8163,0
mylyn,org::eclipse::mylyn::monitor::ui::AbstractUserInteractionMonitor,25.0,25,1,28,52.0,11,78.0,8.0,24,2,185.0,56.0,7.70833,135.0,29.0,5.625,50.0,27.0,2.08333,110.429,50.7398,0
mylyn,org::eclipse::mylyn::zest::layouts::dataStructures::DisplayIndependentPoint,12.0,1,1,15,9.0,1,32.0,6.0,3,2,43.0,42.0,14.3333,1.0,1.0,0.333333,42.0,42.0,14.0,184.857,46.1096,0
mylyn,org::eclipse::mylyn::internal::pde::ui::PdeEditingMonitor,29.0,5,2,10,54.0,0,142.0,5.0,21,2,164.0,38.0,7.80952,137.0,38.0,6.52381,27.0,15.0,1.28571,92.4286,40.6185,0
mylyn,org::eclipse::mylyn::internal::bugzilla::core::NewBugzillaTaskData,19.0,0,1,171,21.0,0,57.0,19.0,2,2,0.0,0.0,0.0,0.0,0.0,0.0,0.0,0.0,0.0,118.714,0.0,0
mylyn,org::eclipse::mylyn::internal::web::tasks::Util,4.0,3,1,1,3.0,0,6.0,2.0,5,1,7.0,4.0,1.4,4.0,1.0,0.8,3.0,3.0,0.6,92.4286,48.0204,0
mylyn,org::eclipse::mylyn::internal::context::ui::DoiOrderSorter,1.0,3,1,1,3.0,0,3.0,2.0,4,1,8.0,4.0,2.0,8.0,5.0,2.0,0.0,3.0,0.0,139.143,80.2143,0
mylyn,org::eclipse::mylyn::tasks::ui::TasksUi,7.0,147,1,21,15.0,0,21.0,7.0,34,3,266.0,108.0,7.82353,445.0,197.0,13.0882,-179.0,27.0,-5.26471,49.1429,5.40333,0
mylyn,org::eclipse::mylyn::internal::jira::core::JiraTaskMapper,11.0,8,2,15,28.0,0,33.0,6.0,2,2,7.0,7.0,3.5,1.0,1.0,0.5,6.0,6.0,3.0,38.0,11.4286,0
mylyn,org::eclipse::mylyn::internal::java::ui::editor::FocusedJavaSourceViewerConfiguration,1.0,0,1,0,1.0,0,3.0,1.0,5,1,7.0,4.0,1.4,70.0,62.0,14.0,-63.0,3.0,-12.6,92.5714,45.7143,0
mylyn,org::eclipse::mylyn::internal::wikitext::textile::core::block::TableOfContentsBlock,17.0,12,3,28,42.0,0,75.0,8.0,4,2,20.0,12.0,5.0,21.0,14.0,5.25,-1.0,1.0,-0.25,32.7143,5.83571,0
mylyn,org::eclipse::mylyn::internal::wikitext::mediawiki::core::validation::Messages,2.0,2,1,1,3.0,0,9.0,2.0,2,1,1.0,1.0,0.5,1.0,1.0,0.5,0.0,0.0,0.0,19.8571,2.0,0
mylyn,org::eclipse::mylyn::internal::tasks::bugs::IRepositoryConstants,0.0,0,1,0,0.0,0,0.0,0.0,11,2,70.0,15.0,6.36364,41.0,11.0,3.72727,29.0,10.0,2.63636,47.5714,17.4367,1
mylyn,org::eclipse::mylyn::internal::jira::core::model::filter::EstimateVsActualFilter,4.0,2,1,6,5.0,0,13.0,4.0,6,1,9.0,5.0,1.5,8.0,4.0,1.33333,1.0,4.0,0.166667,110.714,62.9365,0
mylyn,org::eclipse::mylyn::internal::xplanner::ui::wizard::XPlannerQuerySelectionWizardPage,11.0,5,4,28,21.0,0,49.0,8.0,1,1,0.0,0.0,0.0,0.0,0.0,0.0,0.0,0.0,0.0,6.42857,0.0,0
mylyn,org::eclipse::mylyn::internal::commons::net::SslProtocolSocketFactory,8.0,13,1,10,27.0,0,41.0,5.0,2,1,0.0,0.0,0.0,0.0,0.0,0.0,0.0,0.0,0.0,45.8571,0.0,0
mylyn,org::eclipse::mylyn::internal::sandbox::ui::highlighters::TaskHighlighter,10.0,4,1,21,18.0,0,34.0,7.0,3,2,5.0,4.0,1.66667,2.0,1.0,0.666667,3.0,3.0,1.0,43.5714,20.5143,0
mylyn,org::eclipse::mylyn::internal::resources::ui::ResourceInteractionMonitor,10.0,5,2,1,15.0,0,34.0,2.0,16,2,41.0,12.0,2.5625,28.0,5.0,1.75,13.0,7.0,0.8125,92.4286,43.5436,0
mylyn,org::eclipse::mylyn::internal::context::ui::commands::RetrieveContextHandler,4.0,1,2,0,8.0,0,13.0,1.0,3,2,4.0,4.0,1.33333,2.0,1.0,0.666667,2.0,3.0,0.666667,43.8571,17.2857,1
mylyn,org::eclipse::mylyn::internal::jira::ui::JiraConnectorUi,37.0,22,2,120,80.0,0,120.0,16.0,47,3,282.0,56.0,6.0,227.0,47.0,4.82979,55.0,15.0,1.17021,90.4286,44.4235,0
mylyn,org::eclipse::mylyn::wikitext::ui::viewer::HtmlViewer,26.0,14,1,105,60.0,1,164.0,15.0,13,2,136.0,60.0,10.4615,26.0,18.0,2.0,110.0,59.0,8.46154,32.7143,11.5977,0
mylyn,org::eclipse::mylyn::internal::web::ui::actions::OpenWebResourceAction,3.0,1,1,1,4.0,0,10.0,2.0,5,2,8.0,4.0,1.6,8.0,4.0,1.6,0.0,3.0,0.0,92.4286,44.2321,0
mylyn,org::eclipse::mylyn::internal::tasks::ui::editors::TaskEditorOutlinePage,6.0,3,1,3,8.0,0,57.0,3.0,3,2,6.0,5.0,2.0,2.0,1.0,0.666667,4.0,4.0,1.33333,41.2857,17.6429,0
mylyn,org::eclipse::mylyn::internal::trac::ui::TracTaskListMigrator,6.0,4,2,10,16.0,0,23.0,5.0,7,2,13.0,4.0,1.85714,8.0,2.0,1.14286,5.0,3.0,0.714286,39.5714,11.6923,0
mylyn,org::eclipse::mylyn::internal::wikitext::ui::editor::validation::ResourceMarkerMarkupValidator,14.0,9,2,6,58.0,0,98.0,4.0,5,2,82.0,64.0,16.4,32.0,15.0,6.4,50.0,51.0,10.0,32.7143,20.5819,1
mylyn,org::eclipse::mylyn::internal::tasks::ui::editors::TaskEditorExtensionReader,5.0,3,1,3,21.0,0,40.0,3.0,2,1,10.0,10.0,5.0,10.0,10.0,5.0,0.0,0.0,0.0,21.5714,7.0,1
mylyn,org::eclipse::mylyn::internal::wikitext::tasks::ui::WikiTextContextUiStartup,1.0,1,1,0,3.0,0,3.0,1.0,1,1,0.0,0.0,0.0,0.0,0.0,0.0,0.0,0.0,0.0,8.0,0.0,0
mylyn,org::eclipse::mylyn::internal::bugzilla::core::BugzillaLanguageSettings,15.0,7,1,21,17.0,0,47.0,7.0,11,3,118.0,39.0,10.7273,137.0,106.0,12.4545,-19.0,32.0,-1.72727,74.7143,18.1114,0
mylyn,org::eclipse::mylyn::internal::bugzilla::core::history::AssignmentEvent,3.0,2,2,3,8.0,0,12.0,3.0,10,3,53.0,37.0,5.3,52.0,37.0,5.2,1.0,37.0,0.1,109.0,17.7062,0
mylyn,org::eclipse::mylyn::internal::tests::report::JUnitReportParser,17.0,11,1,15,42.0,0,56.0,6.0,3,2,12.0,7.0,4.0,8.0,8.0,2.66667,4.0,7.0,1.33333,65.0,38.4286,0
mylyn,org::eclipse::mylyn::internal::java::ui::junit::Messages,1.0,0,1,0,2.0,0,3.0,1.0,1,1,0.0,0.0,0.0,0.0,0.0,0.0,0.0,0.0,0.0,14.8571,0.0,0
mylyn,org::eclipse::mylyn::internal::jira::core::model::Project,38.0,24,1,465,52.0,0,136.0,31.0,15,3,67.0,13.0,4.46667,94.0,33.0,6.26667,-27.0,11.0,-1.8,110.714,62.1493,0
mylyn,org::eclipse::mylyn::internal::tasks::ui::TaskListBackupManager,32.0,14,1,28,90.0,0,194.0,8.0,42,3,589.0,175.0,14.0238,520.0,174.0,12.381,69.0,104.0,1.64286,139.571,92.1737,0
mylyn,org::eclipse::mylyn::internal::trac::core::client::InvalidWikiPageException,1.0,0,3,0,1.0,0,3.0,1.0,4,2,6.0,4.0,1.5,3.0,1.0,0.75,3.0,3.0,0.75,39.5714,15.9524,0
mylyn,org::eclipse::mylyn::internal::tests::report::TaskReporter,59.0,34,1,300,249.0,0,359.0,25.0,16,2,491.0,149.0,30.6875,198.0,70.0,12.375,293.0,113.0,18.3125,65.0,37.6814,0
mylyn,org::eclipse::mylyn::internal::context::core::CompositeDegreeOfInterest,17.0,6,1,66,32.0,0,84.0,12.0,15,2,101.0,34.0,6.73333,99.0,38.0,6.6,2.0,6.0,0.133333,139.714,51.133,0
mylyn,org::eclipse::mylyn::commons::net::AuthenticationCredentials,18.0,40,1,10,12.0,0,51.0,5.0,3,2,6.0,5.0,2.0,1.0,1.0,0.333333,5.0,4.0,1.66667,45.8571,17.2381,0
mylyn,org::eclipse::mylyn::internal::jira::ui::JiraSearchHandler,7.0,9,2,3,22.0,0,32.0,3.0,5,2,39.0,28.0,7.8,8.0,5.0,1.6,31.0,27.0,6.2,43.8571,25.4176,0
mylyn,org::eclipse::mylyn::internal::tasks::ui::dialogs::TaskRepositoryCredentialsDialog,27.0,9,1,153,55.0,0,205.0,18.0,10,2,38.0,13.0,3.8,27.0,13.0,2.7,11.0,5.0,1.1,57.8571,25.1654,0
mylyn,org::eclipse::mylyn::internal::trac::core::client::AbstractTracClient,37.0,9,1,210,59.0,2,106.0,21.0,7,2,43.0,20.0,6.14286,31.0,14.0,4.42857,12.0,20.0,1.71429,39.5714,13.5748,1
mylyn,org::eclipse::mylyn::internal::tasks::ui::search::SearchScoreComputerAdapterFactory,3.0,1,1,1,3.0,0,9.0,2.0,7,1,14.0,4.0,2.0,13.0,5.0,1.85714,1.0,3.0,0.142857,90.4286,39.5816,0
mylyn,org::eclipse::mylyn::internal::wikitext::ui::editor::preferences::Preferences,34.0,16,1,136,70.0,0,141.0,17.0,12,2,249.0,127.0,20.75,82.0,46.0,6.83333,167.0,124.0,13.9167,32.7143,19.3069,0
mylyn,org::eclipse::mylyn::internal::sandbox::ui::planner::TaskReportGenerator,13.0,9,1,15,25.0,0,70.0,6.0,8,2,33.0,12.0,4.125,22.0,10.0,2.75,11.0,4.0,1.375,46.0,5.83117,0
mylyn,org::eclipse::mylyn::internal::tasks::ui::wizards::TaskAttachmentWizard,22.0,16,1,66,63.0,0,132.0,12.0,24,3,440.0,161.0,18.3333,327.0,134.0,13.625,113.0,31.0,4.70833,47.1429,4.5698,1
mylyn,org::eclipse::mylyn::internal::wikitext::ui::viewer::HtmlTextPresentationParser,49.0,16,1,465,67.0,0,166.0,31.0,17,2,563.0,140.0,33.1176,331.0,128.0,19.4706,232.0,77.0,13.6471,32.7143,12.3263,1
mylyn,org::eclipse::mylyn::internal::context::ui::commands::FocusViewHandler,4.0,1,1,0,4.0,0,23.0,1.0,11,2,16.0,5.0,1.45455,14.0,4.0,1.27273,2.0,4.0,0.181818,94.2857,37.2946,0
mylyn,org::eclipse::mylyn::zest::layouts::algorithms::HorizontalLayoutAlgorithm,11.0,0,3,3,3.0,0,22.0,3.0,5,2,25.0,9.0,5.0,8.0,5.0,1.6,17.0,8.0,3.4,184.857,53.2171,0
mylyn,org::eclipse::mylyn::internal::tasks::core::externalization::ExternalizationManager,11.0,24,1,36,34.0,0,79.0,9.0,21,3,257.0,95.0,12.2381,214.0,125.0,10.1905,43.0,19.0,2.04762,46.0,5.01612,0
mylyn,org::eclipse::mylyn::internal::ide::ui::ProblemsListInterestSorter,9.0,0,1,1,8.0,0,26.0,2.0,4,1,9.0,5.0,2.25,9.0,5.0,2.25,0.0,0.0,0.0,144.0,4.36508,0
mylyn,org::eclipse::mylyn::zest::tests::swt::GraphSnippet1,3.0,1,1,0,8.0,0,25.0,1.0,1,1,0.0,0.0,0.0,0.0,0.0,0.0,0.0,0.0,0.0,80.8571,0.0,0
mylyn,org::eclipse::mylyn::internal::tasks::core::sync::SynchronizeQueriesJob,27.0,26,2,28,112.0,1,189.0,8.0,48,3,566.0,148.0,11.7917,521.0,150.0,10.8542,45.0,27.0,0.9375,49.1429,5.33569,0
mylyn,org::eclipse::mylyn::internal::ide::ant::AntEditingMonitor,15.0,4,2,3,19.0,0,80.0,3.0,11,2,28.0,10.0,2.54545,25.0,7.0,2.27273,3.0,5.0,0.272727,92.4286,37.1173,0
mylyn,org::eclipse::mylyn::internal::ide::ui::actions::FocusAllMarkersViewAction,1.0,0,3,0,1.0,0,3.0,1.0,3,1,6.0,4.0,2.0,1.0,1.0,0.333333,5.0,3.0,1.66667,57.2857,25.2381,0
mylyn,org::eclipse::mylyn::internal::context::ui::actions::OpenQuickContextPopupDialogAction,4.0,1,1,6,7.0,0,16.0,4.0,5,1,9.0,4.0,1.8,13.0,4.0,2.6,-4.0,3.0,-0.8,92.0,33.9524,0
mylyn,org::eclipse::mylyn::internal::bugzilla::core::internal::NewBugParser,85.0,9,1,28,112.0,0,263.0,8.0,5,1,6.0,5.0,1.2,4.0,2.0,0.8,2.0,4.0,0.4,164.0,5.09524,0
mylyn,org::eclipse::mylyn::internal::bugzilla::ui::action::BugzillaNotObsoleteAttachmentAction,1.0,0,2,0,1.0,0,4.0,1.0,1,1,0.0,0.0,0.0,0.0,0.0,0.0,0.0,0.0,0.0,8.71429,0.0,0
mylyn,org::eclipse::mylyn::internal::tasks::ui::editors::TaskEditorActionContributor,25.0,20,1,136,94.0,0,170.0,17.0,81,3,1052.0,174.0,12.9877,849.0,283.0,10.4815,203.0,153.0,2.50617,139.571,60.0582,0
mylyn,org::eclipse::mylyn::internal::web::ui::WebContextManager,31.0,19,1,66,71.0,0,143.0,12.0,16,2,56.0,12.0,3.5,66.0,18.0,4.125,-10.0,3.0,-0.625,92.4286,46.7628,0
mylyn,org::eclipse::mylyn::internal::wikitext::ui::editor::MarkupEditorOutline,22.0,2,1,91,49.0,0,190.0,14.0,9,2,155.0,54.0,17.2222,45.0,22.0,5.0,110.0,53.0,12.2222,32.7143,21.6737,0
mylyn,org::eclipse::mylyn::monitor::internal::UsageSession,19.0,8,1,91,59.0,0,140.0,14.0,2,1,0.0,0.0,0.0,0.0,0.0,0.0,0.0,0.0,0.0,181.714,0.0,0
mylyn,org::eclipse::mylyn::internal::monitor::usage::InteractionEventSummarySorter,11.0,1,1,15,14.0,0,33.0,6.0,7,2,23.0,14.0,3.28571,31.0,22.0,4.42857,-8.0,3.0,-1.14286,109.857,35.646,0
mylyn,org::eclipse::mylyn::wikitext::core::parser::util::MarkupToEclipseToc,20.0,10,1,91,52.0,1,99.0,14.0,6,2,43.0,18.0,7.16667,30.0,19.0,5.0,13.0,13.0,2.16667,32.7143,11.9468,0
mylyn,org::eclipse::mylyn::internal::jira::core::wsdl::beans::RemoteRoleActor,49.0,6,1,120,46.0,0,98.0,16.0,9,2,299.0,263.0,33.2222,362.0,295.0,40.2222,-63.0,7.0,-7.0,110.714,23.0784,0
mylyn,org::eclipse::mylyn::internal::team::ui::templates::CommitTemplateManager,24.0,16,1,66,66.0,0,161.0,12.0,15,2,83.0,17.0,5.53333,77.0,17.0,5.13333,6.0,2.0,0.4,92.4286,38.1343,0
mylyn,org::eclipse::mylyn::zest::tests::jface::GraphJFaceSnippet5,5.0,3,1,3,21.0,0,37.0,3.0,2,1,11.0,11.0,5.5,0.0,0.0,0.0,11.0,11.0,5.5,80.8571,1.71429,0
mylyn,org::xplanner::soap::TimeEntryData,51.0,5,2,231,54.0,0,121.0,22.0,6,2,323.0,319.0,53.8333,354.0,350.0,59.0,-31.0,0.0,-5.16667,93.7143,39.0341,0
mylyn,org::eclipse::mylyn::internal::jira::core::wsdl::beans::RemoteRoleActors,38.0,6,1,66,38.0,1,82.0,12.0,9,2,217.0,178.0,24.1111,234.0,195.0,26.0,-17.0,7.0,-1.88889,110.714,23.9236,0
mylyn,org::eclipse::mylyn::internal::wikitext::ui::util::css::CssRule,1.0,1,1,0,1.0,0,8.0,1.0,1,1,0.0,0.0,0.0,0.0,0.0,0.0,0.0,0.0,0.0,7.42857,0.0,0
mylyn,org::eclipse::mylyn::commons::tests::manual::SampleNotificationPopup,5.0,1,2,6,8.0,0,32.0,4.0,2,1,10.0,10.0,5.0,5.0,5.0,2.5,5.0,5.0,2.5,43.0,16.4286,0
mylyn,org::eclipse::mylyn::internal::tasks::bugs::wizards::BundleGroupContainer,4.0,1,1,6,6.0,0,13.0,4.0,7,2,55.0,43.0,7.85714,47.0,43.0,6.71429,8.0,43.0,1.14286,40.8571,3.90649,1
mylyn,org::eclipse::mylyn::internal::wikitext::textile::core::block::TableBlock,25.0,13,3,6,48.0,0,103.0,4.0,4,2,32.0,15.0,8.0,31.0,14.0,7.75,1.0,1.0,0.25,32.7143,9.30804,0
mylyn,org::eclipse::mylyn::internal::tasks::ui::editors::TaskEditorExtensions,19.0,10,1,36,37.0,0,63.0,9.0,4,1,24.0,20.0,6.0,7.0,3.0,1.75,17.0,18.0,4.25,21.5714,3.13095,0
mylyn,org::eclipse::mylyn::internal::monitor::core::collection::SummaryCollector,11.0,4,1,15,24.0,0,48.0,6.0,8,2,36.0,12.0,4.5,22.0,11.0,2.75,14.0,12.0,1.75,109.857,52.4722,0
mylyn,org::eclipse::mylyn::wikitext::ui::annotation::AnchorNameAnnotation,2.0,3,1,1,3.0,0,6.0,2.0,5,2,6.0,3.0,1.2,4.0,2.0,0.8,2.0,1.0,0.4,32.7143,10.8571,0
mylyn,org::eclipse::mylyn::internal::tasks::core::externalization::AbstractExternalizationParticipant,13.0,5,1,55,38.0,3,57.0,11.0,12,3,132.0,51.0,11.0,83.0,44.0,6.91667,49.0,47.0,4.08333,44.1429,4.13745,0
mylyn,org::eclipse::mylyn::internal::trac::core::model::TracSearch,24.0,22,1,45,62.0,0,100.0,10.0,17,2,90.0,32.0,5.29412,57.0,18.0,3.35294,33.0,32.0,1.94118,133.0,60.3651,0
mylyn,org::eclipse::mylyn::internal::tasks::ui::TaskRepositoryUtil,9.0,7,1,3,17.0,0,33.0,3.0,8,3,15.0,5.0,1.875,11.0,5.0,1.375,4.0,3.0,0.5,77.0,41.2667,0
mylyn,org::eclipse::mylyn::internal::tasks::ui::dialogs::Messages,1.0,0,1,0,2.0,0,3.0,1.0,3,1,13.0,12.0,4.33333,7.0,6.0,2.33333,6.0,6.0,2.0,14.5714,5.52747,0
mylyn,org::eclipse::mylyn::internal::tasks::core::AttributeMap,5.0,3,1,6,10.0,0,17.0,4.0,3,2,5.0,4.0,1.66667,2.0,1.0,0.666667,3.0,3.0,1.0,30.1429,7.08571,0
mylyn,org::eclipse::mylyn::monitor::internal::TemporalStatistic,8.0,3,2,15,10.0,0,25.0,6.0,2,1,0.0,0.0,0.0,0.0,0.0,0.0,0.0,0.0,0.0,181.714,0.0,0
mylyn,org::eclipse::mylyn::internal::xplanner::ui::wizard::ProjectsViewerLabelProvider,9.0,6,1,3,9.0,0,30.0,3.0,1,1,0.0,0.0,0.0,0.0,0.0,0.0,0.0,0.0,0.0,6.42857,0.0,0
mylyn,org::eclipse::mylyn::internal::sandbox::ui::planner::TaskPlanContentProvider,7.0,1,1,15,10.0,0,18.0,6.0,4,2,8.0,4.0,2.0,4.0,2.0,1.0,4.0,3.0,1.0,46.0,14.6607,0
mylyn,org::eclipse::mylyn::internal::tasks::ui::editors::AttachmentTableLabelProvider,33.0,11,1,91,51.0,0,122.0,14.0,23,3,188.0,50.0,8.17391,111.0,45.0,4.82609,77.0,32.0,3.34783,90.4286,39.2249,0
mylyn,org::eclipse::mylyn::internal::sandbox::ui::IncomingPresentation,3.0,1,2,3,4.0,0,9.0,3.0,3,3,6.0,5.0,2.0,2.0,1.0,0.666667,4.0,4.0,1.33333,79.0,55.3571,0
mylyn,org::eclipse::mylyn::internal::context::core::ContextCorePlugin,27.0,60,1,120,58.0,0,115.0,16.0,14,2,194.0,80.0,13.8571,148.0,56.0,10.5714,46.0,77.0,3.28571,48.8571,14.8962,1
mylyn,org::eclipse::mylyn::internal::team::ccvs::CvsChangeSetAdapterFactory,4.0,0,1,1,3.0,0,10.0,2.0,2,2,2.0,2.0,1.0,0.0,0.0,0.0,2.0,2.0,1.0,47.4286,0.285714,0
mylyn,org::eclipse::mylyn::internal::tasks::ui::search::StackTraceDuplicateDetector,15.0,13,2,6,34.0,0,70.0,4.0,7,2,14.0,5.0,2.0,11.0,5.0,1.57143,3.0,3.0,0.428571,43.8571,18.4082,0
mylyn,org::eclipse::mylyn::internal::monitor::usage::UiUsageMonitorPlugin,69.0,44,1,703,168.0,0,385.0,38.0,37,2,303.0,78.0,8.18919,364.0,64.0,9.83784,-61.0,24.0,-1.64865,92.5714,30.05,1
mylyn,org::eclipse::mylyn::internal::tasks::ui::workingsets::TaskWorkingSetPage,38.0,15,1,45,67.0,0,251.0,10.0,44,3,690.0,267.0,15.6818,445.0,148.0,10.1136,245.0,119.0,5.56818,91.2857,19.9089,1
mylyn,org::eclipse::mylyn::tasks::tests::connector::MockAttachmentHandler,5.0,2,2,15,7.0,0,14.0,6.0,10,3,40.0,12.0,4.0,57.0,39.0,5.7,-17.0,7.0,-1.7,92.0,38.4464,0
mylyn,org::eclipse::mylyn::zest::layouts::dataStructures::InternalRelationship,17.0,6,1,105,21.0,0,58.0,15.0,8,3,86.0,43.0,10.75,13.0,6.0,1.625,73.0,42.0,9.125,184.857,60.8671,0
mylyn,org::eclipse::mylyn::internal::tasks::ui::editors::RichTextAttributeEditor,61.0,19,2,496,155.0,0,347.0,32.0,35,3,582.0,313.0,16.6286,218.0,81.0,6.22857,364.0,232.0,10.4,61.2857,35.5523,1
mylyn,org::eclipse::mylyn::internal::tasks::ui::wizards::LocalRepositorySettingsPage,8.0,2,3,15,9.0,0,26.0,6.0,2,1,1.0,1.0,0.5,1.0,1.0,0.5,0.0,0.0,0.0,18.8571,4.71429,0
mylyn,org::eclipse::mylyn::internal::sandbox::dev::properties::RepositoryQueryPropertySource,11.0,6,2,3,22.0,0,37.0,3.0,9,2,63.0,33.0,7.0,70.0,54.0,7.77778,-7.0,8.0,-0.777778,70.7143,16.7075,0
mylyn,org::eclipse::mylyn::internal::wikitext::ui::util::css::editor::CssConfiguration,5.0,4,1,10,18.0,0,34.0,5.0,1,1,0.0,0.0,0.0,0.0,0.0,0.0,0.0,0.0,0.0,6.42857,0.0,0
mylyn,org::eclipse::mylyn::internal::sandbox::ui::views::TaskActivityViewSorter,25.0,4,1,45,22.0,0,78.0,10.0,7,3,30.0,17.0,4.28571,25.0,15.0,3.57143,5.0,3.0,0.714286,48.8571,7.87143,0
mylyn,org::eclipse::mylyn::internal::monitor::reports::collectors::FocusedUiViewUsageCollector,26.0,6,2,21,75.0,0,197.0,7.0,7,2,16.0,5.0,2.28571,15.0,5.0,2.14286,1.0,3.0,0.142857,92.5714,32.9464,0
mylyn,org::eclipse::mylyn::zest::core::widgets::ZestStyles,3.0,4,1,1,2.0,0,38.0,2.0,6,1,36.0,16.0,6.0,204.0,197.0,34.0,-168.0,7.0,-28.0,103.0,18.996,0
mylyn,org::eclipse::mylyn::internal::wikitext::ui::editor::commands::ShowCheatSheetCommand,10.0,11,1,1,29.0,0,51.0,2.0,6,2,31.0,22.0,5.16667,23.0,15.0,3.83333,8.0,7.0,1.33333,32.7143,5.81567,1
mylyn,org::eclipse::mylyn::zest::core::widgets::GraphNode,108.0,23,2,1830,223.0,2,505.0,61.0,32,1,586.0,176.0,18.3125,427.0,203.0,13.3438,159.0,68.0,4.96875,103.714,11.9069,0
mylyn,org::eclipse::mylyn::internal::wikitext::ui::viewer::annotation::HorizontalRuleAnnotation,2.0,1,1,1,3.0,0,6.0,2.0,2,2,2.0,2.0,1.0,2.0,2.0,1.0,0.0,0.0,0.0,26.5714,6.71429,0
mylyn,org::eclipse::mylyn::internal::resources::ui::preferences::Messages,1.0,0,1,0,2.0,0,3.0,1.0,1,1,0.0,0.0,0.0,0.0,0.0,0.0,0.0,0.0,0.0,19.1429,0.0,0
mylyn,org::eclipse::mylyn::internal::tasks::ui::actions::TaskEditorCopyAction,2.0,0,1,1,3.0,0,7.0,2.0,6,2,11.0,7.0,1.83333,11.0,4.0,1.83333,0.0,3.0,0.0,139.571,103.948,0
mylyn,org::eclipse::mylyn::zest::tests::swt::ZoomSnippet,16.0,6,1,3,42.0,0,108.0,3.0,2,1,0.0,0.0,0.0,1.0,1.0,0.5,-1.0,0.0,-0.5,80.8571,0.0,0
mylyn,org::eclipse::mylyn::wikitext::core::parser::markup::phrase::HtmlEndTagPhraseModifier,4.0,1,2,6,5.0,0,12.0,4.0,7,2,26.0,11.0,3.71429,5.0,2.0,0.714286,21.0,10.0,3.0,32.7143,13.5549,0
mylyn,org::eclipse::mylyn::internal::wikitext::tasks::ui::util::PlatformUrlHyperlink,2.0,1,1,1,3.0,0,6.0,2.0,1,1,0.0,0.0,0.0,0.0,0.0,0.0,0.0,0.0,0.0,14.7143,0.0,0
mylyn,org::eclipse::mylyn::commons::tests::manual::NoticicationPopupMain,3.0,2,1,0,8.0,0,24.0,1.0,2,1,10.0,10.0,5.0,5.0,5.0,2.5,5.0,5.0,2.5,43.0,16.4286,0
mylyn,org::eclipse::mylyn::internal::tasks::ui::views::CustomTaskListDecorationDrawer,63.0,9,1,21,49.0,0,217.0,7.0,73,3,727.0,156.0,9.9589,572.0,156.0,7.83562,155.0,156.0,2.12329,96.5714,20.5895,0
mylyn,org::eclipse::mylyn::internal::tasks::ui::search::RepositorySearchResultView,26.0,26,1,120,98.0,0,258.0,16.0,63,3,568.0,72.0,9.01587,460.0,88.0,7.30159,108.0,61.0,1.71429,135.429,71.7452,1
mylyn,org::eclipse::mylyn::internal::tasks::ui::views::TaskRepositoriesSorter,14.0,8,1,1,15.0,0,31.0,2.0,12,2,37.0,8.0,3.08333,24.0,8.0,2.0,13.0,8.0,1.08333,112.857,35.1583,0
mylyn,org::eclipse::mylyn::internal::tasks::ui::editors::TaskEditorDescriptionPart,16.0,14,3,36,71.0,0,126.0,9.0,31,3,191.0,49.0,6.16129,480.0,337.0,15.4839,-289.0,12.0,-9.32258,61.2857,15.2094,0
mylyn,org::eclipse::mylyn::internal::tasks::ui::properties::ProjectPropertiesLinkProvider,11.0,3,2,3,19.0,0,45.0,3.0,17,2,37.0,7.0,2.17647,26.0,6.0,1.52941,11.0,5.0,0.647059,90.4286,47.0077,0
mylyn,org::eclipse::mylyn::internal::tasks::ui::actions::ActivateTaskHistoryDropDownAction,7.0,4,1,15,14.0,0,29.0,6.0,19,3,79.0,33.0,4.15789,179.0,139.0,9.42105,-100.0,6.0,-5.26316,91.1429,37.4069,0
mylyn,org::eclipse::mylyn::team::ui::AbstractActiveChangeSetProvider,2.0,3,1,1,4.0,1,6.0,2.0,10,2,43.0,12.0,4.3,25.0,10.0,2.5,18.0,12.0,1.8,92.4286,40.4419,0
mylyn,org::eclipse::mylyn::internal::sandbox::ui::ActiveSearchViewTracker,17.0,3,1,105,27.0,0,51.0,15.0,5,2,8.0,4.0,1.6,5.0,2.0,1.0,3.0,3.0,0.6,71.8571,39.125,0
mylyn,org::eclipse::mylyn::internal::bugzilla::core::SaxBugReportContentHandler,48.0,5,1,28,65.0,0,228.0,8.0,37,2,373.0,47.0,10.0811,276.0,41.0,7.45946,97.0,47.0,2.62162,148.571,12.7051,0
mylyn,org::eclipse::mylyn::internal::jira::core::model::JiraIssue,115.0,38,1,3160,137.0,0,345.0,80.0,6,2,62.0,27.0,10.3333,30.0,21.0,5.0,32.0,20.0,5.33333,49.8571,30.1774,0
mylyn,org::eclipse::mylyn::internal::commons::core::ZipFileUtil,24.0,15,1,10,74.0,0,137.0,5.0,6,3,88.0,44.0,14.6667,64.0,28.0,10.6667,24.0,16.0,4.0,46.0,31.6981,1
mylyn,org::eclipse::mylyn::internal::tasks::ui::actions::ToggleAllWorkingSetsAction,7.0,2,1,3,19.0,0,23.0,3.0,8,2,13.0,4.0,1.625,12.0,4.0,1.5,1.0,3.0,0.125,90.0,46.956,0
mylyn,org::eclipse::mylyn::internal::wikitext::ui::util::css::AnySelector,1.0,1,2,1,2.0,0,3.0,2.0,1,1,0.0,0.0,0.0,0.0,0.0,0.0,0.0,0.0,0.0,7.42857,0.0,0
mylyn,org::eclipse::mylyn::zest::core::widgets::internal::PolylineArcConnection,32.0,6,1,21,41.0,0,186.0,7.0,3,1,125.0,124.0,41.6667,95.0,94.0,31.6667,30.0,30.0,10.0,103.714,0.801143,0
mylyn,org::eclipse::mylyn::internal::xplanner::ui::XPlannerMylynUIPlugin,15.0,13,1,36,28.0,0,54.0,9.0,1,1,0.0,0.0,0.0,0.0,0.0,0.0,0.0,0.0,0.0,6.42857,0.0,1
mylyn,org::eclipse::mylyn::internal::provisional::commons::ui::AbstractNotificationPopup,54.0,9,1,231,86.0,2,404.0,22.0,8,2,38.0,10.0,4.75,36.0,9.0,4.5,2.0,5.0,0.25,45.8571,26.3346,1
mylyn,org::eclipse::mylyn::internal::wikitext::confluence::core::block::ExtendedPreformattedBlock,7.0,3,5,10,11.0,0,21.0,5.0,4,2,32.0,24.0,8.0,63.0,54.0,15.75,-31.0,0.0,-7.75,32.7143,2.41071,0
mylyn,org::eclipse::mylyn::commons::net::UnsupportedRequestException,1.0,0,1,0,1.0,0,3.0,1.0,2,1,0.0,0.0,0.0,0.0,0.0,0.0,0.0,0.0,0.0,45.8571,0.0,0
mylyn,org::eclipse::mylyn::internal::bugzilla::core::history::AttachmentFlag,5.0,2,1,6,6.0,0,14.0,4.0,10,3,64.0,45.0,6.4,61.0,45.0,6.1,3.0,45.0,0.3,109.0,17.2679,0
mylyn,org::eclipse::mylyn::internal::compatibility::JavaRuntimeVersionChecker,4.0,1,1,0,3.0,0,31.0,1.0,11,2,34.0,13.0,3.09091,43.0,15.0,3.90909,-9.0,3.0,-0.818182,91.0,55.916,0
mylyn,org::eclipse::mylyn::bugzilla::deprecated::BugzillaTaskEditor,53.0,23,2,136,197.0,0,672.0,17.0,4,3,11.0,6.0,2.75,10.0,9.0,2.5,1.0,5.0,0.25,39.5714,7.09091,0
mylyn,org::eclipse::mylyn::internal::team::ui::templates::TemplateHandlerContentProposalProvider,1.0,3,1,1,4.0,0,4.0,2.0,6,2,18.0,6.0,3.0,16.0,6.0,2.66667,2.0,1.0,0.333333,92.4286,59.0317,0
mylyn,org::xplanner::soap::XPlanner::XPlannerServiceLocator,26.0,3,2,171,40.0,0,97.0,19.0,5,2,281.0,205.0,56.2,199.0,197.0,39.8,82.0,74.0,16.4,93.7143,30.2867,0
mylyn,org::eclipse::mylyn::internal::tasks::ui::wizards::NewLocalTaskWizard,8.0,3,1,10,14.0,0,25.0,5.0,17,3,106.0,57.0,6.23529,72.0,33.0,4.23529,34.0,51.0,2.0,139.571,64.7668,0
mylyn,org::eclipse::mylyn::internal::bugs::java::BugzillaHyperLinkDetector,26.0,2,2,10,17.0,0,95.0,5.0,10,1,155.0,69.0,15.5,139.0,58.0,13.9,16.0,11.0,1.6,164.0,13.8286,0
mylyn,org::eclipse::mylyn::internal::jira::core::wsdl::beans::RemoteFilter,39.0,2,3,91,35.0,0,82.0,14.0,9,2,223.0,195.0,24.7778,248.0,220.0,27.5556,-25.0,7.0,-2.77778,110.714,23.9532,0
mylyn,org::eclipse::mylyn::internal::context::core::LocalContextStore,29.0,27,1,136,79.0,0,159.0,17.0,13,3,95.0,56.0,7.30769,140.0,36.0,10.7692,-45.0,24.0,-3.46154,42.7143,6.16241,1
mylyn,org::eclipse::mylyn::tasks::ui::TaskElementLabelProvider,83.0,39,1,36,106.0,3,238.0,9.0,16,3,81.0,34.0,5.0625,56.0,36.0,3.5,25.0,10.0,1.5625,43.5714,10.9101,1
mylyn,org::eclipse::mylyn::internal::jira::core::service::JiraClientCache,33.0,37,1,325,112.0,0,211.0,26.0,12,2,139.0,56.0,11.5833,56.0,20.0,4.66667,83.0,36.0,6.91667,54.0,35.4923,1
mylyn,org::eclipse::mylyn::internal::tasks::ui::views::TaskRepositoriesView,23.0,18,1,120,62.0,0,147.0,16.0,40,3,305.0,31.0,7.625,162.0,21.0,4.05,143.0,31.0,3.575,139.571,53.3499,1
mylyn,org::eclipse::mylyn::internal::tasks::ui::editors::TaskAttachmentStorage,7.0,11,1,15,21.0,0,32.0,6.0,4,2,19.0,13.0,4.75,15.0,13.0,3.75,4.0,4.0,1.0,41.0,22.6466,0
mylyn,org::eclipse::mylyn::internal::wikitext::tracwiki::core::block::ListBlock,32.0,11,3,15,57.0,0,115.0,6.0,7,2,24.0,15.0,3.42857,27.0,14.0,3.85714,-3.0,1.0,-0.428571,32.7143,7.35119,0
mylyn,org::eclipse::mylyn::internal::jira::core::JiraTaskAttachmentHandler,10.0,14,2,15,44.0,0,61.0,6.0,9,2,66.0,21.0,7.33333,63.0,34.0,7.0,3.0,14.0,0.333333,45.8571,6.91342,0
mylyn,org::eclipse::mylyn::internal::monitor::ui::Messages,1.0,0,1,0,2.0,0,3.0,1.0,1,1,0.0,0.0,0.0,0.0,0.0,0.0,0.0,0.0,0.0,19.1429,0.0,0
mylyn,org::eclipse::mylyn::internal::context::ui::TaskUiBridge,7.0,0,2,21,8.0,0,21.0,7.0,11,1,27.0,10.0,2.45455,29.0,5.0,2.63636,-2.0,8.0,-0.181818,139.714,41.0265,0
mylyn,org::eclipse::mylyn::internal::ide::ui::IdeUiUtil,7.0,0,1,1,5.0,0,22.0,2.0,13,2,65.0,17.0,5.0,69.0,25.0,5.30769,-4.0,15.0,-0.307692,147.714,54.5385,0
mylyn,org::eclipse::mylyn::internal::tasks::ui::views::TaskListToolTip,103.0,38,1,351,218.0,0,488.0,27.0,60,3,624.0,58.0,10.4,449.0,38.0,7.48333,175.0,57.0,2.91667,75.0,27.8542,1
mylyn,org::eclipse::mylyn::internal::tasks::ui::TaskJobFactory,7.0,10,1,21,31.0,0,100.0,7.0,21,3,95.0,23.0,4.52381,53.0,7.0,2.52381,42.0,20.0,2.0,45.8571,5.72932,0
mylyn,org::eclipse::mylyn::internal::tasks::ui::commands::OpenRepositoryTaskHandler,1.0,1,1,0,3.0,0,4.0,1.0,4,2,7.0,4.0,1.75,4.0,2.0,1.0,3.0,3.0,0.75,32.1429,11.5918,0
mylyn,org::eclipse::mylyn::wikitext::core::util::XmlStreamWriter,0.0,6,1,190,20.0,2,0.0,20.0,3,2,14.0,8.0,4.66667,13.0,12.0,4.33333,1.0,5.0,0.333333,32.7143,8.69388,0
mylyn,org::eclipse::mylyn::tasks::core::TaskActivationAdapter,4.0,0,1,6,4.0,2,8.0,4.0,5,3,10.0,5.0,2.0,7.0,5.0,1.4,3.0,3.0,0.6,47.4286,14.8286,0
mylyn,org::eclipse::mylyn::internal::provisional::commons::soap::AbstractSoapClient,6.0,3,1,10,17.0,1,57.0,5.0,1,1,0.0,0.0,0.0,0.0,0.0,0.0,0.0,0.0,0.0,13.5714,0.0,0
mylyn,org::eclipse::mylyn::internal::team::ui::actions::TaskResourceMappingActionProvider,1.0,2,1,0,4.0,0,8.0,1.0,11,2,31.0,9.0,2.81818,34.0,9.0,3.09091,-3.0,3.0,-0.272727,139.286,46.7327,0
mylyn,org::eclipse::mylyn::internal::tasks::ui::util::ClipboardCopier,5.0,2,1,6,8.0,1,17.0,4.0,1,1,0.0,0.0,0.0,0.0,0.0,0.0,0.0,0.0,0.0,6.85714,0.0,0
mylyn,org::eclipse::mylyn::internal::tasks::ui::PersonProposalProvider,22.0,12,1,21,54.0,0,123.0,7.0,36,3,400.0,127.0,11.1111,327.0,127.0,9.08333,73.0,127.0,2.02778,96.5714,19.5921,1
mylyn,org::eclipse::mylyn::internal::provisional::commons::ui::DateSelectionDialog,10.0,3,1,15,16.0,0,47.0,6.0,5,2,15.0,7.0,3.0,14.0,6.0,2.8,1.0,3.0,0.2,45.8571,14.2762,0
mylyn,org::eclipse::mylyn::internal::wikitext::tracwiki::core::block::TableBlock,13.0,8,3,6,32.0,0,62.0,4.0,3,2,7.0,5.0,2.33333,7.0,5.0,2.33333,0.0,0.0,0.0,32.7143,4.89796,0
mylyn,org::eclipse::mylyn::bugzilla::deprecated::BugzillaStackTraceDuplicateDetector,4.0,5,1,0,11.0,0,27.0,1.0,3,3,5.0,5.0,1.66667,1.0,1.0,0.333333,4.0,4.0,1.33333,39.5714,13.0,0
mylyn,org::eclipse::mylyn::internal::tasks::ui::actions::ExpandAllAction,3.0,1,1,1,6.0,0,12.0,2.0,11,2,24.0,4.0,2.18182,25.0,7.0,2.27273,-1.0,3.0,-0.0909091,139.571,78.9226,0
mylyn,org::eclipse::mylyn::internal::examples::jira::JiraIssueCollector,7.0,1,1,21,10.0,0,22.0,7.0,1,1,0.0,0.0,0.0,0.0,0.0,0.0,0.0,0.0,0.0,23.8571,0.0,0
mylyn,org::eclipse::mylyn::internal::monitor::reports::collectors::AbstractMylynUsageCollector,4.0,3,2,1,11.0,1,14.0,2.0,3,2,5.0,4.0,1.66667,2.0,1.0,0.666667,3.0,3.0,1.0,88.0,64.9429,0
mylyn,org::eclipse::mylyn::internal::tasks::ui::actions::QueryCloneAction,9.0,10,1,6,36.0,0,55.0,4.0,16,3,64.0,23.0,4.0,56.0,17.0,3.5,8.0,6.0,0.5,85.4286,56.9888,0
mylyn,org::eclipse::mylyn::internal::tasks::ui::actions::DeactivateAllTasksAction,2.0,2,1,1,4.0,0,6.0,2.0,9,3,14.0,4.0,1.55556,11.0,2.0,1.22222,3.0,3.0,0.333333,136.571,84.4286,0
mylyn,org::eclipse::mylyn::internal::wikitext::ui::editor::actions::SetMarkupLanguageAction,3.0,2,1,1,5.0,0,13.0,2.0,4,2,10.0,7.0,2.5,8.0,5.0,2.0,2.0,2.0,0.5,32.7143,8.22857,0
mylyn,org::eclipse::mylyn::internal::jira::ui::JiraTaskListMigrator,5.0,4,2,10,13.0,0,21.0,5.0,7,2,18.0,7.0,2.57143,11.0,7.0,1.57143,7.0,3.0,1.0,43.7143,17.6984,0
mylyn,org::eclipse::mylyn::internal::context::ui::commands::ClearContextHandler,2.0,5,2,0,7.0,0,12.0,1.0,4,3,7.0,4.0,1.75,4.0,2.0,1.0,3.0,3.0,0.75,43.8571,18.1837,0
mylyn,org::eclipse::mylyn::internal::jira::core::wsdl::beans::RemoteResolution,11.0,1,4,15,10.0,0,38.0,6.0,9,2,100.0,72.0,11.1111,108.0,80.0,12.0,-8.0,7.0,-0.888889,110.714,28.1129,0
mylyn,org::eclipse::mylyn::jira::tests::util::MockIssueCollector,5.0,1,1,15,7.0,0,15.0,6.0,3,2,6.0,5.0,2.0,5.0,4.0,1.66667,1.0,1.0,0.333333,38.1429,14.5,0
mylyn,org::eclipse::mylyn::internal::monitor::ui::MonitorUiPlugin,36.0,32,1,325,92.0,0,209.0,26.0,15,3,79.0,13.0,5.26667,79.0,26.0,5.26667,0.0,12.0,0.0,48.5714,13.1917,1
mylyn,org::eclipse::mylyn::internal::monitor::core::collection::InteractionByTypeSummary,10.0,4,1,15,33.0,0,55.0,6.0,7,2,19.0,8.0,2.71429,16.0,5.0,2.28571,3.0,3.0,0.428571,109.857,67.2331,0
mylyn,org::eclipse::mylyn::internal::bugzilla::core::BugzillaCorePlugin,62.0,31,1,153,107.0,0,257.0,18.0,41,3,575.0,120.0,14.0244,419.0,111.0,10.2195,156.0,110.0,3.80488,136.714,56.3866,1
mylyn,org::eclipse::mylyn::internal::xplanner::ui::wizard::NewXPlannerTaskWizard,6.0,3,2,10,11.0,0,27.0,5.0,1,1,0.0,0.0,0.0,0.0,0.0,0.0,0.0,0.0,0.0,6.42857,0.0,1
mylyn,org::eclipse::mylyn::wikitext::tasks::ui::editor::MarkupSourceViewer,12.0,4,1,15,18.0,0,36.0,6.0,1,1,0.0,0.0,0.0,0.0,0.0,0.0,0.0,0.0,0.0,4.0,0.0,0
mylyn,org::eclipse::mylyn::internal::sandbox::bridge::bugs::BugzillaSearchManager,11.0,6,1,28,28.0,0,50.0,8.0,8,2,15.0,4.0,1.875,17.0,6.0,2.125,-2.0,3.0,-0.25,140.857,77.1905,0
mylyn,org::eclipse::mylyn::internal::xplanner::ui::wizard::ErrorQueryPage,8.0,2,4,28,12.0,0,28.0,8.0,1,1,0.0,0.0,0.0,0.0,0.0,0.0,0.0,0.0,0.0,6.42857,0.0,0
mylyn,org::eclipse::mylyn::internal::tasks::ui::actions::AbstractTaskEditorAction,9.0,3,1,6,10.0,0,24.0,4.0,6,3,12.0,4.0,2.0,9.0,3.0,1.5,3.0,3.0,0.5,75.0,38.8929,0
mylyn,org::eclipse::mylyn::internal::bugzilla::ui::wizard::BugzillaProductPage,26.0,20,1,36,73.0,0,291.0,9.0,107,3,1756.0,302.0,16.4112,1292.0,145.0,12.0748,464.0,249.0,4.33645,164.0,47.1871,0
mylyn,org::eclipse::mylyn::internal::context::ui::views::QuickContextPopupDialog,61.0,12,1,630,108.0,0,326.0,36.0,21,2,597.0,446.0,28.4286,710.0,446.0,33.8095,-113.0,446.0,-5.38095,103.571,5.83943,0
mylyn,org::eclipse::mylyn::internal::sandbox::dev::properties::AbstractTaskPropertiesSource,17.0,6,2,3,30.0,0,49.0,3.0,10,3,69.0,49.0,6.9,81.0,66.0,8.1,-12.0,4.0,-1.2,70.7143,12.1718,0
mylyn,org::eclipse::mylyn::internal::wikitext::tasks::ui::WikiTextUserInteractionMonitor,6.0,1,2,1,7.0,0,18.0,2.0,1,1,0.0,0.0,0.0,0.0,0.0,0.0,0.0,0.0,0.0,8.0,0.0,0
mylyn,org::eclipse::mylyn::internal::tasks::ui::editors::TaskHyperlinkTextPresentationManager,5.0,5,2,3,9.0,0,18.0,3.0,5,1,23.0,18.0,4.6,142.0,136.0,28.4,-119.0,1.0,-23.8,24.1429,1.2795,0
mylyn,org::eclipse::mylyn::zest::tests::jface::GraphJFaceSnippet4,5.0,4,1,0,13.0,0,41.0,1.0,1,1,0.0,0.0,0.0,0.0,0.0,0.0,0.0,0.0,0.0,80.8571,0.0,0
mylyn,org::eclipse::mylyn::internal::tasks::ui::editors::TextAttributeEditor,5.0,3,2,10,23.0,1,34.0,5.0,16,3,40.0,9.0,2.5,25.0,7.0,1.5625,15.0,4.0,0.9375,61.2857,20.9464,0
mylyn,org::eclipse::mylyn::internal::sandbox::ui::actions::ContextCapturePauseAction,10.0,4,1,28,25.0,0,35.0,8.0,8,2,46.0,30.0,5.75,57.0,40.0,7.125,-11.0,3.0,-1.375,92.0,42.882,0
mylyn,org::eclipse::mylyn::internal::sandbox::ui::views::ActiveViewDelegatingDragAdapter,15.0,2,1,15,23.0,0,65.0,6.0,1,1,0.0,0.0,0.0,0.0,0.0,0.0,0.0,0.0,0.0,21.5714,0.0,0
mylyn,org::eclipse::mylyn::internal::wikitext::textile::core::TextileContentState,10.0,8,2,28,18.0,0,31.0,8.0,6,2,44.0,35.0,7.33333,8.0,5.0,1.33333,36.0,35.0,6.0,32.7143,22.5682,0
mylyn,org::eclipse::mylyn::internal::provisional::commons::soap::CommonsHttpSender,124.0,14,1,78,172.0,1,565.0,13.0,1,1,0.0,0.0,0.0,0.0,0.0,0.0,0.0,0.0,0.0,13.5714,0.0,0
mylyn,org::eclipse::mylyn::internal::tasks::core::AbstractSearchHandler,0.0,2,1,1,2.0,3,0.0,2.0,4,2,9.0,4.0,2.25,2.0,1.0,0.5,7.0,4.0,1.75,43.8571,13.0159,0
mylyn,org::eclipse::mylyn::internal::tasks::ui::TaskRepositoryComparator,7.0,2,1,1,10.0,0,12.0,2.0,3,2,12.0,11.0,4.0,1.0,1.0,0.333333,11.0,11.0,3.66667,31.0,5.89286,0
mylyn,org::eclipse::mylyn::internal::tasks::core::CommentQuoter,10.0,5,1,1,22.0,0,51.0,2.0,9,3,22.0,5.0,2.44444,19.0,6.0,2.11111,3.0,5.0,0.333333,119.143,61.0455,0
mylyn,org::eclipse::mylyn::zest::layouts::dataStructures::BendPoint,6.0,2,2,15,6.0,0,19.0,6.0,4,1,16.0,11.0,4.0,18.0,16.0,4.5,-2.0,11.0,-0.5,144.571,37.3929,0
mylyn,org::eclipse::mylyn::internal::trac::core::model::TracRepositoryAttribute,5.0,5,1,6,5.0,3,14.0,4.0,5,2,7.0,4.0,1.4,4.0,1.0,0.8,3.0,3.0,0.6,39.5714,17.2041,0
mylyn,org::eclipse::mylyn::internal::tasks::ui::TaskRepositoryAdapterFactory,7.0,0,1,1,3.0,0,28.0,2.0,12,3,24.0,4.0,2.0,21.0,5.0,1.75,3.0,3.0,0.25,90.1429,45.5595,0
mylyn,org::eclipse::mylyn::internal::wikitext::mediawiki::core::validation::MediaWikiReferenceValidationRule,1.0,1,3,0,2.0,0,3.0,1.0,1,1,0.0,0.0,0.0,0.0,0.0,0.0,0.0,0.0,0.0,16.4286,0.0,0
mylyn,org::eclipse::mylyn::sandbox::tests::util::PdeProject,10.0,3,1,21,30.0,0,71.0,7.0,1,1,0.0,0.0,0.0,0.0,0.0,0.0,0.0,0.0,0.0,19.8571,0.0,0
mylyn,org::eclipse::mylyn::internal::bugzilla::ui::tasklist::BugzillaTaskListManager,0.0,0,1,0,0.0,0,0.0,0.0,3,1,1.0,1.0,0.333333,1.0,1.0,0.333333,0.0,0.0,0.0,164.0,0.0,0
mylyn,org::eclipse::mylyn::internal::tasks::core::TaskRepositoryAdapter,4.0,1,1,10,5.0,2,12.0,5.0,3,2,5.0,4.0,1.66667,2.0,1.0,0.666667,3.0,3.0,1.0,41.5714,18.5143,0
mylyn,org::eclipse::mylyn::internal::java::ui::actions::FilterMembersAction,9.0,2,1,10,14.0,0,41.0,5.0,20,2,39.0,7.0,1.95,35.0,5.0,1.75,4.0,6.0,0.2,164.0,67.4102,0
mylyn,org::eclipse::mylyn::internal::context::ui::TaskStructureBridge,13.0,3,2,55,18.0,0,41.0,11.0,23,3,65.0,16.0,2.82609,82.0,13.0,3.56522,-17.0,10.0,-0.73913,139.714,58.4791,0
mylyn,org::eclipse::mylyn::zest::tests::swt::NestedGraphSnippet,16.0,6,1,3,42.0,0,82.0,3.0,2,1,0.0,0.0,0.0,1.0,1.0,0.5,-1.0,0.0,-0.5,80.8571,0.0,0
mylyn,org::eclipse::mylyn::internal::wikitext::ui::editor::outline::Messages,2.0,2,1,1,3.0,0,9.0,2.0,1,1,0.0,0.0,0.0,0.0,0.0,0.0,0.0,0.0,0.0,4.0,0.0,1
mylyn,org::eclipse::mylyn::internal::wikitext::tracwiki::core::token::WikiWordReplacementToken,3.0,2,2,6,5.0,0,9.0,4.0,5,1,7.0,4.0,1.4,7.0,4.0,1.4,0.0,0.0,0.0,24.1429,10.8163,1
mylyn,org::eclipse::mylyn::internal::bugzilla::core::BugzillaTaskAttachmentHandler,6.0,10,2,15,29.0,0,48.0,6.0,11,3,65.0,19.0,5.90909,91.0,37.0,8.27273,-26.0,13.0,-2.36364,42.0,4.45934,0
mylyn,org::eclipse::mylyn::internal::tasks::ui::views::TaskListInterestFilter,50.0,13,2,45,57.0,0,142.0,10.0,11,3,74.0,24.0,6.72727,42.0,12.0,3.81818,32.0,12.0,2.90909,43.0,15.583,0
mylyn,org::eclipse::mylyn::internal::tasks::ui::dialogs::AbstractWorkingSetDialogCOPY,34.0,2,1,171,83.0,1,212.0,19.0,2,2,68.0,68.0,34.0,87.0,87.0,43.5,-19.0,0.0,-9.5,77.5714,23.1429,0
mylyn,org::eclipse::mylyn::internal::jira::core::html::SingleCharReader,7.0,3,1,3,8.0,1,25.0,3.0,2,1,0.0,0.0,0.0,0.0,0.0,0.0,0.0,0.0,0.0,118.714,0.0,0
mylyn,org::eclipse::mylyn::monitor::reports::tests::FileTool,21.0,13,1,36,51.0,0,127.0,9.0,11,3,111.0,86.0,10.0909,100.0,76.0,9.09091,11.0,10.0,1.0,171.0,24.7671,0
mylyn,org::eclipse::mylyn::internal::bugzilla::ui::tasklist::StackTrace,25.0,3,1,28,29.0,0,134.0,8.0,10,3,87.0,23.0,8.7,89.0,22.0,8.9,-2.0,3.0,-0.2,164.0,124.591,0
mylyn,org::eclipse::mylyn::internal::sandbox::ui::hyperlinks::ResourceHyperlinkDetector,2.0,2,1,0,5.0,0,9.0,1.0,3,2,5.0,4.0,1.66667,2.0,1.0,0.666667,3.0,3.0,1.0,31.8571,5.31429,0
mylyn,org::eclipse::mylyn::internal::pde::ui::PdeContextLabelProvider,4.0,3,2,6,8.0,0,13.0,4.0,15,2,34.0,5.0,2.26667,30.0,5.0,2.0,4.0,3.0,0.266667,92.4286,45.4454,0
mylyn,org::eclipse::mylyn::zest::core::widgets::internal::CachedLabel,33.0,3,1,78,83.0,1,127.0,13.0,4,1,29.0,20.0,7.25,3.0,2.0,0.75,26.0,18.0,6.5,103.714,15.5517,0
mylyn,org::eclipse::mylyn::internal::commons::ui::CommonsUiPlugin,3.0,2,1,3,5.0,0,11.0,3.0,3,2,5.0,4.0,1.66667,2.0,1.0,0.666667,3.0,3.0,1.0,43.0,18.7714,0
mylyn,org::eclipse::mylyn::internal::trac::ui::editor::TracTaskEditorPageFactory,11.0,8,2,15,23.0,0,33.0,6.0,6,2,9.0,4.0,1.5,6.0,2.0,1.0,3.0,3.0,0.5,39.5714,16.3492,0
mylyn,org::eclipse::mylyn::wikitext::core::parser::markup::token::ImpliedHyperlinkReplacementToken,3.0,6,2,6,5.0,0,11.0,4.0,9,2,16.0,5.0,1.77778,10.0,3.0,1.11111,6.0,4.0,0.666667,32.7143,21.2054,0
mylyn,org::eclipse::mylyn::internal::context::ui::InterestDecoratorLightweight,20.0,9,1,15,26.0,0,55.0,6.0,25,2,81.0,20.0,3.24,67.0,16.0,2.68,14.0,5.0,0.56,139.714,63.5961,0
mylyn,org::eclipse::mylyn::wikitext::core::parser::markup::block::GlossaryBlock,8.0,7,3,6,20.0,1,37.0,4.0,5,2,31.0,22.0,6.2,9.0,7.0,1.8,22.0,22.0,4.4,32.7143,17.2903,0
mylyn,org::eclipse::mylyn::internal::tasks::ui::commands::MaximizePartHandler,5.0,1,1,0,7.0,0,20.0,1.0,5,2,6.0,5.0,1.2,4.0,2.0,0.8,2.0,3.0,0.4,34.0,7.45238,0
mylyn,org::eclipse::mylyn::internal::context::core::CompositeInteractionContext,23.0,9,1,136,68.0,0,106.0,17.0,11,2,65.0,15.0,5.90909,33.0,10.0,3.0,32.0,11.0,2.90909,94.2857,26.7099,0
mylyn,org::eclipse::mylyn::internal::tasks::ui::editors::MultiSelectionAttributeEditor,11.0,3,2,15,42.0,0,64.0,6.0,13,2,23.0,4.0,1.76923,18.0,3.0,1.38462,5.0,3.0,0.384615,61.2857,20.5776,0
mylyn,org::eclipse::mylyn::internal::tasks::ui::editors::Messages,1.0,0,1,0,2.0,0,3.0,1.0,7,2,16.0,8.0,2.28571,38.0,16.0,5.42857,-22.0,8.0,-3.14286,14.5714,1.80357,1
mylyn,org::eclipse::mylyn::internal::wikitext::ui::editor::MarkupEditor,133.0,47,1,903,354.0,0,822.0,43.0,28,2,717.0,303.0,25.6071,182.0,59.0,6.5,535.0,288.0,19.1071,32.7143,21.2704,1
mylyn,org::eclipse::mylyn::wikitext::core::parser::markup::phrase::HtmlCommentPhraseModifier,3.0,1,2,6,5.0,0,9.0,4.0,6,2,6.0,2.0,1.0,5.0,2.0,0.833333,1.0,1.0,0.166667,32.7143,14.2619,0
mylyn,org::eclipse::mylyn::internal::bugzilla::core::BugzillaReportSubmitForm,100.0,10,1,153,119.0,0,345.0,18.0,63,2,1157.0,294.0,18.3651,1059.0,191.0,16.8095,98.0,103.0,1.55556,162.429,22.5494,0
mylyn,org::eclipse::mylyn::internal::jira::core::wsdl::beans::RemoteField,11.0,1,3,15,10.0,0,38.0,6.0,9,2,97.0,69.0,10.7778,103.0,75.0,11.4444,-6.0,7.0,-0.666667,110.714,28.3461,0
mylyn,org::eclipse::mylyn::internal::jira::core::model::JiraWorkLog,21.0,3,1,210,21.0,0,62.0,21.0,2,1,3.0,3.0,1.5,0.0,0.0,0.0,3.0,3.0,1.5,15.7143,13.0,1
mylyn,org::eclipse::mylyn::internal::jira::core::Messages,1.0,0,1,0,2.0,0,3.0,1.0,3,1,18.0,18.0,6.0,2.0,2.0,0.666667,16.0,18.0,5.33333,14.8571,1.14286,1
mylyn,org::eclipse::mylyn::internal::wikitext::tracwiki::core::token::SourceLinkReplacementToken,3.0,1,2,6,5.0,0,9.0,4.0,1,1,0.0,0.0,0.0,0.0,0.0,0.0,0.0,0.0,0.0,7.14286,0.0,0
mylyn,org::eclipse::mylyn::internal::trac::ui::wizard::TracQueryPage,39.0,24,3,231,136.0,0,322.0,22.0,7,2,52.0,37.0,7.42857,51.0,43.0,7.28571,1.0,4.0,0.142857,39.5714,21.5687,1
mylyn,org::eclipse::mylyn::internal::tasks::ui::editors::RepositoryTextViewerConfiguration,28.0,11,1,91,43.0,0,107.0,14.0,25,3,163.0,45.0,6.52,184.0,88.0,7.36,-21.0,35.0,-0.84,53.7143,21.9334,0
mylyn,org::eclipse::mylyn::internal::jira::core::model::IssueField,4.0,8,1,6,6.0,1,13.0,4.0,2,1,1.0,1.0,0.5,1.0,1.0,0.5,0.0,0.0,0.0,23.2857,8.42857,0
mylyn,org::eclipse::mylyn::tasks::core::data::TaskDataModel,21.0,43,1,120,56.0,0,96.0,16.0,20,2,117.0,29.0,5.85,65.0,14.0,3.25,52.0,20.0,2.6,46.5714,3.80952,1
mylyn,org::eclipse::mylyn::internal::tasks::ui::views::PriorityDropDownAction,5.0,1,1,6,9.0,0,22.0,4.0,20,3,92.0,17.0,4.6,104.0,19.0,5.2,-12.0,3.0,-0.6,120.714,46.7904,0
mylyn,org::eclipse::mylyn::internal::wikitext::textile::core::block::ListBlock,24.0,10,3,28,60.0,0,106.0,8.0,5,2,22.0,18.0,4.4,20.0,16.0,4.0,2.0,2.0,0.4,32.7143,5.07143,0
mylyn,org::eclipse::mylyn::internal::tasks::ui::TaskRepositoryLocationUi,10.0,6,3,3,18.0,0,41.0,3.0,19,3,141.0,43.0,7.42105,103.0,26.0,5.42105,38.0,17.0,2.0,72.5714,16.6768,0
mylyn,org::eclipse::mylyn::internal::wikitext::textile::core::phrase::ImageTextilePhraseModifier,3.0,3,2,6,6.0,0,12.0,4.0,5,2,22.0,14.0,4.4,24.0,16.0,4.8,-2.0,0.0,-0.4,32.7143,7.08441,0
mylyn,org::eclipse::mylyn::internal::wikitext::mediawiki::core::phrase::SimpleWrappedPhraseModifier,6.0,3,2,15,10.0,1,22.0,6.0,5,2,22.0,16.0,4.4,20.0,13.0,4.0,2.0,3.0,0.4,32.7143,2.72078,0
mylyn,org::eclipse::mylyn::internal::tasks::ui::editors::EditorUtil,77.0,29,1,325,135.0,0,273.0,26.0,25,2,485.0,143.0,19.4,123.0,83.0,4.92,362.0,143.0,14.48,61.2857,27.2592,1
mylyn,org::eclipse::mylyn::internal::wikitext::twiki::core::validation::ListWhitespaceValidationRule,13.0,6,2,3,22.0,0,33.0,3.0,3,1,17.0,14.0,5.66667,15.0,12.0,5.0,2.0,2.0,0.666667,23.5714,1.12605,0
mylyn,org::eclipse::mylyn::xplanner::wsdl::db::QueryException,12.0,0,1,21,10.0,0,43.0,7.0,5,2,83.0,79.0,16.6,80.0,76.0,16.0,3.0,3.0,0.6,93.7143,38.1807,0
mylyn,org::eclipse::mylyn::internal::trac::core::client::TracLoginException,1.0,0,2,0,1.0,0,3.0,1.0,4,2,6.0,4.0,1.5,3.0,1.0,0.75,3.0,3.0,0.75,39.5714,15.9524,0
mylyn,org::eclipse::mylyn::internal::sandbox::bridge::bugs::MylynBugsManager,7.0,5,1,15,11.0,0,38.0,6.0,4,2,7.0,5.0,1.75,3.0,2.0,0.75,4.0,4.0,1.0,88.0,55.0612,0
mylyn,org::eclipse::mylyn::internal::tasks::ui::notifications::TaskDiffUtil,31.0,8,1,28,48.0,0,130.0,8.0,5,2,25.0,18.0,5.0,23.0,18.0,4.6,2.0,3.0,0.4,41.1429,23.9657,1
mylyn,org::eclipse::mylyn::internal::wikitext::ui::viewer::annotation::ImageDrawingStrategy,8.0,2,1,1,8.0,0,45.0,2.0,2,1,17.0,17.0,8.5,1.0,1.0,0.5,16.0,16.0,8.0,24.7143,0.142857,0
mylyn,org::eclipse::mylyn::internal::trac::core::model::TracMilestone,7.0,3,2,21,7.0,0,21.0,7.0,8,2,10.0,4.0,1.25,7.0,1.0,0.875,3.0,3.0,0.375,133.0,87.8,0
mylyn,org::eclipse::mylyn::internal::team::ui::actions::CommitContextAction,6.0,1,1,3,10.0,0,28.0,3.0,10,2,39.0,21.0,3.9,48.0,31.0,4.8,-9.0,3.0,-0.9,139.286,36.2344,0
mylyn,org::eclipse::mylyn::internal::tasks::ui::util::TreeWalker,33.0,5,1,45,45.0,0,130.0,10.0,4,2,17.0,13.0,4.25,4.0,3.0,1.0,13.0,10.0,3.25,56.2857,50.1933,0
mylyn,org::eclipse::mylyn::internal::trac::ui::TracUiPlugin,4.0,6,1,6,18.0,0,19.0,4.0,22,2,46.0,6.0,2.09091,95.0,42.0,4.31818,-49.0,4.0,-2.22727,133.0,54.5248,0
mylyn,org::eclipse::mylyn::internal::tasks::core::TaskList,105.0,101,1,990,321.0,0,519.0,45.0,48,3,860.0,405.0,17.9167,1534.0,1119.0,31.9583,-674.0,35.0,-14.0417,48.0,2.47824,0
mylyn,org::eclipse::mylyn::internal::tasks::bugs::wizards::ReportErrorPage,6.0,5,1,10,16.0,0,74.0,5.0,10,2,148.0,79.0,14.8,63.0,16.0,6.3,85.0,69.0,8.5,42.8571,7.17761,1
mylyn,org::eclipse::mylyn::internal::jira::ui::editor::WorkLogTableLabelProvider,7.0,4,1,3,11.0,0,22.0,3.0,3,1,2.0,1.0,0.666667,2.0,1.0,0.666667,0.0,0.0,0.0,15.7143,7.57143,1
mylyn,org::eclipse::mylyn::tasks::ui::editors::AbstractTaskEditorExtension,0.0,1,1,3,3.0,1,0.0,3.0,2,1,1.0,1.0,0.5,1.0,1.0,0.5,0.0,0.0,0.0,21.5714,7.0,0
mylyn,org::eclipse::mylyn::internal::wikitext::ui::util::css::editor::Colors,0.0,0,1,0,0.0,0,0.0,0.0,1,1,0.0,0.0,0.0,0.0,0.0,0.0,0.0,0.0,0.0,6.42857,0.0,0
mylyn,org::eclipse::mylyn::internal::wikitext::ui::editor::syntax::Messages,2.0,3,1,1,3.0,0,9.0,2.0,2,1,1.0,1.0,0.5,1.0,1.0,0.5,0.0,0.0,0.0,19.8571,2.0,1
mylyn,org::eclipse::mylyn::internal::xplanner::ui::XPlannerTaskListMigrator,45.0,17,2,153,84.0,0,132.0,18.0,1,1,0.0,0.0,0.0,0.0,0.0,0.0,0.0,0.0,0.0,6.42857,0.0,1
mylyn,org::eclipse::mylyn::internal::tasks::ui::deprecated::TaskFactory,22.0,9,1,6,40.0,0,95.0,4.0,9,2,23.0,9.0,2.55556,20.0,8.0,2.22222,3.0,4.0,0.333333,45.2857,4.26087,0
mylyn,org::eclipse::mylyn::internal::trac::ui::Messages,1.0,0,1,0,2.0,0,3.0,1.0,1,1,0.0,0.0,0.0,0.0,0.0,0.0,0.0,0.0,0.0,14.8571,0.0,0
mylyn,org::eclipse::mylyn::internal::trac::core::TracAttributeMapper,13.0,6,2,10,17.0,0,27.0,5.0,7,2,19.0,7.0,2.71429,37.0,28.0,5.28571,-18.0,4.0,-2.57143,39.5714,9.61654,0
mylyn,org::eclipse::mylyn::wikitext::ui::viewer::Messages,2.0,2,1,1,3.0,0,9.0,2.0,2,1,1.0,1.0,0.5,1.0,1.0,0.5,0.0,0.0,0.0,19.8571,2.0,1
mylyn,org::eclipse::mylyn::internal::wikitext::twiki::core::validation::TWikiReferenceValidationRule,1.0,1,3,0,2.0,0,3.0,1.0,2,1,1.0,1.0,0.5,1.0,1.0,0.5,0.0,0.0,0.0,16.4286,1.71429,0
mylyn,org::eclipse::mylyn::internal::web::ui::BrowserTracker,9.0,3,2,21,10.0,0,31.0,7.0,6,2,9.0,4.0,1.5,24.0,15.0,4.0,-15.0,3.0,-2.5,92.4286,39.5714,0
mylyn,org::eclipse::mylyn::internal::context::core::InteractionContext,64.0,38,1,300,124.0,0,218.0,25.0,24,3,138.0,25.0,5.75,93.0,29.0,3.875,45.0,11.0,1.875,94.2857,36.6667,0
mylyn,org::eclipse::mylyn::internal::tasks::core::SaxRepositoriesWriter,3.0,10,1,1,14.0,0,21.0,2.0,15,2,57.0,12.0,3.8,44.0,12.0,2.93333,13.0,5.0,0.866667,139.143,81.5263,0
mylyn,org::eclipse::mylyn::internal::java::ui::actions::Messages,1.0,0,1,0,2.0,0,3.0,1.0,1,1,0.0,0.0,0.0,0.0,0.0,0.0,0.0,0.0,0.0,14.8571,0.0,0
mylyn,org::eclipse::mylyn::internal::tasks::ui::TaskEditorBloatMonitor,13.0,6,3,6,22.0,0,47.0,4.0,7,2,17.0,11.0,2.42857,8.0,5.0,1.14286,9.0,11.0,1.28571,64.8571,31.7899,1
mylyn,org::eclipse::mylyn::tasks::core::AbstractTaskListMigrator,0.0,1,1,10,5.0,5,0.0,5.0,6,2,14.0,4.0,2.33333,5.0,3.0,0.833333,9.0,4.0,1.5,43.7143,14.102,0
mylyn,org::eclipse::mylyn::internal::bugzilla::ui::tasklist::BugzillaCustomQueryWizardPage,9.0,4,3,15,20.0,0,57.0,6.0,37,3,154.0,45.0,4.16216,153.0,52.0,4.13513,1.0,9.0,0.027027,152.714,73.936,0
mylyn,org::eclipse::mylyn::internal::wikitext::confluence::core::block::ExtendedQuoteBlock,23.0,7,5,15,36.0,0,79.0,6.0,6,2,91.0,40.0,15.1667,75.0,62.0,12.5,16.0,39.0,2.66667,32.7143,11.3124,0
mylyn,org::eclipse::mylyn::context::core::AbstractContextStructureBridge,3.0,52,1,91,14.0,12,9.0,14.0,14,2,50.0,13.0,3.57143,76.0,24.0,5.42857,-26.0,7.0,-1.85714,120.429,36.46,0
mylyn,org::eclipse::mylyn::internal::bugzilla::ui::tasklist::BugzillaTaskAttachmentPage,8.0,10,2,6,53.0,0,126.0,4.0,3,1,19.0,15.0,6.33333,19.0,15.0,6.33333,0.0,0.0,0.0,13.5714,0.451128,0
mylyn,org::eclipse::mylyn::wikitext::tracwiki::core::Main,2.0,2,2,3,7.0,0,12.0,3.0,1,1,0.0,0.0,0.0,0.0,0.0,0.0,0.0,0.0,0.0,4.85714,0.0,0
mylyn,org::eclipse::mylyn::zest::layouts::algorithms::VerticalLayoutAlgorithm,11.0,0,3,3,3.0,0,17.0,3.0,4,2,18.0,12.0,4.5,3.0,2.0,0.75,15.0,11.0,3.75,184.857,30.9048,0
mylyn,org::eclipse::mylyn::context::tests::support::DomContextWriter,12.0,17,1,28,71.0,0,108.0,8.0,19,2,84.0,22.0,4.42105,54.0,11.0,2.84211,30.0,12.0,1.57895,131.714,79.3333,0
mylyn,org::eclipse::mylyn::internal::tasks::ui::search::SearchResultContentProvider,4.0,1,1,10,6.0,1,11.0,5.0,9,3,12.0,4.0,1.33333,13.0,4.0,1.44444,-1.0,3.0,-0.111111,135.429,74.0595,0
mylyn,org::eclipse::mylyn::monitor::usage::AbstractStudyQuestionnairePage,1.0,1,1,1,2.0,1,3.0,2.0,5,2,7.0,4.0,1.4,7.0,4.0,1.4,0.0,3.0,0.0,90.7143,48.5102,0
mylyn,org::eclipse::mylyn::internal::wikitext::mediawiki::core::block::TableBlock,57.0,11,3,28,124.0,0,199.0,8.0,3,2,58.0,37.0,19.3333,52.0,37.0,17.3333,6.0,6.0,2.0,32.7143,8.82266,1
mylyn,org::eclipse::mylyn::internal::tasks::ui::editors::TaskEditorPeoplePart,4.0,5,2,3,21.0,0,31.0,3.0,16,3,103.0,27.0,6.4375,345.0,280.0,21.5625,-242.0,11.0,-15.125,61.2857,10.172,1
mylyn,org::eclipse::mylyn::internal::wikitext::textile::core::block::TextileGlossaryBlock,8.0,6,4,3,13.0,0,29.0,3.0,3,2,9.0,5.0,3.0,9.0,5.0,3.0,0.0,0.0,0.0,32.7143,6.66667,0
mylyn,org::eclipse::mylyn::zest::core::widgets::internal::XYScaledGraphics,59.0,6,1,1081,145.0,0,206.0,47.0,4,1,5.0,3.0,1.25,4.0,2.0,1.0,1.0,1.0,0.25,103.714,20.4857,0
mylyn,org::eclipse::mylyn::internal::bugzilla::ui::tasklist::BugzillaCategorySearchOperation,14.0,2,1,45,20.0,0,67.0,10.0,14,2,49.0,14.0,3.5,43.0,9.0,3.07143,6.0,5.0,0.428571,164.0,21.6531,0
mylyn,org::eclipse::mylyn::internal::wikitext::textile::core::token::HyperlinkReplacementToken,3.0,2,2,6,5.0,0,9.0,4.0,4,2,9.0,6.0,2.25,9.0,6.0,2.25,0.0,0.0,0.0,32.7143,5.39683,0
mylyn,org::eclipse::mylyn::internal::tasklist::RelativePathUtil,6.0,2,1,0,15.0,0,27.0,1.0,3,1,5.0,5.0,1.66667,5.0,5.0,1.66667,0.0,0.0,0.0,164.429,0.428571,0
mylyn,org::eclipse::mylyn::tasks::core::RepositoryStatus,20.0,14,1,91,33.0,0,74.0,14.0,18,3,249.0,107.0,13.8333,152.0,101.0,8.44444,97.0,101.0,5.38889,97.1429,10.852,0
mylyn,org::eclipse::mylyn::internal::tasks::ui::actions::FilterCompletedTasksAction,3.0,2,1,1,12.0,0,19.0,2.0,15,2,36.0,6.0,2.4,36.0,6.0,2.4,0.0,3.0,0.0,139.571,74.1508,0
mylyn,org::eclipse::mylyn::internal::java::ui::JavaDebugStructureBridge,22.0,6,2,55,27.0,0,75.0,11.0,8,2,20.0,8.0,2.5,19.0,7.0,2.375,1.0,3.0,0.125,92.4286,30.2071,0
mylyn,org::eclipse::mylyn::internal::xplanner::core::service::exceptions::AuthenticationException,1.0,1,1,0,1.0,0,3.0,1.0,1,1,0.0,0.0,0.0,0.0,0.0,0.0,0.0,0.0,0.0,6.42857,0.0,0
mylyn,org::eclipse::mylyn::internal::jira::core::wsdl::beans::RemoteServerInfo,46.0,2,1,120,40.0,0,92.0,16.0,9,2,252.0,225.0,28.0,278.0,251.0,30.8889,-26.0,7.0,-2.88889,110.714,23.5737,0
mylyn,org::eclipse::mylyn::internal::resources::ui::EditorInteractionMonitor,30.0,12,3,21,63.0,0,114.0,7.0,33,2,229.0,37.0,6.93939,166.0,23.0,5.0303,63.0,25.0,1.90909,139.143,68.2614,0
mylyn,org::eclipse::mylyn::tasks::core::data::TaskAttribute,60.0,107,1,561,99.0,0,202.0,34.0,33,3,388.0,112.0,11.7576,257.0,94.0,7.78788,131.0,20.0,3.9697,47.1429,9.16973,0
mylyn,org::eclipse::mylyn::zest::layouts::algorithms::ContinuousLayoutAlgorithm,12.0,1,2,28,22.0,1,53.0,8.0,9,3,75.0,33.0,8.33333,43.0,36.0,4.77778,32.0,26.0,3.55556,184.857,43.3809,0
mylyn,org::eclipse::mylyn::internal::monitor::core::collection::InteractionEventClassifier,22.0,5,1,28,36.0,0,50.0,8.0,8,2,18.0,7.0,2.25,20.0,7.0,2.5,-2.0,4.0,-0.25,109.857,72.7619,0
mylyn,org::eclipse::mylyn::internal::context::core::InteractionContextScaling,14.0,14,1,78,17.0,0,43.0,13.0,8,2,42.0,21.0,5.25,39.0,16.0,4.875,3.0,5.0,0.375,73.8571,13.2551,0
mylyn,org::eclipse::mylyn::zest::tests::jface::GraphJFaceSnippet3,5.0,5,1,0,22.0,0,46.0,1.0,2,1,2.0,2.0,1.0,4.0,4.0,2.0,-2.0,0.0,-1.0,80.8571,0.0,0
mylyn,org::eclipse::mylyn::bugzilla::deprecated::BugzillaCompareNode,20.0,5,1,120,47.0,0,89.0,16.0,3,3,19.0,19.0,6.33333,15.0,15.0,5.0,4.0,4.0,1.33333,39.5714,13.0,0
mylyn,org::eclipse::mylyn::internal::tasks::ui::actions::DeleteTaskRepositoryAction,3.0,14,2,3,41.0,0,101.0,3.0,29,3,188.0,91.0,6.48276,138.0,61.0,4.75862,50.0,30.0,1.72414,139.571,104.862,0
mylyn,org::eclipse::mylyn::internal::tasks::ui::editors::AttachmentSizeFormatter,10.0,4,1,3,13.0,0,34.0,3.0,7,3,58.0,26.0,8.28571,39.0,10.0,5.57143,19.0,17.0,2.71429,57.7143,12.5542,0
mylyn,org::eclipse::mylyn::internal::jira::ui::wizards::JiraNamedFilterPage,29.0,8,3,55,51.0,0,192.0,11.0,7,2,43.0,16.0,6.14286,44.0,23.0,6.28571,-1.0,5.0,-0.142857,44.5714,14.7841,0
mylyn,org::eclipse::mylyn::internal::tasks::ui::util::WebBrowserDialog,1.0,0,1,1,3.0,0,6.0,2.0,5,3,8.0,4.0,1.6,8.0,5.0,1.6,0.0,3.0,0.0,135.571,87.0893,0
mylyn,org::eclipse::mylyn::internal::jira::core::IJiraConstants,0.0,0,1,0,0.0,0,0.0,0.0,5,2,50.0,24.0,10.0,23.0,22.0,4.6,27.0,23.0,5.4,43.7143,23.0971,0
mylyn,org::eclipse::mylyn::internal::tests::report::TaskReporterStatistics,2.0,2,1,1,8.0,0,14.0,2.0,6,2,24.0,10.0,4.0,2.0,1.0,0.333333,22.0,10.0,3.66667,65.0,16.4405,0
mylyn,org::eclipse::mylyn::internal::wikitext::ui::util::PreferenceStoreFacade,35.0,3,1,253,59.0,1,107.0,23.0,2,1,1.0,1.0,0.5,1.0,1.0,0.5,0.0,0.0,0.0,20.8571,6.14286,0
mylyn,org::eclipse::mylyn::internal::bugzilla::ui::FavoritesView,39.0,12,1,210,91.0,0,272.0,21.0,4,1,0.0,0.0,0.0,3.0,3.0,0.75,-3.0,0.0,-0.75,164.0,0.0,0
mylyn,org::eclipse::mylyn::internal::wikitext::tasks::ui::preferences::Messages,2.0,2,1,1,3.0,0,9.0,2.0,1,1,0.0,0.0,0.0,0.0,0.0,0.0,0.0,0.0,0.0,6.42857,0.0,1
mylyn,org::eclipse::mylyn::wikitext::core::parser::markup::token::AcronymReplacementToken,3.0,2,2,6,5.0,0,9.0,4.0,7,2,8.0,2.0,1.14286,6.0,2.0,0.857143,2.0,1.0,0.285714,32.7143,13.6786,0
mylyn,org::eclipse::mylyn::internal::trac::core::model::TracComponent,5.0,3,2,10,5.0,0,15.0,5.0,8,2,10.0,4.0,1.25,7.0,1.0,0.875,3.0,3.0,0.375,133.0,87.8,0
mylyn,org::eclipse::mylyn::internal::tasks::ui::actions::CollapseAllAction,3.0,1,1,1,6.0,0,13.0,2.0,12,2,25.0,4.0,2.08333,25.0,6.0,2.08333,0.0,3.0,0.0,139.571,80.9886,0
mylyn,org::eclipse::mylyn::internal::jira::core::wsdl::beans::RemoteScheme,39.0,4,1,91,34.0,1,81.0,14.0,9,2,219.0,192.0,24.3333,242.0,215.0,26.8889,-23.0,7.0,-2.55556,110.714,24.0261,0
mylyn,org::eclipse::mylyn::resources::ui::ResourcesUi,1.0,4,1,0,3.0,0,3.0,1.0,4,2,6.0,4.0,1.5,2.0,1.0,0.5,4.0,3.0,1.0,48.5714,21.4286,0
mylyn,org::eclipse::mylyn::internal::tasks::ui::util::Messages,1.0,0,1,0,2.0,0,3.0,1.0,7,2,22.0,12.0,3.14286,20.0,8.0,2.85714,2.0,12.0,0.285714,14.5714,3.93506,0
mylyn,org::eclipse::mylyn::internal::trac::core::TracClientManager,22.0,21,1,66,54.0,0,107.0,12.0,6,3,113.0,84.0,18.8333,10.0,5.0,1.66667,103.0,81.0,17.1667,140.714,4.82807,0
mylyn,org::eclipse::mylyn::internal::tasks::core::TaskContainerDelta,6.0,4,1,15,6.0,0,20.0,6.0,7,3,38.0,13.0,5.42857,27.0,13.0,3.85714,11.0,5.0,1.57143,43.7143,4.21053,0
mylyn,org::eclipse::mylyn::internal::bugzilla::core::internal::Favorite,8.0,8,1,28,9.0,0,29.0,8.0,4,1,3.0,2.0,0.75,3.0,2.0,0.75,0.0,0.0,0.0,164.0,10.5714,0
mylyn,org::eclipse::mylyn::internal::context::ui::InterestDecorator,16.0,6,1,45,20.0,0,49.0,10.0,17,2,78.0,20.0,4.58824,80.0,31.0,4.70588,-2.0,19.0,-0.117647,139.714,58.0787,0
mylyn,org::eclipse::mylyn::tasks::core::data::TaskAttachmentMapper,64.0,18,1,325,82.0,0,169.0,26.0,11,3,126.0,32.0,11.4545,78.0,23.0,7.09091,48.0,27.0,4.36364,45.2857,8.36168,0
mylyn,org::eclipse::mylyn::zest::tests::uml::UMLClassFigure,3.0,1,1,3,12.0,0,17.0,3.0,1,1,0.0,0.0,0.0,0.0,0.0,0.0,0.0,0.0,0.0,80.8571,0.0,0
mylyn,upload::PercentUsageComparator,3.0,2,1,1,6.0,0,11.0,2.0,5,1,8.0,5.0,1.6,8.0,4.0,1.6,0.0,4.0,0.0,103.714,53.0179,0
mylyn,org::eclipse::mylyn::internal::wikitext::ui::editor::assist::MarkupTemplateCompletionProcessor,25.0,9,1,28,47.0,0,103.0,8.0,9,2,28.0,18.0,3.11111,36.0,24.0,4.0,-8.0,1.0,-0.888889,32.7143,6.20408,1
mylyn,org::eclipse::mylyn::internal::bugzilla::core::search::BugzillaQueryPageParser,90.0,8,1,153,135.0,0,335.0,18.0,9,1,28.0,16.0,3.11111,17.0,9.0,1.88889,11.0,7.0,1.22222,164.0,5.32143,0
mylyn,org::eclipse::mylyn::internal::java::ui::LandmarkMarkerManager,12.0,7,2,21,41.0,0,107.0,7.0,36,2,171.0,21.0,4.75,185.0,15.0,5.13889,-14.0,10.0,-0.388889,164.0,71.3667,0
mylyn,org::eclipse::mylyn::internal::jira::core::service::soap::JiraSoapClient,62.0,40,2,496,126.0,0,365.0,32.0,27,2,373.0,137.0,13.8148,259.0,97.0,9.59259,114.0,40.0,4.22222,54.0,31.0582,0
mylyn,org::eclipse::mylyn::internal::jira::core::wsdl::beans::RemoteProject,67.0,5,3,231,61.0,0,126.0,22.0,9,2,364.0,324.0,40.4444,404.0,364.0,44.8889,-40.0,7.0,-4.44444,110.714,22.5632,0
mylyn,org::eclipse::mylyn::internal::jira::ui::editor::JiraTaskEditorPage,7.0,7,3,3,15.0,0,35.0,3.0,15,2,66.0,18.0,4.4,88.0,45.0,5.86667,-22.0,18.0,-1.46667,43.7143,16.1861,1
mylyn,org::eclipse::mylyn::internal::tasks::ui::views::TaskListSorter,27.0,8,1,15,13.0,0,77.0,6.0,1,1,0.0,0.0,0.0,0.0,0.0,0.0,0.0,0.0,0.0,8.28571,0.0,0
mylyn,org::eclipse::mylyn::internal::jira::core::model::JiraVersion,23.0,12,1,21,27.0,0,59.0,7.0,13,4,82.0,43.0,6.30769,40.0,19.0,3.07692,42.0,24.0,3.23077,88.4286,30.3467,0
mylyn,org::eclipse::mylyn::internal::team::ui::templates::Messages,1.0,0,1,0,2.0,0,3.0,1.0,1,1,0.0,0.0,0.0,0.0,0.0,0.0,0.0,0.0,0.0,14.8571,0.0,0
mylyn,org::eclipse::mylyn::internal::tasks::ui::actions::NewSubTaskAction,13.0,18,1,15,44.0,0,100.0,6.0,29,2,246.0,90.0,8.48276,203.0,70.0,7.0,43.0,77.0,1.48276,68.8571,26.2422,1
mylyn,org::eclipse::mylyn::internal::context::ui::actions::ContextCopyAction,8.0,8,2,3,21.0,0,50.0,3.0,30,3,107.0,11.0,3.56667,109.0,21.0,3.63333,-2.0,10.0,-0.0666667,118.714,51.7423,0
mylyn,org::eclipse::mylyn::internal::tasks::ui::editors::TaskHyperlinkDetector,5.0,8,2,3,12.0,1,30.0,3.0,16,2,181.0,51.0,11.3125,231.0,132.0,14.4375,-50.0,24.0,-3.125,90.4286,57.4546,0
mylyn,org::eclipse::mylyn::internal::resources::ui::ResourcesUiExtensionPointReader,6.0,2,1,3,11.0,0,27.0,3.0,8,2,14.0,6.0,1.75,18.0,6.0,2.25,-4.0,4.0,-0.5,92.4286,59.2551,0
mylyn,org::eclipse::mylyn::zest::core::widgets::internal::RoundedChopboxAnchor,7.0,4,1,3,16.0,0,27.0,3.0,2,1,1.0,1.0,0.5,1.0,1.0,0.5,0.0,0.0,0.0,103.714,11.5714,0
mylyn,org::eclipse::mylyn::wikitext::core::parser::builder::EventLoggingDocumentBuilder,16.0,1,2,120,32.0,0,51.0,16.0,6,2,34.0,16.0,5.66667,34.0,16.0,5.66667,0.0,1.0,0.0,32.7143,8.2437,0
mylyn,org::eclipse::mylyn::wikitext::core::parser::markup::phrase::LiteralPhraseModifierProcessor,3.0,3,3,1,8.0,0,11.0,2.0,5,2,29.0,25.0,5.8,5.0,2.0,1.0,24.0,23.0,4.8,32.7143,20.8325,0
mylyn,org::eclipse::mylyn::internal::wikitext::confluence::core::block::AbstractConfluenceDelimitedBlock,15.0,8,4,28,31.0,3,60.0,8.0,4,2,20.0,16.0,5.0,17.0,13.0,4.25,3.0,3.0,0.75,31.0,2.2,0
mylyn,org::eclipse::mylyn::internal::wikitext::ui::editor::assist::Templates,12.0,4,1,36,21.0,0,35.0,9.0,3,1,12.0,10.0,4.0,6.0,4.0,2.0,6.0,6.0,2.0,32.7143,1.71429,0
mylyn,org::eclipse::mylyn::internal::tasks::ui::editors::TaskPlanningEditor,79.0,30,2,378,233.0,0,728.0,28.0,174,3,1957.0,173.0,11.2471,1857.0,160.0,10.6724,100.0,58.0,0.574713,139.571,47.2803,1
mylyn,org::eclipse::mylyn::internal::tasks::ui::LocalRepositoryConnectorUi,6.0,2,2,15,9.0,0,18.0,6.0,4,2,7.0,4.0,1.75,3.0,1.0,0.75,4.0,3.0,1.0,42.1429,20.2857,0
mylyn,org::eclipse::mylyn::internal::tasks::ui::views::TaskListFilteredTree,34.0,24,2,136,109.0,0,431.0,17.0,113,3,1303.0,127.0,11.531,798.0,82.0,7.06195,505.0,109.0,4.46903,139.571,51.7615,1
mylyn,org::eclipse::mylyn::zest::core::messages::ZestUIMessages,1.0,1,1,0,2.0,0,8.0,1.0,1,1,0.0,0.0,0.0,0.0,0.0,0.0,0.0,0.0,0.0,103.714,0.0,0
mylyn,org::eclipse::mylyn::internal::tasks::core::SaxRepositoriesContentHandler,9.0,5,1,3,15.0,0,23.0,3.0,14,2,24.0,5.0,1.71429,27.0,5.0,1.92857,-3.0,4.0,-0.214286,139.143,80.5893,0
mylyn,org::eclipse::mylyn::internal::monitor::ui::ActionExecutionMonitor,1.0,2,1,1,5.0,0,4.0,2.0,6,2,7.0,4.0,1.16667,8.0,4.0,1.33333,-1.0,3.0,-0.166667,90.7143,58.6531,0
mylyn,org::eclipse::mylyn::internal::bugzilla::core::BugzillaFlag,20.0,6,1,45,23.0,0,62.0,10.0,6,2,57.0,44.0,9.5,13.0,6.0,2.16667,44.0,39.0,7.33333,44.1429,28.5664,0
mylyn,org::eclipse::mylyn::trac::tests::support::XmlRpcServer,16.0,7,1,105,30.0,0,61.0,15.0,23,2,96.0,24.0,4.17391,80.0,18.0,3.47826,16.0,16.0,0.695652,142.714,31.8676,0
mylyn,org::eclipse::mylyn::internal::resources::ui::Messages,1.0,0,1,0,2.0,0,3.0,1.0,1,1,0.0,0.0,0.0,0.0,0.0,0.0,0.0,0.0,0.0,19.1429,0.0,0
mylyn,org::eclipse::mylyn::examples::monitor::study::SelectionMonitor,27.0,11,2,10,37.0,0,98.0,5.0,15,2,35.0,7.0,2.33333,37.0,7.0,2.46667,-2.0,2.0,-0.133333,109.857,35.4898,0
mylyn,org::eclipse::mylyn::internal::tasks::ui::workingsets::TaskWorkingSetElementFactory,7.0,5,1,0,12.0,0,37.0,1.0,19,2,49.0,13.0,2.57895,25.0,4.0,1.31579,24.0,11.0,1.26316,91.1429,41.8863,0
mylyn,org::eclipse::mylyn::internal::jira::core::model::Version,18.0,12,1,120,18.0,0,57.0,16.0,12,2,27.0,8.0,2.25,52.0,20.0,4.33333,-25.0,8.0,-2.08333,110.714,52.3545,0
mylyn,org::eclipse::mylyn::internal::context::ui::editors::ContextEditorFormPage,31.0,20,1,136,87.0,0,377.0,17.0,79,3,1225.0,179.0,15.5063,634.0,71.0,8.02532,591.0,179.0,7.48101,108.714,29.2007,1
mylyn,org::eclipse::mylyn::zest::core::viewers::internal::ZestException,6.0,2,1,1,3.0,0,22.0,2.0,2,1,2.0,2.0,1.0,2.0,2.0,1.0,0.0,0.0,0.0,103.0,10.8571,0
mylyn,org::eclipse::mylyn::internal::tasks::ui::actions::ActivateTaskDialogAction,5.0,7,1,3,12.0,0,22.0,3.0,18,3,33.0,5.0,1.83333,48.0,11.0,2.66667,-15.0,4.0,-0.833333,125.571,68.9437,0
mylyn,org::eclipse::mylyn::internal::sandbox::ui::InterestInducingProblemListener,10.0,10,1,10,27.0,0,42.0,5.0,6,2,8.0,4.0,1.33333,4.0,1.0,0.666667,4.0,3.0,0.666667,48.8571,16.8036,0
mylyn,org::eclipse::mylyn::internal::tasks::ui::TaskHistoryDropDown,12.0,11,1,6,39.0,0,63.0,4.0,24,3,170.0,96.0,7.08333,155.0,82.0,6.45833,15.0,16.0,0.625,90.0,39.2714,0
mylyn,org::eclipse::mylyn::internal::wikitext::ui::editor::syntax::Span,3.0,3,1,3,7.0,0,10.0,3.0,4,2,9.0,7.0,2.25,7.0,5.0,1.75,2.0,2.0,0.5,32.7143,2.95238,0
mylyn,org::eclipse::mylyn::internal::tasks::ui::PersonContentProposal,11.0,4,1,28,12.0,0,33.0,8.0,13,3,96.0,52.0,7.38462,66.0,52.0,5.07692,30.0,52.0,2.30769,96.5714,19.0937,0
mylyn,org::eclipse::mylyn::internal::team::ccvs::CommitContextWizard,2.0,1,1,1,3.0,0,10.0,2.0,4,1,5.0,2.0,1.25,8.0,4.0,2.0,-3.0,0.0,-0.75,92.4286,19.6286,0
mylyn,org::eclipse::mylyn::internal::jira::core::model::CustomField,7.0,6,2,21,8.0,0,23.0,7.0,11,3,41.0,10.0,3.72727,26.0,17.0,2.36364,15.0,10.0,1.36364,94.7143,30.331,0
mylyn,org::eclipse::mylyn::internal::tasks::core::TaskActivationHistory,22.0,9,1,36,42.0,0,65.0,9.0,7,3,57.0,36.0,8.14286,81.0,38.0,11.5714,-24.0,11.0,-3.42857,45.4286,24.5013,0
mylyn,org::eclipse::mylyn::internal::context::ui::actions::RemoveFromContextAction,14.0,5,1,6,27.0,0,60.0,4.0,8,2,89.0,66.0,11.125,25.0,9.0,3.125,64.0,62.0,8.0,108.571,3.56982,0
mylyn,org::eclipse::mylyn::internal::tasks::ui::util::AbstractRetrieveTitleFromUrlJob,5.0,5,1,10,11.0,0,27.0,5.0,1,1,0.0,0.0,0.0,0.0,0.0,0.0,0.0,0.0,0.0,9.42857,0.0,0
mylyn,org::eclipse::mylyn::internal::bugzilla::core::KeywordParser,39.0,4,1,6,42.0,0,95.0,4.0,13,2,22.0,7.0,1.69231,166.0,155.0,12.7692,-144.0,7.0,-11.0769,148.571,26.1169,0
mylyn,org::eclipse::mylyn::tasks::core::data::AbstractTaskDataHandler,5.0,14,1,28,9.0,4,14.0,8.0,12,2,31.0,8.0,2.58333,95.0,67.0,7.91667,-64.0,4.0,-5.33333,45.2857,6.2765,0
mylyn,org::eclipse::mylyn::internal::sandbox::ui::planner::TaskPlanSorter,12.0,3,2,3,13.0,0,35.0,3.0,5,3,13.0,4.0,2.6,10.0,4.0,2.0,3.0,3.0,0.6,46.0,9.48352,0
mylyn,org::eclipse::mylyn::internal::tasks::ui::views::TaskInputDialog,20.0,4,1,66,38.0,0,197.0,12.0,24,2,70.0,17.0,2.91667,71.0,21.0,2.95833,-1.0,4.0,-0.0416667,139.571,83.2204,0
mylyn,org::eclipse::mylyn::internal::tasks::ui::commands::OpenTaskRepositoryPropertiesHandler,3.0,1,1,0,4.0,0,10.0,1.0,3,2,5.0,4.0,1.66667,2.0,1.0,0.666667,3.0,3.0,1.0,32.1429,9.08571,0
mylyn,org::eclipse::mylyn::tasks::ui::wizards::TaskAttachmentPage,24.0,12,1,55,70.0,1,214.0,11.0,20,3,116.0,23.0,5.8,134.0,35.0,6.7,-18.0,8.0,-0.9,45.5714,13.3621,0
mylyn,org::eclipse::mylyn::wikitext::core::parser::TableRowAttributes,6.0,3,2,21,7.0,0,18.0,7.0,5,2,14.0,9.0,2.8,4.0,2.0,0.8,10.0,7.0,2.0,32.7143,11.051,0
mylyn,org::eclipse::mylyn::internal::tasks::core::TransferList,12.0,6,1,36,22.0,0,43.0,9.0,2,1,1.0,1.0,0.5,1.0,1.0,0.5,0.0,0.0,0.0,6.71429,0.142857,0
mylyn,org::eclipse::mylyn::internal::tasks::core::data::TaskDataStateReader,15.0,15,1,21,26.0,0,55.0,7.0,26,2,668.0,419.0,25.6923,442.0,263.0,17.0,226.0,156.0,8.69231,47.1429,1.59752,0
mylyn,org::eclipse::mylyn::internal::tasks::ui::editors::TaskEditorOutlineNode,25.0,15,1,91,62.0,0,101.0,14.0,6,2,39.0,23.0,6.5,29.0,17.0,4.83333,10.0,6.0,1.66667,41.2857,7.78022,0
mylyn,org::eclipse::mylyn::internal::bugzilla::ui::action::BugzillaObsoleteAttachmentAction,1.0,0,2,0,1.0,0,3.0,1.0,1,1,0.0,0.0,0.0,0.0,0.0,0.0,0.0,0.0,0.0,8.71429,0.0,0
mylyn,org::eclipse::mylyn::internal::commons::core::XmlStringConverter,41.0,12,1,21,44.0,0,102.0,7.0,8,3,49.0,29.0,6.125,16.0,9.0,2.0,33.0,29.0,4.125,46.0,7.44606,0
mylyn,org::eclipse::mylyn::internal::jira::core::model::filter::CurrentUserFilter,1.0,2,2,1,3.0,0,3.0,2.0,7,1,10.0,5.0,1.42857,8.0,4.0,1.14286,2.0,4.0,0.285714,110.714,58.7,0
mylyn,org::eclipse::mylyn::internal::bugzilla::ui::ViewBugzillaAction,3.0,2,1,1,7.0,0,14.0,2.0,4,1,1.0,1.0,0.25,0.0,0.0,0.0,1.0,1.0,0.25,164.0,15.4286,0
mylyn,org::eclipse::mylyn::internal::tasks::ui::views::TaskScheduleContentProvider,17.0,15,3,36,67.0,0,119.0,9.0,43,3,653.0,136.0,15.186,474.0,82.0,11.0233,179.0,65.0,4.16279,104.0,34.8856,0
mylyn,org::eclipse::mylyn::internal::java::ui::JavaUiBridgePlugin,16.0,23,1,36,49.0,0,117.0,9.0,34,3,306.0,56.0,9.0,376.0,99.0,11.0588,-70.0,26.0,-2.05882,92.4286,26.746,0
mylyn,org::eclipse::mylyn::internal::tasks::ui::editors::RepositoryTaskOutlineComparer,7.0,4,1,3,12.0,0,22.0,3.0,8,2,10.0,4.0,1.25,14.0,4.0,1.75,-4.0,3.0,-0.5,139.571,84.6429,0
mylyn,org::eclipse::mylyn::zest::core::viewers::EntityConnectionData,5.0,2,1,3,5.0,0,22.0,3.0,5,1,22.0,14.0,4.4,7.0,5.0,1.4,15.0,9.0,3.0,121.571,27.6104,0
mylyn,org::eclipse::mylyn::internal::tasks::core::deprecated::AbstractTaskListFactory,5.0,0,1,21,8.0,1,15.0,7.0,7,2,55.0,22.0,7.85714,58.0,21.0,8.28571,-3.0,3.0,-0.428571,45.0,4.04935,0
mylyn,org::eclipse::mylyn::internal::wikitext::twiki::core::block::VerbatimBlock,9.0,6,3,6,18.0,0,31.0,4.0,2,1,3.0,3.0,1.5,3.0,3.0,1.5,0.0,0.0,0.0,23.8571,4.0,0
mylyn,upload::GetUserIDServlet,7.0,13,1,3,42.0,0,64.0,3.0,4,1,13.0,7.0,3.25,1.0,1.0,0.25,12.0,7.0,3.0,103.714,38.0989,0
mylyn,org::eclipse::mylyn::internal::sandbox::ui::DelegatingContextLabelProvider,12.0,6,1,36,27.0,0,59.0,9.0,6,2,10.0,5.0,1.66667,9.0,4.0,1.5,1.0,1.0,0.166667,48.8571,15.2571,0
mylyn,org::eclipse::mylyn::internal::tasks::core::UnsubmittedTaskContainer,3.0,2,5,3,3.0,0,9.0,3.0,5,3,17.0,9.0,3.4,33.0,28.0,6.6,-16.0,3.0,-3.2,39.8571,10.8908,0
mylyn,org::eclipse::mylyn::internal::xplanner::ui::editor::Messages,1.0,0,1,0,1.0,0,2.0,1.0,1,1,0.0,0.0,0.0,0.0,0.0,0.0,0.0,0.0,0.0,6.42857,0.0,0
mylyn,org::eclipse::mylyn::internal::tasks::core::externalization::TaskListExternalizationParticipant,19.0,13,2,105,39.0,0,104.0,15.0,23,3,243.0,66.0,10.5652,183.0,70.0,7.95652,60.0,57.0,2.6087,46.0,3.09053,0
mylyn,org::eclipse::mylyn::internal::sandbox::ui::planner::TaskActivityWizard,5.0,5,1,6,18.0,0,27.0,4.0,6,2,13.0,5.0,2.16667,10.0,5.0,1.66667,3.0,4.0,0.5,46.0,18.8571,0
mylyn,org::eclipse::mylyn::internal::web::ui::WebResourceStructureBridge,26.0,7,2,78,29.0,0,76.0,13.0,8,2,18.0,8.0,2.25,18.0,8.0,2.25,0.0,3.0,0.0,92.4286,20.8254,0
mylyn,org::eclipse::mylyn::internal::wikitext::tracwiki::core::token::HyperlinkReplacementToken,3.0,2,2,6,5.0,0,9.0,4.0,4,2,13.0,10.0,3.25,9.0,6.0,2.25,4.0,4.0,1.0,32.7143,7.84615,0
mylyn,org::eclipse::mylyn::wikitext::core::util::anttask::MarkupToHtmlTask,61.0,23,2,465,164.0,1,263.0,31.0,15,2,219.0,52.0,14.6,119.0,49.0,7.93333,100.0,39.0,6.66667,32.7143,15.3816,0
mylyn,org::eclipse::mylyn::tasks::ui::AbstractTaskHyperlinkDetector,13.0,7,1,10,20.0,5,44.0,5.0,3,1,3.0,3.0,1.0,9.0,6.0,3.0,-6.0,0.0,-2.0,22.2857,0.285714,0
mylyn,org::eclipse::mylyn::tasks::ui::LegendElement,5.0,6,1,10,7.0,0,15.0,5.0,4,2,18.0,13.0,4.5,2.0,1.0,0.5,16.0,13.0,4.0,43.7143,9.24603,0
mylyn,org::eclipse::mylyn::internal::wikitext::ui::editor::preferences::CssStyleFieldEditor,14.0,7,1,1,40.0,0,58.0,2.0,5,1,9.0,4.0,1.8,8.0,3.0,1.6,1.0,1.0,0.2,16.5714,7.49206,1
mylyn,org::eclipse::mylyn::internal::tasks::ui::wizards::AttachmentPreviewPage,18.0,6,1,66,54.0,0,199.0,12.0,4,1,6.0,3.0,1.5,6.0,6.0,1.5,0.0,3.0,0.0,14.7143,2.95238,1
mylyn,org::eclipse::mylyn::internal::wikitext::tasks::ui::util::ShowInTargetBridge,5.0,2,1,1,9.0,0,19.0,2.0,1,1,0.0,0.0,0.0,0.0,0.0,0.0,0.0,0.0,0.0,4.0,0.0,0
mylyn,org::eclipse::mylyn::internal::wikitext::ui::editor::assist::Messages,2.0,1,1,1,3.0,0,9.0,2.0,2,1,1.0,1.0,0.5,1.0,1.0,0.5,0.0,0.0,0.0,19.8571,2.0,1
mylyn,org::eclipse::mylyn::internal::wikitext::tracwiki::core::phrase::SimplePhraseModifier,1.0,1,3,0,1.0,1,3.0,1.0,2,1,8.0,8.0,4.0,8.0,8.0,4.0,0.0,0.0,0.0,32.7143,1.71429,0
mylyn,org::eclipse::mylyn::internal::sandbox::ui::GroupedPresentation,4.0,1,2,6,6.0,0,16.0,4.0,4,3,9.0,5.0,2.25,5.0,3.0,1.25,4.0,4.0,1.0,81.0,45.1587,0
mylyn,org::eclipse::mylyn::internal::commons::ui::ColorCanvas,2.0,0,1,1,6.0,0,18.0,2.0,3,1,6.0,5.0,2.0,2.0,1.0,0.666667,4.0,4.0,1.33333,45.8571,19.3095,0
mylyn,org::eclipse::mylyn::zest::layouts::algorithms::TreeLayoutAlgorithm,80.0,7,2,351,174.0,2,388.0,27.0,6,2,45.0,26.0,7.5,24.0,13.0,4.0,21.0,13.0,3.5,184.857,78.5206,0
mylyn,org::eclipse::mylyn::tasks::ui::editors::AttributeEditorFactory,5.0,21,1,6,42.0,2,80.0,4.0,12,3,101.0,26.0,8.41667,24.0,13.0,2.0,77.0,25.0,6.41667,45.8571,16.5106,0
mylyn,org::eclipse::mylyn::internal::wikitext::ui::util::css::Selector,0.0,3,1,0,1.0,6,0.0,1.0,1,1,0.0,0.0,0.0,0.0,0.0,0.0,0.0,0.0,0.0,7.42857,0.0,0
mylyn,org::eclipse::mylyn::internal::tasks::ui::search::SearchResultSorter,2.0,3,1,3,9.0,0,28.0,3.0,1,1,0.0,0.0,0.0,0.0,0.0,0.0,0.0,0.0,0.0,8.28571,0.0,0
mylyn,org::eclipse::mylyn::internal::xplanner::ui::wizard::XPlannerCustomQueryPage,86.0,20,4,561,226.0,0,568.0,34.0,2,2,0.0,0.0,0.0,1.0,1.0,0.5,-1.0,0.0,-0.5,6.42857,0.0,0
mylyn,org::eclipse::mylyn::zest::tests::jface::GraphJFaceSnippet2,3.0,2,1,0,12.0,0,19.0,1.0,1,1,0.0,0.0,0.0,0.0,0.0,0.0,0.0,0.0,0.0,80.8571,0.0,0
mylyn,org::eclipse::mylyn::internal::monitor::ui::WindowChangeMonitor,6.0,4,1,15,20.0,0,23.0,6.0,8,2,21.0,8.0,2.625,23.0,10.0,2.875,-2.0,6.0,-0.25,90.7143,42.2857,0
mylyn,org::eclipse::mylyn::internal::monitor::ui::PreferenceChangeMonitor,4.0,4,1,3,10.0,0,12.0,3.0,7,2,8.0,4.0,1.14286,12.0,4.0,1.71429,-4.0,3.0,-0.571429,90.7143,53.4821,0
mylyn,org::eclipse::mylyn::internal::tasks::ui::actions::TaskWorkingSetAction,14.0,4,1,15,32.0,0,77.0,6.0,21,2,281.0,44.0,13.381,366.0,166.0,17.4286,-85.0,38.0,-4.04762,91.5714,4.98576,0
mylyn,org::eclipse::mylyn::internal::tasks::ui::editors::BrowserPreviewViewer,10.0,3,1,15,15.0,0,120.0,6.0,2,1,7.0,7.0,3.5,7.0,7.0,3.5,0.0,0.0,0.0,21.5714,7.0,1
mylyn,org::eclipse::mylyn::internal::tasks::ui::TasksUiMessages,0.0,0,1,0,0.0,0,0.0,0.0,5,2,7.0,4.0,1.4,4.0,1.0,0.8,3.0,3.0,0.6,74.7143,48.3673,0
mylyn,org::eclipse::mylyn::internal::tasks::ui::search::OpenSearchResultAction,4.0,3,1,1,12.0,0,19.0,2.0,18,3,33.0,5.0,1.83333,47.0,11.0,2.61111,-14.0,4.0,-0.777778,135.429,53.013,0
mylyn,org::xplanner::soap::NoteData,41.0,3,2,153,42.0,0,101.0,18.0,6,2,261.0,257.0,43.5,286.0,282.0,47.6667,-25.0,0.0,-4.16667,93.7143,38.9743,0
mylyn,org::eclipse::mylyn::internal::trac::core::Messages,1.0,0,1,0,2.0,0,3.0,1.0,1,1,0.0,0.0,0.0,0.0,0.0,0.0,0.0,0.0,0.0,14.8571,0.0,1
mylyn,org::eclipse::mylyn::internal::jira::core::service::JiraTimeFormat,21.0,12,1,6,52.0,0,63.0,4.0,1,1,0.0,0.0,0.0,0.0,0.0,0.0,0.0,0.0,0.0,2.71429,0.0,0
mylyn,org::eclipse::mylyn::internal::wikitext::ui::util::OutlineItemWorkbenchAdapter,10.0,4,1,15,15.0,0,35.0,6.0,2,1,5.0,5.0,2.5,1.0,1.0,0.5,4.0,4.0,2.0,8.57143,0.0,0
mylyn,org::eclipse::mylyn::wikitext::core::parser::markup::MarkupLanguage,45.0,72,1,276,102.0,1,191.0,24.0,12,2,269.0,119.0,22.4167,164.0,80.0,13.6667,105.0,73.0,8.75,32.7143,14.3335,0
mylyn,org::eclipse::mylyn::internal::tasks::core::externalization::Messages,1.0,0,1,0,2.0,0,3.0,1.0,1,1,0.0,0.0,0.0,0.0,0.0,0.0,0.0,0.0,0.0,14.7143,0.0,0
mylyn,org::eclipse::mylyn::internal::wikitext::ui::util::css::editor::SelectorRule,25.0,2,1,21,18.0,0,54.0,7.0,1,1,0.0,0.0,0.0,0.0,0.0,0.0,0.0,0.0,0.0,6.42857,0.0,0
mylyn,org::eclipse::mylyn::internal::tasks::ui::editors::TaskEditorSummaryPart,23.0,13,2,28,74.0,0,128.0,8.0,23,2,307.0,74.0,13.3478,432.0,176.0,18.7826,-125.0,58.0,-5.43478,61.2857,11.966,1
mylyn,org::eclipse::mylyn::wikitext::core::parser::builder::RecordingDocumentBuilder,19.0,7,2,190,42.0,0,57.0,20.0,3,1,21.0,20.0,7.0,13.0,12.0,4.33333,8.0,8.0,2.66667,32.7143,1.71429,0
mylyn,org::eclipse::mylyn::tasks::ui::editors::TaskEditorPartDescriptor,8.0,9,1,21,11.0,5,31.0,7.0,5,2,29.0,21.0,5.8,54.0,40.0,10.8,-25.0,3.0,-5.0,42.8571,3.7931,0
mylyn,org::eclipse::mylyn::internal::jira::ui::JiraIssueEditorInput,12.0,2,1,45,17.0,0,36.0,10.0,3,1,1.0,1.0,0.333333,0.0,0.0,0.0,1.0,1.0,0.333333,147.857,23.8571,0
mylyn,org::eclipse::mylyn::internal::wikitext::ui::util::css::CssClassSelector,3.0,3,2,3,4.0,0,9.0,3.0,2,1,1.0,1.0,0.5,1.0,1.0,0.5,0.0,0.0,0.0,7.42857,0.571429,0
mylyn,org::eclipse::mylyn::wikitext::core::util::DefaultXmlStreamWriter,72.0,5,2,561,108.0,0,217.0,34.0,8,2,58.0,27.0,7.25,77.0,30.0,9.625,-19.0,1.0,-2.375,32.7143,7.62315,0
mylyn,org::eclipse::mylyn::internal::tasks::ui::editors::CategoryEditor,9.0,2,1,36,21.0,0,68.0,9.0,12,2,42.0,20.0,3.5,29.0,6.0,2.41667,13.0,14.0,1.08333,139.571,41.1565,0
mylyn,org::eclipse::mylyn::internal::tasks::core::RepositoryModel,14.0,20,1,45,50.0,0,76.0,10.0,6,2,14.0,6.0,2.33333,7.0,2.0,1.16667,7.0,4.0,1.16667,41.0,6.40816,0
mylyn,org::eclipse::mylyn::internal::monitor::usage::editors::UserStudyEditorPart,8.0,11,2,15,44.0,0,133.0,6.0,18,3,235.0,192.0,13.0556,230.0,192.0,12.7778,5.0,192.0,0.277778,103.571,6.65653,0
mylyn,org::eclipse::mylyn::internal::sandbox::dev::properties::AbstractTaskContainerPropertySource,29.0,8,1,78,55.0,3,115.0,13.0,8,2,83.0,31.0,10.375,39.0,15.0,4.875,44.0,30.0,5.5,67.5714,32.4475,0
mylyn,org::eclipse::mylyn::internal::sandbox::ui::hyperlinks::DefaultResourceHyperlinkExtension,4.0,2,2,3,6.0,0,13.0,3.0,3,2,5.0,4.0,1.66667,2.0,1.0,0.666667,3.0,3.0,1.0,31.8571,5.31429,0
mylyn,org::eclipse::mylyn::internal::tasks::bugs::wizards::FeatureGroup,10.0,3,1,36,20.0,0,42.0,9.0,7,2,98.0,88.0,14.0,92.0,88.0,13.1429,6.0,88.0,0.857143,40.8571,1.9621,1
mylyn,org::eclipse::mylyn::wikitext::tracwiki::core::TracWikiLanguage,27.0,37,3,153,53.0,0,134.0,18.0,14,2,402.0,154.0,28.7143,208.0,98.0,14.8571,194.0,153.0,13.8571,32.7143,22.6283,0
mylyn,org::eclipse::mylyn::tasks::core::data::TaskMapper,91.0,28,1,1378,249.0,3,299.0,53.0,24,2,435.0,181.0,18.125,244.0,144.0,10.1667,191.0,75.0,7.95833,44.7143,4.35074,1
mylyn,org::eclipse::mylyn::internal::provisional::tasks::ui::wizards::AbstractRepositoryQueryPage2,30.0,12,3,136,75.0,0,184.0,17.0,5,1,32.0,14.0,6.4,12.0,7.0,2.4,20.0,10.0,4.0,17.0,4.22768,0
mylyn,org::eclipse::mylyn::internal::wikitext::ui::properties::Messages,2.0,2,1,1,3.0,0,9.0,2.0,1,1,0.0,0.0,0.0,0.0,0.0,0.0,0.0,0.0,0.0,14.0,0.0,1
mylyn,org::eclipse::mylyn::zest::layouts::dataStructures::DisplayIndependentRectangle,6.0,1,1,3,3.0,0,15.0,3.0,3,2,9.0,8.0,3.0,1.0,1.0,0.333333,8.0,8.0,2.66667,184.857,102.619,0
mylyn,org::eclipse::mylyn::bugzilla::deprecated::AttachmentPartSource,4.0,0,1,6,7.0,0,12.0,4.0,3,3,4.0,4.0,1.33333,1.0,1.0,0.333333,3.0,3.0,1.0,39.5714,13.0,0
mylyn,org::eclipse::mylyn::wikitext::core::parser::ImageAttributes,10.0,8,2,55,11.0,0,30.0,11.0,4,2,15.0,13.0,3.75,2.0,1.0,0.5,13.0,12.0,3.25,32.7143,4.62857,0
mylyn,org::eclipse::mylyn::internal::tests::report::Main,18.0,13,1,10,55.0,0,92.0,5.0,11,2,76.0,34.0,6.90909,41.0,19.0,3.72727,35.0,15.0,3.18182,65.2857,38.4041,0
mylyn,org::eclipse::mylyn::internal::tasks::ui::util::PlatformUtil,16.0,5,1,15,20.0,0,38.0,6.0,4,1,71.0,42.0,17.75,1.0,1.0,0.25,70.0,42.0,17.5,21.8571,13.5674,1
mylyn,org::eclipse::mylyn::internal::jira::core::JiraAttributeMapper,29.0,18,2,28,106.0,0,110.0,8.0,23,2,211.0,76.0,9.17391,105.0,33.0,4.56522,106.0,69.0,4.6087,47.1429,6.88964,1
mylyn,org::eclipse::mylyn::internal::monitor::usage::UsageMonitorImages,7.0,3,1,6,19.0,0,34.0,4.0,9,2,25.0,14.0,2.77778,15.0,5.0,1.66667,10.0,9.0,1.11111,109.857,34.84,0
mylyn,org::eclipse::mylyn::internal::team::ccvs::CvsLinkedTaskInfoAdapterFactory,17.0,6,1,10,22.0,0,62.0,5.0,8,2,13.0,4.0,1.625,14.0,5.0,1.75,-1.0,0.0,-0.125,91.5714,24.4396,0
mylyn,org::eclipse::mylyn::wikitext::ui::viewer::HtmlViewerConfiguration,18.0,10,2,66,34.0,1,68.0,12.0,15,2,154.0,47.0,10.2667,196.0,77.0,13.0667,-42.0,31.0,-2.8,32.7143,14.8831,0
mylyn,org::eclipse::mylyn::internal::wikitext::ui::editor::dnd::Messages,2.0,3,1,1,3.0,0,9.0,2.0,1,1,0.0,0.0,0.0,0.0,0.0,0.0,0.0,0.0,0.0,7.71429,0.0,1
mylyn,org::eclipse::mylyn::tasks::core::TaskMapping,22.0,9,1,253,23.0,13,87.0,23.0,8,2,113.0,68.0,14.125,6.0,2.0,0.75,107.0,68.0,13.375,42.0,3.0177,0
mylyn,org::eclipse::mylyn::internal::bugzilla::core::BugzillaClient,353.0,60,1,666,902.0,0,1550.0,37.0,184,4,4454.0,316.0,24.2065,3718.0,450.0,20.2065,736.0,298.0,4.0,123.857,58.9271,1
mylyn,org::eclipse::mylyn::internal::provisional::commons::ui::AbstractNotification,1.0,6,1,28,8.0,1,3.0,8.0,3,2,8.0,4.0,2.66667,1.0,1.0,0.333333,7.0,4.0,2.33333,45.8571,14.2857,0
mylyn,org::eclipse::mylyn::internal::sandbox::bridge::bugs::BugzillaReportInfo,15.0,11,1,78,32.0,0,58.0,13.0,29,3,105.0,17.0,3.62069,108.0,17.0,3.72414,-3.0,4.0,-0.103448,140.857,54.0,0
mylyn,org::eclipse::mylyn::internal::tasks::ui::TaskPriorityFilter,7.0,4,2,3,9.0,0,19.0,3.0,24,3,58.0,8.0,2.41667,64.0,9.0,2.66667,-6.0,5.0,-0.25,139.571,65.2217,0
mylyn,org::eclipse::mylyn::internal::resources::ui::preferences::FocusedResourcesPreferencePage,14.0,5,1,36,38.0,0,124.0,9.0,12,3,55.0,11.0,4.58333,37.0,8.0,3.08333,18.0,8.0,1.5,92.5714,32.6571,0
mylyn,org::eclipse::mylyn::internal::tasks::core::data::ElementHandler,24.0,20,1,105,35.0,15,73.0,15.0,5,2,8.0,4.0,1.6,5.0,2.0,1.0,3.0,3.0,0.6,47.1429,23.1964,0
mylyn,org::eclipse::mylyn::commons::core::AbstractErrorReporter,0.0,1,1,1,2.0,2,0.0,2.0,3,2,24.0,20.0,8.0,1.0,1.0,0.333333,23.0,20.0,7.66667,46.0,9.19048,0
mylyn,org::eclipse::mylyn::internal::web::tasks::ParametersEditor,7.0,6,1,10,30.0,0,115.0,5.0,9,4,33.0,20.0,3.66667,31.0,21.0,3.44444,2.0,3.0,0.222222,92.4286,13.0519,0
mylyn,org::eclipse::mylyn::internal::tasks::core::RepositoryQuery,24.0,32,3,120,34.0,2,71.0,16.0,10,2,50.0,25.0,5.0,27.0,10.0,2.7,23.0,25.0,2.3,44.7143,5.83143,0
mylyn,org::eclipse::mylyn::wikitext::core::parser::markup::PatternBasedElementProcessor,15.0,35,2,36,15.0,40,39.0,9.0,2,1,28.0,28.0,14.0,18.0,18.0,9.0,10.0,10.0,5.0,32.7143,1.71429,0
mylyn,org::eclipse::mylyn::internal::tasks::ui::actions::ImportAction,15.0,15,1,10,63.0,0,87.0,5.0,1,1,0.0,0.0,0.0,0.0,0.0,0.0,0.0,0.0,0.0,6.71429,0.0,0
mylyn,org::eclipse::mylyn::internal::commons::ui::Messages,1.0,0,1,0,2.0,0,3.0,1.0,2,1,0.0,0.0,0.0,2.0,2.0,1.0,-2.0,0.0,-1.0,14.8571,0.0,0
mylyn,org::eclipse::mylyn::internal::bugzilla::core::UnrecognizedReponseException,1.0,0,1,0,1.0,0,3.0,1.0,7,2,12.0,6.0,1.71429,11.0,4.0,1.57143,1.0,3.0,0.142857,141.0,67.7738,0
mylyn,org::eclipse::mylyn::commons::net::AbstractWebLocation,4.0,13,1,15,7.0,2,12.0,6.0,2,1,0.0,0.0,0.0,0.0,0.0,0.0,0.0,0.0,0.0,45.8571,0.0,0
mylyn,org::eclipse::mylyn::internal::ide::ant::Messages,1.0,0,1,0,2.0,0,3.0,1.0,1,1,0.0,0.0,0.0,0.0,0.0,0.0,0.0,0.0,0.0,19.1429,0.0,0
mylyn,org::eclipse::mylyn::internal::tasks::ui::notifications::TaskListNotificationPopup,7.0,6,2,10,27.0,0,105.0,5.0,21,2,99.0,19.0,4.71429,212.0,143.0,10.0952,-113.0,17.0,-5.38095,66.8571,17.5527,1
mylyn,org::eclipse::mylyn::internal::sandbox::ui::planner::TaskActivityEditorPart,39.0,19,1,210,166.0,0,484.0,21.0,7,3,29.0,12.0,4.14286,23.0,11.0,3.28571,6.0,2.0,0.857143,46.0,15.2167,0
mylyn,org::eclipse::mylyn::internal::hypertext::ui::editors::RelatedLinks,5.0,1,1,10,9.0,0,15.0,5.0,3,1,0.0,0.0,0.0,0.0,0.0,0.0,0.0,0.0,0.0,164.0,0.0,0
mylyn,org::eclipse::mylyn::internal::tasks::bugs::wizards::SelectProductPage,21.0,10,1,28,44.0,0,196.0,8.0,8,2,152.0,63.0,19.0,176.0,80.0,22.0,-24.0,3.0,-3.0,47.5714,10.6833,1
mylyn,org::eclipse::mylyn::tasks::core::RepositoryResponse,3.0,6,1,3,3.0,0,9.0,3.0,6,2,9.0,4.0,1.5,3.0,1.0,0.5,6.0,3.0,1.0,46.4286,14.746,0
mylyn,org::eclipse::mylyn::internal::monitor::usage::InteractionEventLogger,38.0,33,2,91,164.0,0,248.0,14.0,36,3,363.0,118.0,10.0833,361.0,96.0,10.0278,2.0,22.0,0.0555556,139.714,39.9988,0
mylyn,org::eclipse::mylyn::internal::jira::core::JiraClientManager,20.0,9,1,55,70.0,0,119.0,11.0,23,2,361.0,228.0,15.6957,382.0,228.0,16.6087,-21.0,228.0,-0.913043,96.8571,12.4915,0
mylyn,org::eclipse::mylyn::internal::aspectj::AspectJBridgePlugin,4.0,0,1,6,6.0,0,13.0,4.0,4,1,7.0,5.0,1.75,33.0,27.0,8.25,-26.0,0.0,-6.5,92.5714,47.8571,0
mylyn,org::eclipse::mylyn::wikitext::core::parser::ListAttributes,2.0,2,2,3,3.0,0,6.0,3.0,4,2,4.0,2.0,1.0,4.0,3.0,1.0,0.0,1.0,0.0,32.7143,12.6429,0
mylyn,org::eclipse::mylyn::internal::tasks::ui::actions::TaskActivateAction,4.0,8,1,6,6.0,0,14.0,4.0,20,2,33.0,6.0,1.65,36.0,6.0,1.8,-3.0,3.0,-0.15,139.571,69.0866,0
mylyn,org::eclipse::mylyn::internal::ide::ui::actions::FocusBookmarkMarkersViewAction,1.0,0,3,0,1.0,0,3.0,1.0,11,2,77.0,29.0,7.0,88.0,29.0,8.0,-11.0,4.0,-1.0,71.7143,12.4583,0
mylyn,org::eclipse::mylyn::internal::sandbox::ui::planner::TaskActivityEditorInput,25.0,17,1,253,52.0,0,121.0,23.0,7,3,37.0,17.0,5.28571,31.0,16.0,4.42857,6.0,4.0,0.857143,46.0,5.20077,0
mylyn,org::eclipse::mylyn::internal::tasks::core::data::TaskDataExternalizer,5.0,16,1,6,27.0,0,50.0,4.0,9,2,46.0,26.0,5.11111,29.0,12.0,3.22222,17.0,14.0,1.88889,46.5714,10.8261,0
mylyn,org::eclipse::mylyn::internal::bugzilla::core::RepositoryQueryResultsFactory,2.0,3,2,1,5.0,0,9.0,2.0,19,3,81.0,20.0,4.26316,83.0,25.0,4.36842,-2.0,12.0,-0.105263,132.714,45.4286,0
mylyn,org::eclipse::mylyn::internal::sandbox::bridge::bugs::BugzillaSearchEngine,8.0,10,1,3,28.0,0,115.0,3.0,37,3,302.0,73.0,8.16216,315.0,75.0,8.51351,-13.0,5.0,-0.351351,130.714,41.6277,0
mylyn,org::eclipse::mylyn::internal::jira::core::service::JiraConfiguration,19.0,9,1,171,31.0,0,62.0,19.0,2,1,2.0,2.0,1.0,0.0,0.0,0.0,2.0,2.0,1.0,2.71429,0.714286,0
mylyn,org::eclipse::mylyn::monitor::ui::MonitorUi,12.0,13,1,66,36.0,0,36.0,12.0,7,3,64.0,27.0,9.14286,2.0,1.0,0.285714,62.0,27.0,8.85714,48.5714,4.52902,0
mylyn,org::eclipse::mylyn::internal::xplanner::ui::editor::XPlannerTaskEditor,11.0,11,3,36,36.0,0,122.0,9.0,1,1,0.0,0.0,0.0,0.0,0.0,0.0,0.0,0.0,0.0,6.42857,0.0,1
mylyn,org::eclipse::mylyn::internal::sandbox::ui::highlighters::ColorCoordinatesChange,15.0,2,1,1,8.0,0,100.0,2.0,3,2,10.0,9.0,3.33333,2.0,1.0,0.666667,8.0,8.0,2.66667,43.5714,18.7571,0
mylyn,org::eclipse::mylyn::internal::web::ui::WebRoot,10.0,3,2,45,21.0,0,34.0,10.0,6,2,13.0,4.0,2.16667,13.0,5.0,2.16667,0.0,3.0,0.0,92.4286,33.6044,0
mylyn,org::eclipse::mylyn::commons::core::DateUtil,26.0,8,1,6,7.0,0,109.0,4.0,7,2,55.0,34.0,7.85714,89.0,56.0,12.7143,-34.0,7.0,-4.85714,46.0,18.9922,0
mylyn,org::eclipse::mylyn::wikitext::core::parser::markup::phrase::LimitedHtmlStartTagPhraseModifier,5.0,2,2,6,10.0,0,23.0,4.0,7,2,17.0,7.0,2.42857,9.0,4.0,1.28571,8.0,7.0,1.14286,32.7143,15.3193,0
mylyn,org::eclipse::mylyn::zest::tests::uml::UMLExample,5.0,5,1,3,46.0,0,78.0,3.0,3,1,52.0,28.0,17.3333,35.0,31.0,11.6667,17.0,20.0,5.66667,80.8571,0.659341,0
mylyn,org::eclipse::mylyn::internal::wikitext::ui::viewer::annotation::HorizontalRuleDrawingStrategy,5.0,2,1,1,7.0,0,44.0,2.0,4,2,13.0,10.0,3.25,3.0,2.0,0.75,10.0,10.0,2.5,26.5714,15.2527,0
mylyn,org::eclipse::mylyn::tasks::core::RepositoryTemplate,4.0,4,1,6,6.0,0,21.0,4.0,14,2,70.0,16.0,5.0,36.0,10.0,2.57143,34.0,13.0,2.42857,139.571,32.9816,0
mylyn,org::eclipse::mylyn::internal::commons::net::AuthenticatedProxy,3.0,3,1,3,3.0,0,11.0,3.0,3,2,6.0,4.0,2.0,3.0,2.0,1.0,3.0,3.0,1.0,40.5714,17.9048,0
mylyn,org::eclipse::mylyn::internal::tasks::ui::wizards::TaskDataExportWizardPage,14.0,5,1,36,31.0,0,95.0,9.0,22,3,118.0,27.0,5.36364,236.0,114.0,10.7273,-118.0,9.0,-5.36364,139.571,96.6598,0
mylyn,org::eclipse::mylyn::internal::wikitext::ui::util::css::NameSelector,3.0,4,2,3,5.0,0,9.0,3.0,2,1,1.0,1.0,0.5,1.0,1.0,0.5,0.0,0.0,0.0,7.42857,0.571429,0
mylyn,org::eclipse::mylyn::wikitext::tasks::ui::editor::MarkupTaskEditorExtension,18.0,18,2,55,67.0,5,134.0,11.0,11,1,79.0,20.0,7.18182,44.0,20.0,4.0,35.0,20.0,3.18182,14.7143,9.95117,1
mylyn,org::eclipse::mylyn::internal::wikitext::confluence::core::block::ParameterizedBlock,4.0,4,3,1,7.0,3,16.0,2.0,4,2,30.0,24.0,7.5,7.0,4.0,1.75,23.0,23.0,5.75,32.7143,24.0571,0
mylyn,org::eclipse::mylyn::internal::monitor::reports::collectors::FocusedUiUsageAnalysisCollector,75.0,19,3,325,180.0,0,398.0,26.0,16,2,149.0,74.0,9.3125,191.0,125.0,11.9375,-42.0,8.0,-2.625,92.5714,18.8322,0
mylyn,org::eclipse::mylyn::internal::jira::core::util::JiraUtil,62.0,39,1,496,160.0,0,233.0,32.0,18,2,391.0,101.0,21.7222,162.0,67.0,9.0,229.0,62.0,12.7222,48.7143,12.1381,0
mylyn,org::eclipse::mylyn::commons::net::Policy,19.0,14,1,21,24.0,0,54.0,7.0,3,2,3.0,2.0,1.0,2.0,1.0,0.666667,1.0,1.0,0.333333,45.8571,12.8571,0
mylyn,org::eclipse::mylyn::internal::tasks::core::ScheduledTaskContainer,33.0,19,3,78,54.0,1,93.0,13.0,38,3,426.0,131.0,11.2105,411.0,173.0,10.8158,15.0,12.0,0.394737,91.8571,35.6794,0
mylyn,org::eclipse::mylyn::internal::wikitext::ui::editor::reconciler::MarkupValidationReconcilingStrategy,11.0,1,1,45,15.0,0,33.0,10.0,3,2,12.0,11.0,4.0,8.0,7.0,2.66667,4.0,4.0,1.33333,32.7143,2.2381,0
mylyn,org::eclipse::mylyn::internal::tasks::bugs::wizards::SelectFeaturePage,6.0,6,1,6,16.0,0,106.0,4.0,8,2,40.0,11.0,5.0,24.0,8.0,3.0,16.0,3.0,2.0,47.5714,16.3,1
mylyn,org::eclipse::mylyn::internal::tasks::ui::wizards::AttachmentSourcePage,86.0,13,1,325,134.0,0,461.0,26.0,1,1,0.0,0.0,0.0,0.0,0.0,0.0,0.0,0.0,0.0,14.7143,0.0,0
mylyn,org::eclipse::mylyn::internal::team::ui::Messages,1.0,0,1,0,2.0,0,3.0,1.0,1,1,0.0,0.0,0.0,0.0,0.0,0.0,0.0,0.0,0.0,14.8571,0.0,0
mylyn,org::eclipse::mylyn::internal::wikitext::textile::core::validation::BlockWhitespaceRule,9.0,7,2,1,14.0,0,29.0,2.0,3,2,16.0,10.0,5.33333,13.0,7.0,4.33333,3.0,3.0,1.0,32.7143,5.89286,0
mylyn,org::eclipse::mylyn::internal::trac::ui::TracHyperlinkUtil,48.0,10,1,10,128.0,0,208.0,5.0,28,2,536.0,284.0,19.1429,470.0,284.0,16.7857,66.0,284.0,2.35714,104.857,22.9342,0
mylyn,org::eclipse::mylyn::internal::tasks::ui::search::SearchResultTreeContentProvider,23.0,8,2,45,39.0,0,80.0,10.0,17,3,174.0,59.0,10.2353,127.0,47.0,7.47059,47.0,56.0,2.76471,68.5714,16.0698,0
mylyn,org::eclipse::mylyn::internal::tasks::ui::deprecated::AbstractRepositoryTaskEditor,354.0,49,1,7021,727.0,2,3026.0,119.0,33,3,179.0,33.0,5.42424,166.0,31.0,5.0303,13.0,9.0,0.393939,45.2857,2.36792,0
mylyn,org::eclipse::mylyn::internal::trac::core::model::TracTicketField,28.0,3,1,253,29.0,0,81.0,23.0,10,2,172.0,152.0,17.2,169.0,152.0,16.9,3.0,152.0,0.3,104.571,7.95266,0
mylyn,org::eclipse::mylyn::tasks::ui::wizards::TaskRepositoryWizardDialog,23.0,4,1,21,32.0,0,88.0,7.0,4,1,80.0,52.0,20.0,22.0,21.0,5.5,58.0,52.0,14.5,6.71429,2.17679,0
mylyn,org::eclipse::mylyn::internal::wikitext::tasks::ui::util::Util,3.0,7,1,1,13.0,0,15.0,2.0,1,1,0.0,0.0,0.0,0.0,0.0,0.0,0.0,0.0,0.0,6.0,0.0,0
mylyn,org::eclipse::mylyn::internal::tasks::ui::util::TaskContainerComparator,3.0,6,1,1,10.0,0,9.0,2.0,1,1,0.0,0.0,0.0,0.0,0.0,0.0,0.0,0.0,0.0,2.71429,0.0,0
mylyn,org::eclipse::mylyn::internal::tasks::core::TaskGroup,4.0,4,3,6,4.0,0,14.0,4.0,8,3,19.0,5.0,2.375,22.0,10.0,2.75,-3.0,3.0,-0.375,81.1429,28.0602,0
mylyn,org::eclipse::mylyn::internal::wikitext::textile::core::block::HeadingBlock,12.0,11,3,6,28.0,0,45.0,4.0,3,2,11.0,8.0,3.66667,10.0,7.0,3.33333,1.0,1.0,0.333333,32.7143,4.75325,0
mylyn,org::eclipse::mylyn::commons::net::HtmlTag,49.0,10,1,78,92.0,0,151.0,13.0,2,1,0.0,0.0,0.0,0.0,0.0,0.0,0.0,0.0,0.0,45.8571,0.0,0
mylyn,org::eclipse::mylyn::zest::tests::jface::GraphJFaceSnippet1,3.0,2,1,0,13.0,0,35.0,1.0,1,1,0.0,0.0,0.0,0.0,0.0,0.0,0.0,0.0,0.0,80.8571,0.0,0
mylyn,org::eclipse::mylyn::internal::bugzilla::ui::wizard::AbstractWizardListPage,13.0,3,1,45,34.0,0,99.0,10.0,6,2,16.0,8.0,2.66667,24.0,12.0,4.0,-8.0,0.0,-1.33333,164.0,16.3571,0
mylyn,org::eclipse::mylyn::internal::team::ui::properties::Messages,1.0,0,1,0,2.0,0,3.0,1.0,1,1,0.0,0.0,0.0,0.0,0.0,0.0,0.0,0.0,0.0,14.8571,0.0,0
mylyn,org::eclipse::mylyn::internal::tasks::core::externalization::TaskListExternalizer,33.0,28,1,28,125.0,0,213.0,8.0,25,3,289.0,73.0,11.56,458.0,145.0,18.32,-169.0,6.0,-6.76,46.0,7.07958,0
mylyn,org::eclipse::mylyn::internal::tasks::ui::RepositoryAwareStatusHandler,7.0,2,1,3,9.0,0,38.0,3.0,25,3,202.0,45.0,8.08,167.0,41.0,6.68,35.0,41.0,1.4,139.143,61.2001,0
mylyn,org::eclipse::mylyn::zest::layouts::algorithms::HorizontalTreeLayoutAlgorithm,13.0,2,3,6,12.0,0,24.0,4.0,4,2,16.0,10.0,4.0,7.0,4.0,1.75,9.0,9.0,2.25,184.857,42.4821,0
mylyn,org::eclipse::mylyn::internal::tasks::ui::TasksAdapterFactory,8.0,2,1,1,6.0,0,20.0,2.0,3,2,5.0,4.0,1.66667,2.0,1.0,0.666667,3.0,3.0,1.0,43.8571,20.8,0
mylyn,org::eclipse::mylyn::internal::wikitext::tracwiki::core::token::ReportLinkReplacementToken,3.0,2,2,6,5.0,0,9.0,4.0,1,1,0.0,0.0,0.0,0.0,0.0,0.0,0.0,0.0,0.0,7.14286,0.0,0
mylyn,org::eclipse::mylyn::internal::bugzilla::core::search::BugzillaLabelProvider,3.0,3,1,0,5.0,0,40.0,1.0,2,1,0.0,0.0,0.0,0.0,0.0,0.0,0.0,0.0,0.0,164.0,0.0,0
mylyn,org::eclipse::mylyn::internal::java::ui::JavaEditingMonitor,40.0,3,2,3,29.0,0,109.0,3.0,19,2,63.0,19.0,3.31579,44.0,11.0,2.31579,19.0,8.0,1.0,137.286,67.0612,0
mylyn,org::eclipse::mylyn::internal::xplanner::ui::editor::XPlannerTaskEditorExtraControls,24.0,15,2,91,71.0,0,241.0,14.0,1,1,0.0,0.0,0.0,0.0,0.0,0.0,0.0,0.0,0.0,6.42857,0.0,1
mylyn,org::eclipse::mylyn::wikitext::ui::viewer::HtmlTextPresenter,5.0,5,1,3,19.0,1,29.0,3.0,6,2,19.0,13.0,3.16667,18.0,13.0,3.0,1.0,1.0,0.166667,32.7143,5.80451,0
mylyn,org::eclipse::mylyn::internal::team::ui::templates::CommitTemplateVariables,6.0,15,1,1,13.0,0,31.0,2.0,23,3,247.0,107.0,10.7391,216.0,75.0,9.3913,31.0,32.0,1.34783,92.4286,36.2944,0
mylyn,org::eclipse::mylyn::internal::trac::core::TracTaskDataHandler,77.0,30,2,120,304.0,0,399.0,16.0,68,3,889.0,276.0,13.0735,537.0,203.0,7.89706,352.0,73.0,5.17647,113.143,56.712,1
mylyn,org::eclipse::mylyn::internal::commons::ui::SwtUtil,10.0,9,1,21,30.0,0,72.0,7.0,6,2,34.0,12.0,5.66667,28.0,21.0,4.66667,6.0,12.0,1.0,45.8571,15.6681,0
mylyn,org::eclipse::mylyn::internal::wikitext::ui::util::css::editor::CommentDamagerRepairer,10.0,1,1,10,20.0,0,54.0,5.0,1,1,0.0,0.0,0.0,0.0,0.0,0.0,0.0,0.0,0.0,6.42857,0.0,0
mylyn,org::eclipse::mylyn::internal::tasks::ui::actions::RefreshRepositoryTasksAction,6.0,6,2,10,15.0,0,21.0,5.0,16,2,24.0,5.0,1.5,20.0,3.0,1.25,4.0,2.0,0.25,65.8571,27.1905,0
mylyn,org::eclipse::mylyn::internal::context::ui::views::Messages,1.0,0,1,0,2.0,0,3.0,1.0,1,1,0.0,0.0,0.0,0.0,0.0,0.0,0.0,0.0,0.0,14.8571,0.0,0
mylyn,org::eclipse::mylyn::zest::core::widgets::internal::LoopAnchor,3.0,4,1,1,7.0,0,16.0,2.0,2,1,1.0,1.0,0.5,1.0,1.0,0.5,0.0,0.0,0.0,103.0,10.8571,0
mylyn,org::eclipse::mylyn::internal::wikitext::core::util::EclipseServiceLocator,6.0,6,2,1,18.0,0,31.0,2.0,5,2,13.0,6.0,2.6,10.0,5.0,2.0,3.0,3.0,0.6,32.7143,9.36264,0
mylyn,org::eclipse::mylyn::internal::sandbox::ui::hyperlinks::JavaResourceHyperlink,18.0,3,1,36,23.0,0,121.0,9.0,7,2,140.0,125.0,20.0,67.0,33.0,9.57143,73.0,117.0,10.4286,33.8571,4.6398,0
mylyn,org::eclipse::mylyn::java::ui::editor::AutoFoldingStructureProvider,84.0,7,1,120,159.0,0,452.0,16.0,18,1,44.0,5.0,2.44444,44.0,5.0,2.44444,0.0,1.0,0.0,195.571,18.3279,0
mylyn,org::eclipse::mylyn::internal::tasks::ui::wizards::EditRepositoryWizard,16.0,16,1,21,38.0,0,61.0,7.0,40,3,125.0,19.0,3.125,101.0,19.0,2.525,24.0,18.0,0.6,139.571,66.4411,0
mylyn,org::eclipse::mylyn::internal::hypertext::ui::editors::WebResourceLabelProvider,8.0,1,1,10,7.0,0,27.0,5.0,4,1,2.0,2.0,0.5,1.0,1.0,0.25,1.0,1.0,0.25,151.0,4.14286,0
mylyn,org::eclipse::mylyn::internal::context::ui::actions::ContextRetrieveAction,9.0,5,1,6,17.0,0,31.0,4.0,41,3,273.0,40.0,6.65854,213.0,48.0,5.19512,60.0,35.0,1.46341,139.714,45.6473,0
mylyn,org::eclipse::mylyn::internal::tasks::core::data::TextTaskAttachmentSource,7.0,4,2,21,10.0,1,21.0,7.0,4,2,8.0,4.0,2.0,5.0,3.0,1.25,3.0,3.0,0.75,45.5714,25.6429,0
mylyn,org::eclipse::mylyn::internal::wikitext::textile::core::block::FootnoteBlock,10.0,10,3,6,27.0,0,50.0,4.0,5,2,13.0,6.0,2.6,12.0,7.0,2.4,1.0,2.0,0.2,32.7143,11.044,0
mylyn,org::eclipse::mylyn::internal::tasks::core::data::TaskDataManagerEvent,10.0,3,1,45,11.0,0,34.0,10.0,5,2,37.0,24.0,7.4,8.0,6.0,1.6,29.0,18.0,5.8,41.1429,2.78378,0
mylyn,org::eclipse::mylyn::internal::jira::core::wsdl::beans::RemoteIssueType,15.0,2,4,28,15.0,0,46.0,8.0,9,2,129.0,71.0,14.3333,110.0,80.0,12.2222,19.0,26.0,2.11111,110.714,29.3079,0
mylyn,org::eclipse::mylyn::internal::context::ui::Messages,1.0,0,1,0,2.0,0,3.0,1.0,1,1,0.0,0.0,0.0,0.0,0.0,0.0,0.0,0.0,0.0,14.8571,0.0,0
mylyn,org::eclipse::mylyn::internal::tasks::ui::editors::TaskEditorAttachmentPart,11.0,10,2,21,59.0,0,157.0,7.0,35,2,551.0,207.0,15.7429,748.0,303.0,21.3714,-197.0,96.0,-5.62857,61.2857,16.6917,1
mylyn,org::eclipse::mylyn::monitor::reports::ui::views::UsageCountView,11.0,1,1,55,37.0,0,329.0,11.0,8,1,11.0,4.0,1.375,9.0,2.0,1.125,2.0,2.0,0.25,181.714,3.16883,0
mylyn,org::eclipse::mylyn::internal::jira::core::wsdl::beans::RemoteGroup,28.0,6,2,45,29.0,0,65.0,10.0,9,2,169.0,137.0,18.7778,183.0,151.0,20.3333,-14.0,7.0,-1.55556,110.714,24.9763,0
mylyn,org::eclipse::mylyn::wikitext::core::parser::IdGenerator,13.0,12,1,15,15.0,0,45.0,6.0,10,2,69.0,25.0,6.9,20.0,7.0,2.0,49.0,25.0,4.9,32.7143,15.7764,0
mylyn,org::eclipse::mylyn::internal::trac::core::client::TracNoSuchMethodException,1.0,1,2,0,1.0,0,3.0,1.0,4,2,6.0,4.0,1.5,3.0,1.0,0.75,3.0,3.0,0.75,39.5714,15.9524,0
mylyn,org::eclipse::mylyn::internal::java::ui::actions::FocusBreakpointsViewAction,3.0,3,3,1,8.0,0,13.0,2.0,3,1,7.0,6.0,2.33333,3.0,3.0,1.0,4.0,3.0,1.33333,43.0,14.5918,0
mylyn,org::eclipse::mylyn::internal::jira::core::model::Attachment,12.0,6,1,66,12.0,0,40.0,12.0,8,2,99.0,83.0,12.375,95.0,83.0,11.875,4.0,83.0,0.5,97.2857,4.43867,0
mylyn,org::eclipse::mylyn::internal::xplanner::ui::editor::XPlannerTaskEditorPageFactory,12.0,8,2,10,23.0,0,40.0,5.0,1,1,0.0,0.0,0.0,0.0,0.0,0.0,0.0,0.0,0.0,6.42857,0.0,0
mylyn,org::eclipse::mylyn::internal::wikitext::ui::editor::actions::ContextHelpAction,3.0,1,1,1,5.0,0,11.0,2.0,4,2,11.0,6.0,2.75,10.0,5.0,2.5,1.0,1.0,0.25,32.7143,6.33766,1
mylyn,org::eclipse::mylyn::internal::wikitext::ui::viewer::Util,6.0,4,1,0,10.0,0,22.0,1.0,4,1,4.0,2.0,1.0,4.0,2.0,1.0,0.0,0.0,0.0,24.5714,15.3929,0
mylyn,org::eclipse::mylyn::internal::xplanner::ui::wizard::Messages,1.0,0,1,0,1.0,0,2.0,1.0,1,1,0.0,0.0,0.0,0.0,0.0,0.0,0.0,0.0,0.0,6.42857,0.0,1
mylyn,org::eclipse::mylyn::internal::commons::ui::ColorSelectionWindow,5.0,0,1,10,13.0,0,71.0,5.0,4,2,7.0,5.0,1.75,3.0,1.0,0.75,4.0,4.0,1.0,45.8571,20.9796,0
mylyn,org::eclipse::mylyn::internal::wikitext::ui::util::InformationPresenterUtil,1.0,2,1,0,8.0,0,75.0,1.0,4,2,68.0,65.0,17.0,32.0,30.0,8.0,36.0,35.0,9.0,32.7143,2.05042,1
mylyn,org::eclipse::mylyn::internal::provisional::commons::soap::SoapHttpSender,5.0,3,2,1,11.0,0,17.0,2.0,1,1,0.0,0.0,0.0,0.0,0.0,0.0,0.0,0.0,0.0,13.5714,0.0,0
mylyn,org::eclipse::mylyn::bugzilla::deprecated::BugzillaCompareInput,11.0,1,1,36,17.0,0,36.0,9.0,3,3,8.0,8.0,2.66667,5.0,5.0,1.66667,3.0,3.0,1.0,39.5714,13.0,0
mylyn,org::eclipse::mylyn::internal::wikitext::tracwiki::core::block::ParagraphBlock,10.0,6,3,6,18.0,0,42.0,4.0,5,2,8.0,3.0,1.6,9.0,4.0,1.8,-1.0,0.0,-0.2,32.7143,15.7857,0
mylyn,org::eclipse::mylyn::internal::sandbox::ui::editors::TaskEditorDropTarget,17.0,7,1,15,41.0,0,79.0,6.0,4,2,7.0,4.0,1.75,11.0,9.0,2.75,-4.0,3.0,-1.0,30.4286,2.97959,0
mylyn,org::eclipse::mylyn::wikitext::core::util::LocationTrackingReader,23.0,4,1,21,15.0,0,105.0,7.0,6,2,33.0,28.0,5.5,28.0,25.0,4.66667,5.0,3.0,0.833333,32.7143,4.27706,0
mylyn,org::eclipse::mylyn::wikitext::core::parser::builder::DitaBookMapDocumentBuilder,50.0,8,3,703,104.0,0,197.0,38.0,5,1,27.0,18.0,5.4,10.0,7.0,2.0,17.0,16.0,3.4,19.4286,1.15873,0
mylyn,org::eclipse::mylyn::internal::xplanner::ui::Messages,1.0,0,1,0,1.0,0,2.0,1.0,1,1,0.0,0.0,0.0,0.0,0.0,0.0,0.0,0.0,0.0,6.42857,0.0,1
mylyn,org::eclipse::mylyn::internal::jira::core::service::soap::Messages,1.0,0,1,0,2.0,0,3.0,1.0,1,1,0.0,0.0,0.0,0.0,0.0,0.0,0.0,0.0,0.0,14.8571,0.0,0
mylyn,org::eclipse::mylyn::internal::ide::ant::AntStructureBridge,45.0,7,2,55,80.0,0,226.0,11.0,15,2,96.0,24.0,6.4,78.0,16.0,5.2,18.0,12.0,1.2,92.4286,35.5476,0
mylyn,org::eclipse::mylyn::tasks::core::sync::SynchronizationJob,3.0,3,1,3,3.0,3,9.0,3.0,5,2,22.0,10.0,4.4,9.0,7.0,1.8,13.0,10.0,2.6,48.2857,12.1104,0
mylyn,org::eclipse::mylyn::internal::wikitext::ui::editor::actions::CollapseAllFoldingRulerAction,1.0,1,1,0,4.0,0,6.0,1.0,2,1,1.0,1.0,0.5,1.0,1.0,0.5,0.0,0.0,0.0,9.0,0.285714,1
mylyn,org::eclipse::mylyn::zest::core::widgets::internal::ZestRootLayer,26.0,2,1,105,68.0,0,122.0,15.0,4,1,53.0,25.0,13.25,9.0,4.0,2.25,44.0,24.0,11.0,85.7143,3.63612,0
mylyn,org::eclipse::mylyn::internal::web::tasks::TasksWebPlugin,4.0,0,1,6,6.0,0,13.0,4.0,8,2,18.0,7.0,2.25,25.0,20.0,3.125,-7.0,7.0,-0.875,92.4286,30.8492,0
mylyn,org::eclipse::mylyn::internal::jira::core::wsdl::beans::AbstractRemoteConstant,25.0,6,3,45,23.0,4,60.0,10.0,9,2,160.0,132.0,17.7778,174.0,146.0,19.3333,-14.0,7.0,-1.55556,110.714,25.2848,0
mylyn,org::eclipse::mylyn::internal::web::ui::WebSite,7.0,3,2,21,12.0,0,21.0,7.0,6,2,12.0,5.0,2.0,12.0,5.0,2.0,0.0,3.0,0.0,92.4286,33.2262,0
mylyn,org::eclipse::mylyn::internal::wikitext::twiki::core::block::TableOfContentsBlock,8.0,10,3,6,28.0,0,40.0,4.0,3,1,2.0,1.0,0.666667,2.0,1.0,0.666667,0.0,0.0,0.0,23.8571,6.57143,0
mylyn,org::eclipse::mylyn::internal::tasks::ui::editors::TaskEditorUrlHyperlinkDetector,11.0,5,1,1,21.0,0,56.0,2.0,11,2,161.0,113.0,14.6364,126.0,113.0,11.4545,35.0,113.0,3.18182,139.571,35.9672,0
mylyn,org::eclipse::mylyn::internal::tasks::ui::views::Messages,1.0,0,1,0,2.0,0,3.0,1.0,4,1,6.0,5.0,1.5,26.0,14.0,6.5,-20.0,0.0,-5.0,14.2857,6.21429,1
mylyn,org::eclipse::mylyn::internal::context::core::CompositeContextElement,22.0,12,2,78,47.0,0,99.0,13.0,23,2,106.0,19.0,4.6087,82.0,19.0,3.56522,24.0,6.0,1.04348,139.714,68.7062,0
mylyn,org::eclipse::mylyn::internal::web::tasks::WebQueryWizardPage,21.0,17,3,66,83.0,0,324.0,12.0,31,4,385.0,115.0,12.4194,283.0,71.0,9.12903,102.0,49.0,3.29032,92.4286,29.0887,1
mylyn,org::eclipse::mylyn::internal::web::tasks::WebTaskListMigrator,10.0,11,2,10,30.0,0,48.0,5.0,3,2,5.0,4.0,1.66667,2.0,1.0,0.666667,3.0,3.0,1.0,40.1429,17.0857,0
mylyn,org::eclipse::mylyn::internal::bugzilla::ui::tasklist::BugzillaQueryTypeWizardPage,4.0,3,1,3,12.0,0,35.0,3.0,20,3,47.0,6.0,2.35,43.0,5.0,2.15,4.0,3.0,0.2,152.714,60.3708,0
mylyn,org::eclipse::mylyn::internal::jira::ui::wizards::Messages,1.0,0,1,0,2.0,0,3.0,1.0,2,1,4.0,4.0,2.0,0.0,0.0,0.0,4.0,4.0,2.0,14.8571,7.0,0
mylyn,org::eclipse::mylyn::internal::tasks::bugs::wizards::FeatureStatus,2.0,1,1,1,2.0,0,7.0,2.0,9,2,26.0,7.0,2.88889,20.0,7.0,2.22222,6.0,3.0,0.666667,47.5714,15.7033,0
mylyn,org::eclipse::mylyn::internal::tasks::ui::actions::EditRepositoryPropertiesAction,5.0,1,2,6,8.0,0,19.0,4.0,18,3,122.0,50.0,6.77778,125.0,32.0,6.94444,-3.0,36.0,-0.166667,139.571,55.959,0
mylyn,org::eclipse::mylyn::tasks::core::AbstractDuplicateDetector,5.0,2,1,15,6.0,1,15.0,6.0,10,3,27.0,9.0,2.7,65.0,47.0,6.5,-38.0,3.0,-3.8,47.0,6.33333,0
mylyn,org::eclipse::mylyn::internal::jira::core::wsdl::beans::RemotePriority,18.0,2,4,28,17.0,0,49.0,8.0,9,2,130.0,102.0,14.4444,144.0,116.0,16.0,-14.0,7.0,-1.55556,110.714,26.3725,0
mylyn,org::eclipse::mylyn::internal::provisional::tasks::core::TasksUtil,21.0,4,1,1,24.0,0,46.0,2.0,4,1,8.0,5.0,2.0,5.0,5.0,1.25,3.0,2.0,0.75,14.5714,0.178571,0
mylyn,org::eclipse::mylyn::internal::wikitext::mediawiki::core::block::PreformattedBlock,12.0,5,3,6,16.0,0,24.0,4.0,3,2,4.0,3.0,1.33333,5.0,4.0,1.66667,-1.0,0.0,-0.333333,32.7143,4.5,0
mylyn,org::eclipse::mylyn::internal::jira::core::model::filter::SingleIssueCollector,6.0,1,1,21,7.0,0,16.0,7.0,10,3,30.0,9.0,3.0,32.0,10.0,3.2,-2.0,9.0,-0.2,110.714,29.5762,0
mylyn,org::eclipse::mylyn::internal::jira::core::AbstractComplexAttributeConverter,20.0,12,1,21,78.0,1,99.0,7.0,2,1,17.0,17.0,8.5,3.0,3.0,1.5,14.0,14.0,7.0,18.8571,3.14286,1
mylyn,org::eclipse::mylyn::monitor::internal::UsageStatistic,5.0,4,1,15,8.0,2,17.0,6.0,2,1,0.0,0.0,0.0,0.0,0.0,0.0,0.0,0.0,0.0,181.714,0.0,0
mylyn,org::eclipse::mylyn::internal::tasks::ui::util::TaskDragSourceListener,15.0,7,1,6,27.0,0,60.0,4.0,19,3,147.0,47.0,7.73684,184.0,82.0,9.68421,-37.0,16.0,-1.94737,57.8571,33.0709,0
mylyn,org::eclipse::mylyn::internal::tasks::ui::actions::NewCategoryAction,10.0,11,1,10,25.0,0,45.0,5.0,24,3,111.0,25.0,4.625,69.0,10.0,2.875,42.0,24.0,1.75,139.571,63.8134,0
mylyn,org::eclipse::mylyn::internal::monitor::usage::StudyParameters,29.0,7,1,190,20.0,0,78.0,20.0,11,2,54.0,18.0,4.90909,79.0,40.0,7.18182,-25.0,9.0,-2.27273,139.714,64.6376,0
mylyn,org::eclipse::mylyn::tasks::ui::wizards::AbstractTaskRepositoryPageContribution,12.0,9,1,136,21.0,1,42.0,17.0,3,2,13.0,12.0,4.33333,3.0,2.0,1.0,10.0,10.0,3.33333,19.0,10.0,0
mylyn,org::eclipse::mylyn::internal::tasks::ui::commands::OpenTaskAttachmentInBrowserHandler,3.0,1,1,0,5.0,0,12.0,1.0,7,2,12.0,4.0,1.71429,8.0,3.0,1.14286,4.0,3.0,0.571429,45.7143,9.61905,0
mylyn,org::eclipse::mylyn::internal::wikitext::ui::editor::actions::ExpandAllFoldingRulerAction,1.0,1,1,0,4.0,0,6.0,1.0,2,1,1.0,1.0,0.5,1.0,1.0,0.5,0.0,0.0,0.0,9.0,0.285714,1
mylyn,org::eclipse::mylyn::tasks::core::data::TaskAttributeMapper,48.0,69,1,496,129.0,5,194.0,32.0,20,2,236.0,98.0,11.8,183.0,90.0,9.15,53.0,26.0,2.65,46.5714,2.9655,0
mylyn,org::eclipse::mylyn::internal::jira::core::wsdl::beans::RemoteNamedObject,11.0,1,3,15,10.0,0,38.0,6.0,9,2,99.0,71.0,11.0,104.0,76.0,11.5556,-5.0,7.0,-0.555556,110.714,28.189,0
mylyn,org::eclipse::mylyn::internal::monitor::usage::collectors::PerspectiveUsageCollector,13.0,9,1,15,52.0,0,95.0,6.0,9,2,67.0,42.0,7.44444,48.0,29.0,5.33333,19.0,13.0,2.11111,109.857,32.5885,0
mylyn,org::eclipse::mylyn::wikitext::ui::viewer::MarkupTextPresenter,6.0,2,2,3,9.0,0,19.0,3.0,5,2,8.0,5.0,1.6,7.0,5.0,1.4,1.0,1.0,0.2,32.7143,10.5357,0
mylyn,org::eclipse::mylyn::wikitext::ui::commands::ConvertMarkupToEclipseHelp,2.0,12,3,0,37.0,0,76.0,1.0,5,2,31.0,15.0,6.2,27.0,14.0,5.4,4.0,2.0,0.8,32.7143,8.15668,1
mylyn,org::eclipse::mylyn::internal::java::ui::JavaStructureBridge,73.0,19,2,136,101.0,0,286.0,17.0,25,2,163.0,32.0,6.52,136.0,25.0,5.44,27.0,17.0,1.08,92.4286,34.1919,0
mylyn,org::eclipse::mylyn::bugzilla::deprecated::BugzillaTask,9.0,4,4,36,12.0,0,29.0,9.0,3,3,5.0,5.0,1.66667,4.0,4.0,1.33333,1.0,1.0,0.333333,39.5714,13.0,0
mylyn,org::eclipse::mylyn::internal::wikitext::tasks::ui::ActiveFoldingListener,19.0,9,2,28,41.0,0,74.0,8.0,2,1,20.0,20.0,10.0,21.0,21.0,10.5,-1.0,0.0,-0.5,8.0,0.285714,1
mylyn,org::eclipse::mylyn::internal::xplanner::ui::XPlannerAttributeMapper,33.0,17,2,66,39.0,0,107.0,12.0,1,1,0.0,0.0,0.0,0.0,0.0,0.0,0.0,0.0,0.0,6.42857,0.0,1
mylyn,org::eclipse::mylyn::internal::wikitext::twiki::core::block::HorizontalRuleBlock,3.0,5,3,3,7.0,0,14.0,3.0,2,1,2.0,2.0,1.0,2.0,2.0,1.0,0.0,0.0,0.0,23.8571,4.0,0
mylyn,org::eclipse::mylyn::internal::bugzilla::ui::tasklist::BugzillaTaskListMigrator,9.0,4,2,10,23.0,0,30.0,5.0,8,3,26.0,7.0,3.25,25.0,12.0,3.125,1.0,4.0,0.125,42.0,5.98901,0
mylyn,org::eclipse::mylyn::internal::wikitext::ui::editor::FoldingStructure,34.0,4,1,28,50.0,0,144.0,8.0,4,1,65.0,30.0,16.25,10.0,9.0,2.5,55.0,30.0,13.75,8.71429,2.38462,0
mylyn,org::eclipse::mylyn::internal::tasks::ui::editors::PersonAttributeEditor,5.0,6,3,3,15.0,0,15.0,3.0,6,2,22.0,14.0,3.66667,7.0,2.0,1.16667,15.0,12.0,2.5,47.1429,22.1429,0
mylyn,org::eclipse::mylyn::internal::jira::core::service::soap::JiraSoapConverter,2.0,4,1,0,6.0,0,10.0,1.0,11,2,107.0,32.0,9.72727,28.0,11.0,2.54545,79.0,32.0,7.18182,54.0,36.6849,0
mylyn,org::eclipse::mylyn::internal::tasks::ui::util::ImportExportUtil,6.0,6,1,1,13.0,0,22.0,2.0,1,1,0.0,0.0,0.0,0.0,0.0,0.0,0.0,0.0,0.0,6.71429,0.0,1
mylyn,org::eclipse::mylyn::internal::tasks::ui::editors::PlanningPageFactory,5.0,2,2,10,7.0,0,15.0,5.0,8,2,12.0,4.0,1.5,9.0,2.0,1.125,3.0,3.0,0.375,50.4286,17.631,0
mylyn,org::eclipse::mylyn::internal::bugzilla::ui::search::Messages,1.0,0,1,0,2.0,0,3.0,1.0,4,2,20.0,18.0,5.0,6.0,2.0,1.5,14.0,16.0,3.5,13.0,2.31429,0
mylyn,org::eclipse::mylyn::internal::trac::core::model::TracVersion,5.0,4,2,10,5.0,0,15.0,5.0,7,2,9.0,4.0,1.28571,6.0,1.0,0.857143,3.0,3.0,0.428571,133.0,92.7936,0
mylyn,org::eclipse::mylyn::internal::tasks::bugs::KeyValueMapping,21.0,2,2,210,25.0,0,79.0,21.0,0,0,0.0,0.0,0.0,0.0,0.0,0.0,0.0,0.0,0.0,0.0,0.0,0
mylyn,org::eclipse::mylyn::tasks::ui::editors::TaskFormPage,2.0,1,1,1,2.0,2,5.0,2.0,32,3,272.0,72.0,8.5,936.0,723.0,29.25,-664.0,27.0,-20.75,118.714,52.6838,0
mylyn,org::eclipse::mylyn::internal::tasks::ui::editors::RepositoryTaskEditorCopyAction,3.0,0,1,3,6.0,0,12.0,3.0,2,2,0.0,0.0,0.0,0.0,0.0,0.0,0.0,0.0,0.0,139.571,0.0,0
mylyn,org::eclipse::mylyn::internal::context::ui::ContextPerspectiveManager,32.0,4,1,153,55.0,0,125.0,18.0,27,3,282.0,80.0,10.4444,160.0,35.0,5.92593,122.0,78.0,4.51852,119.429,47.8065,0
mylyn,org::eclipse::mylyn::internal::tasks::ui::editors::FillWidthLayout,25.0,4,1,36,28.0,0,115.0,9.0,6,1,65.0,22.0,10.8333,33.0,14.0,5.5,32.0,14.0,5.33333,23.8571,4.93846,0
mylyn,org::eclipse::mylyn::internal::tasks::ui::preferences::TasksUiPreferencePage,35.0,14,1,153,104.0,0,575.0,18.0,34,3,779.0,189.0,22.9118,610.0,98.0,17.9412,169.0,91.0,4.97059,92.5714,38.8557,1
mylyn,org::eclipse::mylyn::internal::bugzilla::ui::BugzillaUiExtensionReader,7.0,6,1,1,18.0,0,38.0,2.0,13,3,39.0,15.0,3.0,40.0,15.0,3.07692,-1.0,3.0,-0.0769231,67.5714,36.6264,0
mylyn,org::eclipse::mylyn::internal::jira::ui::wizards::Placeholder,2.0,2,1,1,2.0,0,6.0,2.0,2,1,0.0,0.0,0.0,0.0,0.0,0.0,0.0,0.0,0.0,138.143,0.0,0
mylyn,org::eclipse::mylyn::internal::tasks::core::LocalRepositoryConnector,14.0,0,2,91,14.0,0,48.0,14.0,29,3,112.0,15.0,3.86207,126.0,27.0,4.34483,-14.0,10.0,-0.482759,91.8571,36.4247,0
mylyn,org::eclipse::mylyn::internal::wikitext::ui::editor::dnd::OutlineDragSourceListener,5.0,1,1,10,8.0,0,14.0,5.0,1,1,0.0,0.0,0.0,0.0,0.0,0.0,0.0,0.0,0.0,7.71429,0.0,0
mylyn,org::eclipse::mylyn::internal::context::core::SaxContextReader,7.0,12,1,3,24.0,0,50.0,3.0,26,3,214.0,56.0,8.23077,176.0,56.0,6.76923,38.0,56.0,1.46154,109.857,41.0794,1
mylyn,org::eclipse::mylyn::internal::jira::core::model::filter::UserInGroupFilter,3.0,2,2,3,4.0,0,11.0,3.0,7,1,10.0,5.0,1.42857,8.0,4.0,1.14286,2.0,4.0,0.285714,110.714,58.7,0
mylyn,org::eclipse::mylyn::internal::wikitext::tasks::ui::ActiveFoldingEditorTracker,9.0,3,3,10,18.0,0,35.0,5.0,1,1,0.0,0.0,0.0,0.0,0.0,0.0,0.0,0.0,0.0,8.0,0.0,0
mylyn,org::eclipse::mylyn::tasks::core::data::TaskDataCollector,0.0,14,1,1,2.0,8,0.0,2.0,5,2,8.0,4.0,1.6,14.0,12.0,2.8,-6.0,3.0,-1.2,46.5714,15.0357,0
mylyn,org::eclipse::mylyn::internal::wikitext::ui::editor::validation::DocumentRegionValidator,18.0,9,1,55,32.0,2,63.0,11.0,5,2,38.0,33.0,7.6,28.0,23.0,5.6,10.0,10.0,2.0,32.7143,4.01504,1
mylyn,org::eclipse::mylyn::internal::tasks::ui::notifications::TaskListNotification,37.0,11,2,105,36.0,2,106.0,15.0,17,2,123.0,38.0,7.23529,68.0,19.0,4.0,55.0,23.0,3.23529,66.8571,13.0348,0
mylyn,org::eclipse::mylyn::tasks::core::data::TaskCommentMapper,27.0,13,1,105,52.0,0,91.0,15.0,15,3,72.0,18.0,4.8,56.0,9.0,3.73333,16.0,11.0,1.06667,45.2857,3.9504,0
pde,org::eclipse::pde::internal::core::text::toc::TocAnchor,7.0,5,5,21,10.0,0,23.0,7.0,5,2,185.0,95.0,37.0,24.0,20.0,4.8,161.0,95.0,32.2,59.5714,0.96139,0
pde,org::eclipse::pde::internal::ui::editor::SystemFileEditorInputFactory,2.0,1,1,1,5.0,0,8.0,2.0,10,7,22.0,10.0,2.2,12.0,3.0,1.2,10.0,10.0,1.0,335.286,121.584,0
pde,org::eclipse::pde::internal::ui::editor::cheatsheet::simple::actions::SimpleCSRemoveRunObjectAction,9.0,4,1,3,12.0,0,28.0,3.0,2,2,8.0,8.0,4.0,15.0,15.0,7.5,-7.0,0.0,-3.5,103.429,69.2857,0
pde,org::eclipse::pde::internal::ui::editor::outline::QuickOutlineNamePatternFilter,10.0,1,1,6,9.0,0,36.0,4.0,2,2,10.0,10.0,5.0,18.0,18.0,9.0,-8.0,0.0,-4.0,92.2857,58.1429,0
pde,org::eclipse::pde::internal::ui::tests::macro::FocusCommand,8.0,4,2,15,17.0,0,32.0,6.0,5,3,14.0,6.0,2.8,11.0,5.0,2.2,3.0,2.0,0.6,183.857,103.633,0
pde,org::eclipse::pde::internal::ui::build::ProductExportJob,2.0,3,2,1,4.0,0,8.0,2.0,75,5,1019.0,107.0,13.5867,1267.0,559.0,16.8933,-248.0,104.0,-3.30667,188.143,16.434,0
pde,org::eclipse::pde::internal::ui::PDEUIMessages,0.0,0,1,0,0.0,0,0.0,0.0,410,8,2715.0,81.0,6.62195,1242.0,326.0,3.02927,1473.0,81.0,3.59268,178.714,68.0586,1
pde,org::eclipse::pde::internal::ui::wizards::tools::ConvertedProjectWizard,3.0,3,2,3,8.0,0,15.0,3.0,10,5,42.0,17.0,4.2,38.0,18.0,3.8,4.0,3.0,0.4,240.714,115.966,0
pde,org::eclipse::pde::internal::ui::correction::OrganizeExportPackageResolution,4.0,2,3,6,7.0,0,12.0,4.0,8,3,21.0,10.0,2.625,20.0,6.0,2.5,1.0,10.0,0.125,150.429,32.0612,0
pde,org::eclipse::pde::internal::ui::views::plugins::JavaSearchOperation,3.0,3,1,1,7.0,0,15.0,2.0,5,3,12.0,8.0,2.4,51.0,46.0,10.2,-39.0,6.0,-7.8,85.2857,31.7857,0
pde,org::eclipse::pde::internal::ui::editor::PDEFormTextEditorContributor,36.0,7,2,120,60.0,7,158.0,16.0,6,3,82.0,50.0,13.6667,48.0,42.0,8.0,34.0,50.0,5.66667,113.286,38.7613,1
pde,org::eclipse::pde::internal::core::builders::SchemaErrorReporter,60.0,11,2,55,106.0,0,172.0,11.0,8,5,107.0,49.0,13.375,82.0,63.0,10.25,25.0,33.0,3.125,133.571,87.9239,0
pde,org::eclipse::pde::internal::core::cheatsheet::comp::CompCSDependency,16.0,5,4,78,24.0,0,51.0,13.0,5,3,14.0,8.0,2.8,10.0,8.0,2.0,4.0,8.0,0.8,102.0,24.8776,0
pde,org::eclipse::pde::internal::ui::editor::target::ArgumentsSection,20.0,13,3,78,61.0,0,130.0,13.0,9,4,79.0,32.0,8.77778,53.0,42.0,5.88889,26.0,26.0,2.88889,144.286,74.7306,0
pde,org::eclipse::pde::internal::core::product::ArgumentsInfo,76.0,6,3,55,128.0,0,210.0,11.0,7,4,314.0,106.0,44.8571,131.0,88.0,18.7143,183.0,91.0,26.1429,186.714,70.7525,0
pde,org::eclipse::pde::internal::core::search::ExtensionPluginSearchScope,5.0,5,2,1,9.0,0,18.0,2.0,6,3,94.0,39.0,15.6667,7.0,5.0,1.16667,87.0,39.0,14.5,64.0,7.75988,0
pde,org::eclipse::ui::internal::views::log::Messages,0.0,0,1,0,0.0,0,0.0,0.0,17,1,44.0,9.0,2.58824,13.0,7.0,0.764706,31.0,8.0,1.82353,49.4286,13.8409,0
pde,org::eclipse::pde::internal::ui::wizards::plugin::PluginContentPage,36.0,10,2,66,83.0,0,245.0,12.0,45,8,986.0,179.0,21.9111,735.0,150.0,16.3333,251.0,91.0,5.57778,222.0,104.763,1
pde,org::eclipse::pde::internal::ui::wizards::ctxhelp::NewCtxHelpOperation,8.0,8,1,6,21.0,0,42.0,4.0,1,1,0.0,0.0,0.0,0.0,0.0,0.0,0.0,0.0,0.0,33.1429,0.0,0
pde,org::eclipse::pde::internal::core::build::Build,10.0,12,2,28,36.0,0,36.0,8.0,12,7,81.0,47.0,6.75,71.0,41.0,5.91667,10.0,6.0,0.833333,335.286,133.847,0
pde,org::eclipse::pde::internal::ui::editor::cheatsheet::simple::details::SimpleCSItemDetails,29.0,12,4,120,88.0,0,252.0,16.0,31,4,472.0,105.0,15.2258,674.0,378.0,21.7419,-202.0,75.0,-6.51613,104.286,27.5042,0
pde,org::eclipse::pde::internal::runtime::spy::dialogs::SpyDialog,11.0,12,1,21,28.0,0,82.0,7.0,17,1,126.0,23.0,7.41176,397.0,326.0,23.3529,-271.0,22.0,-15.9412,52.4286,10.4875,0
pde,org::eclipse::pde::internal::ui::build::BuildFeatureAction,7.0,11,2,1,28.0,0,34.0,2.0,36,5,176.0,17.0,4.88889,208.0,37.0,5.77778,-32.0,15.0,-0.888889,240.714,65.1428,0
pde,org::eclipse::pde::ui::launcher::EquinoxLaunchConfiguration,30.0,17,2,21,102.0,0,123.0,7.0,39,4,627.0,185.0,16.0769,417.0,91.0,10.6923,210.0,185.0,5.38462,155.429,41.0601,1
pde,org::eclipse::pde::internal::core::exports::FeatureExportInfo,0.0,6,1,0,1.0,0,0.0,1.0,5,3,15.0,11.0,3.0,13.0,11.0,2.6,2.0,1.0,0.4,128.143,83.4857,1
pde,org::eclipse::pde::internal::ui::launcher::ProgramBlock,29.0,6,1,78,58.0,1,118.0,13.0,15,3,440.0,191.0,29.3333,68.0,45.0,4.53333,372.0,191.0,24.8,156.429,13.2305,1
pde,org::eclipse::pde::internal::ui::PDEPlugin,39.0,362,1,253,72.0,0,134.0,23.0,61,8,592.0,62.0,9.70492,743.0,176.0,12.1803,-151.0,53.0,-2.47541,335.286,156.247,1
pde,org::eclipse::pde::internal::core::text::bundle::ExportPackageObject,50.0,22,4,136,117.0,0,237.0,17.0,18,5,706.0,157.0,39.2222,268.0,160.0,14.8889,438.0,121.0,24.3333,151.143,60.9278,0
pde,org::eclipse::pde::internal::ui::wizards::product::NewProductFileAction,2.0,3,1,1,8.0,0,13.0,2.0,6,3,22.0,10.0,3.66667,9.0,6.0,1.5,13.0,10.0,2.16667,169.0,74.5844,0
pde,org::eclipse::pde::internal::ui::search::dependencies::AddNewDependenciesAction,3.0,2,1,3,6.0,0,32.0,3.0,3,3,21.0,11.0,7.0,19.0,19.0,6.33333,2.0,10.0,0.666667,128.429,49.8639,0
pde,org::eclipse::pde::internal::ui::tests::macro::NewMacroWizard,4.0,2,1,3,8.0,0,20.0,3.0,4,3,18.0,10.0,4.5,15.0,9.0,3.75,3.0,2.0,0.75,183.857,116.056,0
pde,org::eclipse::pde::internal::ui::editor::feature::PluginSection,61.0,30,5,378,177.0,0,317.0,28.0,54,9,775.0,195.0,14.3519,594.0,127.0,11.0,181.0,79.0,3.35185,335.286,138.62,0
pde,org::eclipse::pde::internal::core::text::bundle::SingleManifestHeader,13.0,16,4,36,26.0,8,44.0,9.0,12,4,277.0,116.0,23.0833,114.0,58.0,9.5,163.0,116.0,13.5833,151.0,21.1171,0
pde,org::eclipse::pde::internal::ui::refactoring::ManifestPackageMoveParticipant,15.0,4,2,10,25.0,0,47.0,5.0,12,2,94.0,34.0,7.83333,40.0,23.0,3.33333,54.0,34.0,4.5,158.0,25.3055,0
pde,org::eclipse::pde::internal::core::plugin::Fragment,38.0,10,5,78,84.0,0,144.0,13.0,34,8,204.0,30.0,6.0,168.0,38.0,4.94118,36.0,10.0,1.05882,335.286,133.715,0
pde,org::eclipse::pde::internal::ui::editor::site::SiteEditor,32.0,27,3,210,92.0,0,153.0,21.0,42,9,657.0,203.0,15.6429,466.0,141.0,11.0952,191.0,194.0,4.54762,302.571,88.4264,1
pde,org::eclipse::pde::internal::core::target::TargetObject,10.0,13,2,28,18.0,9,30.0,8.0,5,3,8.0,4.0,1.6,9.0,6.0,1.8,-1.0,1.0,-0.2,144.857,94.2143,0
pde,org::eclipse::pde::ui::launcher::MainTab,19.0,4,2,78,40.0,1,96.0,13.0,24,4,937.0,640.0,39.0417,629.0,564.0,26.2083,308.0,640.0,12.8333,156.571,11.344,0
pde,org::eclipse::pde::internal::ui::editor::context::XMLDocumentSetupParticpant,4.0,7,1,3,9.0,0,15.0,3.0,7,4,28.0,10.0,4.0,15.0,5.0,2.14286,13.0,10.0,1.85714,187.143,65.3571,0
pde,org::eclipse::pde::internal::ui::editor::build::JARFileFilter,12.0,2,1,6,15.0,1,31.0,4.0,10,5,52.0,18.0,5.2,38.0,20.0,3.8,14.0,11.0,1.4,263.429,112.464,0
pde,org::eclipse::pde::internal::ui::templates::osgi::OSGiPreferencesServiceTemplate,8.0,3,5,28,14.0,0,29.0,8.0,2,2,14.0,14.0,7.0,21.0,21.0,10.5,-7.0,0.0,-3.5,95.5714,58.5714,0
pde,org::eclipse::pde::internal::core::text::toc::TocLink,8.0,8,5,21,21.0,0,30.0,7.0,5,2,242.0,118.0,48.4,37.0,23.0,7.4,205.0,118.0,41.0,59.5714,1.63872,0
pde,org::eclipse::pde::internal::ui::wizards::extension::ExtensionEditorSelectionPage,3.0,2,3,3,5.0,0,23.0,3.0,10,6,42.0,10.0,4.2,37.0,9.0,3.7,5.0,3.0,0.5,227.0,71.4558,0
pde,org::eclipse::pde::internal::core::text::bundle::BundleClasspathHeader,3.0,3,5,3,5.0,0,9.0,3.0,7,3,106.0,49.0,15.1429,35.0,14.0,5.0,71.0,49.0,10.1429,151.143,20.6159,0
pde,org::eclipse::pde::internal::ui::wizards::RenameDialog,24.0,5,1,78,46.0,0,104.0,13.0,16,7,204.0,75.0,12.75,108.0,71.0,6.75,96.0,69.0,6.0,246.571,99.1989,0
pde,org::eclipse::pde::internal::ui::editor::site::SiteInputContext,18.0,13,4,55,50.0,0,110.0,11.0,12,7,96.0,54.0,8.0,97.0,52.0,8.08333,-1.0,4.0,-0.0833333,227.429,70.3393,1
pde,org::eclipse::pde::internal::ui::wizards::target::TargetDefinitionFromTargetOperation,3.0,6,2,1,10.0,0,17.0,2.0,5,4,17.0,10.0,3.4,8.0,6.0,1.6,9.0,10.0,1.8,136.286,34.1597,1
pde,org::eclipse::pde::internal::ui::refactoring::ResourceMoveParticipant,13.0,7,2,6,32.0,2,39.0,4.0,5,2,41.0,11.0,8.2,37.0,35.0,7.4,4.0,10.0,0.8,98.2857,48.4634,0
pde,org::eclipse::pde::internal::runtime::MessageHelper,7.0,1,1,1,14.0,0,18.0,2.0,1,1,0.0,0.0,0.0,0.0,0.0,0.0,0.0,0.0,0.0,43.5714,0.0,0
pde,org::eclipse::pde::internal::ui::editor::plugin::ExtensionContentProvider,10.0,6,2,10,14.0,0,27.0,5.0,2,1,80.0,80.0,40.0,0.0,0.0,0.0,80.0,80.0,40.0,36.0,0.0,0
pde,org::eclipse::pde::internal::ui::editor::target::JRESection,22.0,14,3,66,77.0,0,179.0,12.0,15,5,196.0,45.0,13.0667,118.0,51.0,7.86667,78.0,43.0,5.2,144.286,56.9934,0
pde,org::eclipse::pde::internal::ui::editor::plugin::RuntimePage,7.0,10,2,6,33.0,0,34.0,4.0,28,7,136.0,25.0,4.85714,146.0,30.0,5.21429,-10.0,12.0,-0.357143,227.429,78.4916,0
pde,org::eclipse::pde::internal::ui::editor::actions::HyperlinkAction,36.0,4,1,105,43.0,0,94.0,15.0,5,4,53.0,24.0,10.6,49.0,25.0,9.8,4.0,10.0,0.8,110.143,39.5687,0
pde,org::eclipse::pde::internal::ui::wizards::tools::ExtensionPointMappings,10.0,2,1,10,16.0,0,33.0,5.0,8,5,41.0,17.0,5.125,34.0,17.0,4.25,7.0,10.0,0.875,240.714,62.4983,0
pde,org::eclipse::pde::internal::ui::wizards::feature::CreateFeatureProjectFromLaunchOperation,7.0,6,3,3,11.0,0,26.0,3.0,4,2,26.0,11.0,6.5,18.0,13.0,4.5,8.0,9.0,2.0,71.8571,27.3242,0
pde,org::eclipse::pde::internal::core::text::plugin::PluginAttribute,20.0,9,4,190,42.0,0,69.0,20.0,13,5,410.0,130.0,31.5385,90.0,33.0,6.92308,320.0,130.0,24.6154,151.143,31.6415,0
pde,org::eclipse::pde::internal::ui::editor::text::ManifestConfiguration,30.0,11,2,78,38.0,0,93.0,13.0,32,4,254.0,78.0,7.9375,122.0,50.0,3.8125,132.0,74.0,4.125,147.429,32.0484,0
pde,org::eclipse::pde::internal::ui::editor::text::ExternalizedStringRule,4.0,3,1,1,5.0,0,17.0,2.0,2,2,5.0,5.0,2.5,8.0,8.0,4.0,-3.0,0.0,-1.5,51.8571,17.7143,0
pde,org::eclipse::pde::internal::core::site::SiteObject,40.0,18,2,253,60.0,6,131.0,23.0,20,7,110.0,24.0,5.5,107.0,26.0,5.35,3.0,22.0,0.15,302.571,107.86,0
pde,org::eclipse::pde::internal::core::variables::TargetOSVariableResolver,1.0,1,1,0,2.0,0,3.0,1.0,2,2,1.0,1.0,0.5,2.0,2.0,1.0,-1.0,0.0,-0.5,69.0,32.8571,0
pde,org::eclipse::pde::internal::ui::editor::product::PluginSection,92.0,29,5,528,239.0,0,432.0,33.0,49,5,910.0,216.0,18.5714,481.0,162.0,9.81633,429.0,210.0,8.7551,189.429,49.2801,0
pde,org::eclipse::pde::internal::ui::templates::ide::BuilderTemplate,23.0,15,5,91,70.0,0,166.0,14.0,7,4,34.0,15.0,4.85714,28.0,24.0,4.0,6.0,15.0,0.857143,95.5714,40.2227,0
pde,org::eclipse::pde::internal::core::natures::PluginProject,3.0,1,2,3,5.0,0,11.0,3.0,3,3,16.0,15.0,5.33333,15.0,14.0,5.0,1.0,1.0,0.333333,133.571,91.7232,0
pde,org::eclipse::pde::internal::ui::wizards::plugin::NewLibraryPluginCreationOperation,86.0,26,2,153,205.0,0,416.0,18.0,29,5,613.0,232.0,21.1379,416.0,170.0,14.3448,197.0,199.0,6.7931,175.857,97.6434,1
pde,org::eclipse::pde::internal::ui::correction::ChooseClassXMLResolution,6.0,5,3,6,10.0,0,19.0,4.0,11,4,26.0,10.0,2.36364,33.0,23.0,3.0,-7.0,10.0,-0.636364,128.286,17.7967,0
pde,org::eclipse::pde::internal::ui::editor::contentassist::XMLElementProposalComputer,27.0,8,1,28,55.0,0,129.0,8.0,4,2,53.0,40.0,13.25,79.0,66.0,19.75,-26.0,0.0,-6.5,100.143,59.6846,0
pde,org::eclipse::pde::internal::core::WorkspacePluginModelManager,93.0,26,3,231,194.0,0,314.0,22.0,19,4,889.0,224.0,46.7895,135.0,102.0,7.10526,754.0,224.0,39.6842,92.5714,16.5832,1
pde,org::eclipse::pde::internal::ui::editor::toc::actions::TocRemoveObjectAction,13.0,3,1,10,13.0,0,46.0,5.0,7,2,216.0,100.0,30.8571,15.0,9.0,2.14286,201.0,100.0,28.7143,61.1429,2.64087,0
pde,org::eclipse::pde::internal::ui::wizards::plugin::NewPluginProjectWizard,22.0,13,2,36,52.0,0,110.0,9.0,35,8,293.0,76.0,8.37143,286.0,104.0,8.17143,7.0,22.0,0.2,240.714,69.0843,0
pde,org::eclipse::pde::internal::ui::editor::build::BuildClasspathSection,50.0,25,5,136,117.0,0,212.0,17.0,38,8,715.0,146.0,18.8158,671.0,125.0,17.6579,44.0,82.0,1.15789,263.429,62.9702,0
pde,org::eclipse::pde::internal::ui::correction::AddSingletonToSymbolicName,12.0,4,3,6,11.0,0,28.0,4.0,10,3,123.0,52.0,12.3,16.0,6.0,1.6,107.0,52.0,10.7,150.571,9.13357,0
pde,org::eclipse::pde::internal::ui::views::dependencies::CallersContentProvider,4.0,2,3,1,5.0,2,13.0,2.0,4,2,21.0,13.0,5.25,48.0,37.0,12.0,-27.0,0.0,-6.75,108.143,36.4082,0
pde,org::eclipse::pde::internal::runtime::spy::SpyFormToolkit,31.0,13,1,66,74.0,0,177.0,12.0,10,1,257.0,86.0,25.7,83.0,66.0,8.3,174.0,85.0,17.4,52.1429,10.075,0
pde,org::eclipse::pde::internal::runtime::registry::ServiceReferenceAdapter,5.0,3,3,6,8.0,0,15.0,4.0,1,1,0.0,0.0,0.0,0.0,0.0,0.0,0.0,0.0,0.0,20.0,0.0,0
pde,org::eclipse::pde::internal::ui::wizards::exports::BaseExportWizard,12.0,9,1,55,30.0,2,45.0,11.0,48,7,920.0,132.0,19.1667,1041.0,305.0,21.6875,-121.0,78.0,-2.52083,297.571,45.7129,0
pde,org::eclipse::pde::internal::ui::tests::macro::PlaybackAction,8.0,3,1,15,16.0,0,32.0,6.0,6,3,10.0,4.0,1.66667,10.0,4.0,1.66667,0.0,2.0,0.0,183.857,95.3429,0
pde,org::eclipse::pde::internal::ui::editor::plugin::rows::TranslatableAttributeRow,4.0,4,4,3,13.0,0,13.0,3.0,2,2,3.0,3.0,1.5,4.0,4.0,2.0,-1.0,0.0,-0.5,109.286,75.1429,0
pde,org::eclipse::pde::internal::ui::wizards::product::NewProductFileWizard,7.0,6,1,15,21.0,0,32.0,6.0,13,5,53.0,13.0,4.07692,40.0,11.0,3.07692,13.0,10.0,1.0,191.143,44.8544,0
pde,org::eclipse::pde::internal::ui::wizards::site::NewSiteProjectWizard,5.0,5,2,6,15.0,0,34.0,4.0,19,6,391.0,281.0,20.5789,907.0,516.0,47.7368,-516.0,5.0,-27.1579,240.714,26.0142,0
pde,org::eclipse::pde::internal::core::util::Headers,30.0,4,1,190,44.0,0,93.0,20.0,2,1,2.0,2.0,1.0,5.0,5.0,2.5,-3.0,0.0,-1.5,72.4286,1.0,0
pde,org::eclipse::pde::internal::core::site::WorkspaceSiteModel,20.0,13,5,105,45.0,0,95.0,15.0,22,9,107.0,24.0,4.86364,99.0,44.0,4.5,8.0,9.0,0.363636,302.571,137.402,0
pde,org::eclipse::pde::internal::ui::editor::schema::SchemaDtdDetailsSection,9.0,4,1,3,12.0,0,42.0,3.0,2,2,10.0,10.0,5.0,17.0,17.0,8.5,-7.0,0.0,-3.5,60.2857,26.1429,0
pde,org::eclipse::pde::internal::core::util::XMLComponentRegistry,31.0,6,1,91,43.0,0,97.0,14.0,2,2,25.0,25.0,12.5,26.0,26.0,13.0,-1.0,0.0,-0.5,110.429,74.2857,0
pde,org::eclipse::pde::internal::core::text::cheatsheet::simple::SimpleCSModel,8.0,14,6,15,12.0,0,32.0,6.0,8,3,111.0,86.0,13.875,96.0,86.0,12.0,15.0,86.0,1.875,59.2857,1.8314,0
pde,org::eclipse::pde::internal::ui::editor::build::SrcSection,6.0,4,6,6,21.0,0,43.0,4.0,19,5,235.0,43.0,12.3684,295.0,89.0,15.5263,-60.0,20.0,-3.15789,263.429,41.0887,0
pde,org::eclipse::pde::internal::core::search::PluginJavaSearchUtil,32.0,14,1,21,69.0,0,102.0,7.0,14,6,72.0,23.0,5.14286,87.0,29.0,6.21429,-15.0,14.0,-1.07143,180.571,64.8433,0
pde,org::eclipse::pde::internal::core::text::bundle::BundleSymbolicNameHeader,13.0,14,5,15,20.0,0,31.0,6.0,6,3,124.0,52.0,20.6667,15.0,14.0,2.5,109.0,52.0,18.1667,151.0,10.7108,0
pde,org::eclipse::pde::internal::ui::editor::site::SiteUndoManager,36.0,8,2,21,42.0,0,112.0,7.0,14,5,174.0,45.0,12.4286,185.0,58.0,13.2143,-11.0,28.0,-0.785714,302.571,72.6289,0
pde,org::eclipse::pde::internal::core::text::plugin::DocumentGenericNode,1.0,3,3,0,2.0,1,5.0,1.0,4,1,34.0,31.0,8.5,32.0,31.0,8.0,2.0,31.0,0.5,59.2857,0.252101,0
pde,org::eclipse::pde::internal::core::plugin::Plugin,23.0,9,5,36,58.0,0,96.0,9.0,31,8,228.0,103.0,7.35484,203.0,100.0,6.54839,25.0,6.0,0.806452,335.286,97.2782,0
pde,org::eclipse::pde::internal::ui::tests::macro::WidgetIdentifier,10.0,11,1,15,12.0,0,27.0,6.0,2,2,11.0,11.0,5.5,5.0,5.0,2.5,6.0,6.0,3.0,183.857,148.0,0
pde,org::eclipse::pde::internal::ui::editor::feature::EditorBuildFeatureAction,5.0,8,1,6,23.0,0,38.0,4.0,18,7,131.0,38.0,7.27778,113.0,43.0,6.27778,18.0,14.0,1.0,335.286,103.218,0
pde,org::eclipse::pde::internal::ui::search::ManifestEditorOpener,25.0,11,1,10,43.0,0,84.0,5.0,14,5,230.0,53.0,16.4286,127.0,33.0,9.07143,103.0,32.0,7.35714,201.286,123.433,0
pde,org::eclipse::pde::internal::core::feature::Feature,167.0,33,5,1596,369.0,0,618.0,57.0,46,8,970.0,176.0,21.087,646.0,178.0,14.0435,324.0,81.0,7.04348,335.286,113.183,0
pde,org::eclipse::pde::internal::core::builders::ElementOccurenceChecker,63.0,11,1,210,122.0,0,307.0,21.0,4,2,198.0,94.0,49.5,162.0,146.0,40.5,36.0,80.0,9.0,100.143,30.6407,0
pde,org::eclipse::pde::internal::ui::refactoring::ContainerMoveParticipant,1.0,0,3,0,1.0,0,3.0,1.0,3,1,10.0,10.0,3.33333,1.0,1.0,0.333333,9.0,10.0,3.0,98.2857,2.85714,0
pde,org::eclipse::pde::internal::ui::templates::ide::ViewNewWizard,3.0,2,6,3,6.0,0,10.0,3.0,2,2,2.0,2.0,1.0,2.0,2.0,1.0,0.0,0.0,0.0,95.5714,58.5714,0
pde,org::eclipse::pde::internal::ui::views::dependencies::DependenciesView,97.0,24,1,465,163.0,0,332.0,31.0,12,3,265.0,97.0,22.0833,189.0,135.0,15.75,76.0,49.0,6.33333,108.143,48.9294,1
pde,org::eclipse::pde::internal::ui::editor::toc::TocInputContextManager,3.0,2,2,1,4.0,0,10.0,2.0,3,1,86.0,43.0,28.6667,0.0,0.0,0.0,86.0,43.0,28.6667,61.1429,1.42857,0
pde,org::eclipse::pde::internal::ui::editor::build::RuntimeInfoSection,172.0,29,3,528,352.0,0,724.0,33.0,60,7,3422.0,490.0,57.0333,3402.0,490.0,56.7,20.0,209.0,0.333333,263.429,53.676,0
pde,org::eclipse::pde::internal::ui::launcher::PluginBlock,47.0,19,2,66,89.0,0,170.0,12.0,23,4,580.0,168.0,25.2174,181.0,47.0,7.86956,399.0,168.0,17.3478,155.857,29.2953,1
pde,org::eclipse::pde::internal::ui::wizards::exports::FeatureDestinationTab,2.0,2,3,1,5.0,0,12.0,2.0,5,3,67.0,32.0,13.4,3.0,2.0,0.6,64.0,32.0,12.8,139.571,3.46482,0
pde,org::eclipse::pde::internal::ui::editor::feature::InfoSection,59.0,21,3,276,162.0,0,338.0,24.0,45,8,742.0,304.0,16.4889,670.0,223.0,14.8889,72.0,81.0,1.6,335.286,120.691,0
pde,org::eclipse::pde::internal::ui::editor::schema::SchemaOverviewPage,14.0,10,2,55,40.0,0,96.0,11.0,13,4,394.0,114.0,30.3077,139.0,84.0,10.6923,255.0,109.0,19.6154,147.0,45.653,1
pde,org::eclipse::pde::internal::ui::nls::ExternalizeStringsOperation,30.0,12,1,36,89.0,0,152.0,9.0,23,4,559.0,140.0,24.3043,199.0,48.0,8.65217,360.0,140.0,15.6522,154.857,37.1881,0
pde,org::eclipse::pde::internal::core::text::AbstractKeyValueTextChangeListener,15.0,7,3,15,32.0,2,40.0,6.0,4,3,50.0,33.0,12.5,30.0,23.0,7.5,20.0,10.0,5.0,129.429,60.6971,0
pde,org::eclipse::pde::internal::core::text::bundle::BundleModel,8.0,47,5,21,17.0,0,33.0,7.0,11,4,194.0,83.0,17.6364,20.0,7.0,1.81818,174.0,83.0,15.8182,151.143,11.8527,0
pde,org::eclipse::pde::internal::ui::templates::rcp::IntroTemplate,34.0,16,5,136,94.0,0,211.0,17.0,5,4,107.0,101.0,21.4,117.0,115.0,23.4,-10.0,3.0,-2.0,95.5714,57.0841,0
pde,org::eclipse::pde::internal::core::text::plugin::PluginExtensionNode,23.0,11,5,66,59.0,0,64.0,12.0,10,4,314.0,130.0,31.4,29.0,12.0,2.9,285.0,130.0,28.5,151.143,15.9236,0
pde,org::eclipse::pde::internal::core::text::bundle::ImportPackageObject,10.0,12,4,15,32.0,0,38.0,6.0,13,4,221.0,62.0,17.0,72.0,50.0,5.53846,149.0,62.0,11.4615,151.143,35.0976,0
pde,org::eclipse::pde::internal::ui::editor::cheatsheet::simple::details::SimpleCSIntroDetails,22.0,10,4,78,57.0,0,159.0,13.0,19,3,296.0,105.0,15.5789,282.0,115.0,14.8421,14.0,79.0,0.736842,104.286,32.4546,0
pde,org::eclipse::pde::internal::ui::correction::DeletePluginBaseResolution,4.0,1,2,6,6.0,0,17.0,4.0,1,1,0.0,0.0,0.0,0.0,0.0,0.0,0.0,0.0,0.0,28.4286,0.0,0
pde,org::eclipse::pde::internal::core::text::bundle::Bundle,30.0,19,1,78,74.0,0,111.0,13.0,10,4,391.0,162.0,39.1,69.0,37.0,6.9,322.0,162.0,32.2,151.143,15.5722,0
pde,org::eclipse::pde::internal::ui::compare::PluginStructureViewer,1.0,2,1,0,4.0,0,34.0,1.0,3,2,44.0,34.0,14.6667,12.0,11.0,4.0,32.0,33.0,10.6667,59.0,7.41558,1
pde,org::eclipse::pde::internal::ui::editor::plugin::BundleInputContext,25.0,18,3,55,72.0,0,97.0,11.0,26,6,233.0,55.0,8.96154,137.0,43.0,5.26923,96.0,53.0,3.69231,227.429,58.3875,0
pde,org::eclipse::pde::internal::core::text::cheatsheet::simple::SimpleCS,19.0,3,5,171,38.0,0,61.0,19.0,13,3,480.0,382.0,36.9231,880.0,382.0,67.6923,-400.0,382.0,-30.7692,59.2857,0.961607,0
pde,org::eclipse::pde::internal::ui::editor::PDEFormEditorContributor,32.0,24,1,210,55.0,4,120.0,21.0,23,7,298.0,117.0,12.9565,296.0,211.0,12.8696,2.0,36.0,0.0869565,227.429,109.638,0
pde,org::eclipse::pde::internal::ui::search::dependencies::UnusedDependenciesAction,2.0,5,1,1,5.0,0,11.0,2.0,9,4,22.0,6.0,2.44444,20.0,5.0,2.22222,2.0,3.0,0.222222,201.286,50.4221,0
pde,org::eclipse::pde::internal::core::bundle::BundlePluginModel,3.0,6,8,6,7.0,0,11.0,4.0,7,4,22.0,10.0,3.14286,23.0,12.0,3.28571,-1.0,10.0,-0.142857,227.429,54.9675,0
pde,org::eclipse::pde::internal::ui::refactoring::ManifestTypeMoveParticipant,13.0,6,2,10,28.0,0,44.0,5.0,9,3,133.0,75.0,14.7778,71.0,29.0,7.88889,62.0,74.0,6.88889,158.0,24.5231,0
pde,org::eclipse::pde::internal::core::schema::Schema,259.0,53,3,3321,495.0,1,847.0,82.0,83,9,1996.0,718.0,24.0482,1671.0,657.0,20.1325,325.0,83.0,3.91566,335.286,109.549,1
pde,org::eclipse::pde::internal::core::text::toc::TocTopic,16.0,13,5,91,36.0,1,56.0,14.0,9,4,516.0,277.0,57.3333,133.0,107.0,14.7778,383.0,277.0,42.5556,59.5714,1.29956,0
pde,org::eclipse::pde::internal::core::product::ProductFeature,8.0,3,3,21,10.0,0,25.0,7.0,4,3,16.0,10.0,4.0,4.0,3.0,1.0,12.0,10.0,3.0,188.429,25.1875,0
pde,org::eclipse::pde::internal::ui::editor::EditorUtilities,57.0,18,1,120,107.0,0,194.0,16.0,21,4,501.0,104.0,23.8571,416.0,104.0,19.8095,85.0,40.0,4.04762,143.857,24.8993,0
pde,org::eclipse::pde::internal::ui::editor::LaunchShortcutOverviewPage,10.0,8,2,36,35.0,2,59.0,9.0,4,2,34.0,17.0,8.5,111.0,88.0,27.75,-77.0,0.0,-19.25,76.0,26.1345,0
pde,org::eclipse::pde::internal::ui::samples::SampleWizard,34.0,11,1,171,56.0,0,124.0,19.0,4,3,64.0,46.0,16.0,56.0,48.0,14.0,8.0,10.0,2.0,151.143,88.2589,0
pde,org::eclipse::pde::internal::core::util::DOMParserWrapper,6.0,4,1,10,13.0,0,20.0,5.0,2,2,11.0,11.0,5.5,11.0,11.0,5.5,0.0,0.0,0.0,116.143,80.0,1
pde,org::eclipse::pde::internal::core::ModelFileAdapter,2.0,2,2,1,2.0,0,7.0,2.0,3,3,2.0,1.0,0.666667,2.0,1.0,0.666667,0.0,0.0,0.0,85.2857,34.2857,0
pde,org::eclipse::pde::internal::core::plugin::PluginAttribute,20.0,9,3,36,39.0,0,63.0,9.0,22,8,172.0,78.0,7.81818,142.0,72.0,6.45455,30.0,15.0,1.36364,335.286,129.655,0
pde,org::eclipse::pde::internal::ui::editor::build::BuildSourceViewerConfiguration,21.0,7,2,45,26.0,0,66.0,10.0,10,3,219.0,113.0,21.9,167.0,69.0,16.7,52.0,62.0,5.2,150.857,30.2061,0
pde,org::eclipse::pde::ui::launcher::JUnitWorkbenchLaunchShortcut,8.0,5,1,1,19.0,0,52.0,2.0,12,2,72.0,40.0,6.0,79.0,46.0,6.58333,-7.0,2.0,-0.583333,104.429,17.1627,1
pde,org::eclipse::pde::internal::ui::views::dependencies::OpenPluginDependenciesAction,2.0,5,1,1,6.0,0,11.0,2.0,2,1,5.0,5.0,2.5,6.0,6.0,3.0,-1.0,0.0,-0.5,72.1429,38.0,0
pde,org::eclipse::pde::internal::core::text::plugin::PluginModel,5.0,6,7,10,6.0,0,14.0,5.0,4,2,106.0,51.0,26.5,4.0,4.0,1.0,102.0,51.0,25.5,151.143,4.61456,0
pde,org::eclipse::pde::internal::ui::wizards::WizardCollectionComparator,7.0,3,1,3,8.0,0,24.0,3.0,2,1,22.0,22.0,11.0,20.0,20.0,10.0,2.0,2.0,1.0,102.143,68.0,0
pde,org::eclipse::pde::internal::ui::editor::contentassist::TypeProposalLabelProvider,3.0,2,1,1,3.0,0,9.0,2.0,2,2,1.0,1.0,0.5,1.0,1.0,0.5,0.0,0.0,0.0,94.4286,60.2857,0
pde,org::eclipse::pde::internal::core::schema::EditableSchema,7.0,3,4,15,9.0,0,21.0,6.0,11,7,59.0,33.0,5.36364,44.0,24.0,4.0,15.0,9.0,1.36364,335.286,127.363,0
pde,org::eclipse::pde::internal::ui::preferences::MainPreferencePage,10.0,2,1,15,28.0,0,71.0,6.0,27,8,351.0,87.0,13.0,341.0,89.0,12.6296,10.0,43.0,0.37037,335.286,98.7196,1
pde,org::eclipse::pde::internal::ui::wizards::feature::NewFeaturePatchWizard,3.0,3,3,3,11.0,0,11.0,3.0,33,5,969.0,345.0,29.3636,1296.0,345.0,39.2727,-327.0,23.0,-9.90909,226.571,9.91906,0
pde,org::eclipse::ui::internal::views::log::OpenIDELogFileAction,4.0,3,1,1,10.0,0,15.0,2.0,2,1,7.0,7.0,3.5,10.0,10.0,5.0,-3.0,0.0,-1.5,49.4286,13.0,0
pde,org::eclipse::pde::internal::ui::editor::feature::Choice,4.0,6,1,6,4.0,0,13.0,4.0,6,4,12.0,5.0,2.0,12.0,5.0,2.0,0.0,4.0,0.0,205.857,93.6071,0
pde,org::eclipse::pde::internal::ui::editor::feature::IncludedFeaturesDetailsSection,22.0,8,3,66,58.0,0,195.0,12.0,11,4,102.0,26.0,9.27273,108.0,33.0,9.81818,-6.0,21.0,-0.545455,188.429,66.3235,0
pde,org::eclipse::pde::internal::core::builders::ElementOccurrenceResult,5.0,2,1,10,5.0,0,18.0,5.0,2,2,10.0,10.0,5.0,12.0,12.0,6.0,-2.0,0.0,-1.0,97.0,60.8571,0
pde,org::eclipse::pde::internal::ui::editor::text::ResourceHyperlink,11.0,6,2,3,19.0,0,57.0,3.0,6,3,80.0,50.0,13.3333,20.0,9.0,3.33333,60.0,43.0,10.0,118.0,51.3429,0
pde,org::eclipse::pde::internal::ui::wizards::plugin::OpenProjectWizardAction,4.0,3,1,1,12.0,0,19.0,2.0,13,6,66.0,18.0,5.07692,41.0,12.0,3.15385,25.0,11.0,1.92308,234.714,42.5519,0
pde,org::eclipse::pde::internal::core::exports::FeatureExportOperation,139.0,46,1,528,273.0,2,582.0,33.0,16,3,325.0,100.0,20.3125,240.0,110.0,15.0,85.0,72.0,5.3125,128.143,85.4026,1
pde,org::eclipse::pde::internal::ui::editor::cheatsheet::simple::SimpleCSDefinitionPage,29.0,16,2,45,62.0,0,144.0,10.0,4,3,101.0,74.0,25.25,61.0,44.0,15.25,40.0,61.0,10.0,64.4286,13.5219,0
pde,org::eclipse::pde::internal::ui::launcher::LaunchAction,62.0,21,1,171,131.0,0,223.0,19.0,32,6,264.0,50.0,8.25,194.0,74.0,6.0625,70.0,18.0,2.1875,187.286,86.5887,1
pde,org::eclipse::pde::internal::ui::util::PersistablePluginObject,21.0,10,1,45,28.0,0,55.0,10.0,8,4,76.0,26.0,9.5,22.0,17.0,2.75,54.0,24.0,6.75,207.714,78.6128,0
pde,org::eclipse::pde::internal::ui::editor::ctxhelp::CtxHelpSourcePage,16.0,9,4,66,31.0,0,53.0,12.0,1,1,0.0,0.0,0.0,0.0,0.0,0.0,0.0,0.0,0.0,33.4286,0.0,0
pde,org::eclipse::pde::internal::ui::search::dependencies::DependencyExtentSearchResultPage,8.0,7,2,21,31.0,0,53.0,7.0,9,4,88.0,27.0,9.77778,64.0,45.0,7.11111,24.0,20.0,2.66667,201.286,77.5779,0
pde,org::eclipse::pde::internal::ui::editor::plugin::rows::TextAttributeRow,11.0,6,2,21,25.0,1,55.0,7.0,16,6,68.0,20.0,4.25,43.0,14.0,2.6875,25.0,20.0,1.5625,227.429,125.456,0
pde,org::eclipse::pde::internal::core::text::toc::Toc,7.0,4,6,21,12.0,0,22.0,7.0,8,3,260.0,155.0,32.5,90.0,77.0,11.25,170.0,155.0,21.25,59.5714,1.3511,0
pde,org::eclipse::pde::internal::ui::correction::OptionalRequireBundleResolution,7.0,5,3,6,12.0,0,21.0,4.0,4,3,17.0,10.0,4.25,11.0,10.0,2.75,6.0,10.0,1.5,150.429,55.8739,0
pde,org::eclipse::pde::internal::ui::editor::JarEntryEditorInput,15.0,10,1,55,22.0,0,45.0,11.0,9,4,41.0,20.0,4.55556,39.0,28.0,4.33333,2.0,4.0,0.222222,204.0,112.836,0
pde,org::eclipse::pde::internal::ui::compare::PluginStructureViewerCreator,2.0,1,1,1,3.0,0,6.0,2.0,1,1,0.0,0.0,0.0,0.0,0.0,0.0,0.0,0.0,0.0,59.0,0.0,1
pde,org::eclipse::pde::internal::ui::elements::ElementList,7.0,9,3,15,13.0,1,22.0,6.0,6,6,53.0,35.0,8.83333,40.0,29.0,6.66667,13.0,6.0,2.16667,335.286,234.383,0
pde,org::eclipse::pde::internal::core::build::ExternalBuildModel,10.0,8,5,21,28.0,0,37.0,7.0,15,7,80.0,46.0,5.33333,69.0,42.0,4.6,11.0,6.0,0.733333,335.286,129.786,1
pde,org::eclipse::pde::internal::core::natures::SiteProject,3.0,1,2,3,5.0,0,9.0,3.0,3,3,12.0,11.0,4.0,10.0,9.0,3.33333,2.0,2.0,0.666667,133.571,89.8214,0
pde,org::eclipse::pde::internal::ui::editor::contentassist::display::SubstitutionTextReader,24.0,5,2,45,28.0,1,76.0,10.0,3,2,28.0,27.0,9.33333,31.0,30.0,10.3333,-3.0,0.0,-1.0,110.857,74.0051,0
pde,org::eclipse::pde::internal::ui::editor::schema::SchemaStringAttributeDetails,8.0,6,5,6,17.0,0,145.0,4.0,3,2,34.0,32.0,11.3333,40.0,40.0,13.3333,-6.0,2.0,-2.0,60.1429,24.479,0
pde,org::eclipse::pde::internal::core::PDERegistryStrategy,51.0,13,1,136,92.0,1,155.0,17.0,14,3,749.0,279.0,53.5,162.0,63.0,11.5714,587.0,279.0,41.9286,63.0,7.94602,1
pde,org::eclipse::pde::internal::ui::launcher::FilteredCheckboxTree,7.0,3,1,10,12.0,0,35.0,5.0,3,2,36.0,26.0,12.0,2.0,2.0,0.666667,34.0,26.0,11.3333,28.8571,8.77778,1
pde,org::eclipse::pde::internal::ui::editor::schema::SchemaCompositorDetails,7.0,6,4,10,30.0,0,64.0,5.0,15,3,257.0,105.0,17.1333,70.0,36.0,4.66667,187.0,105.0,12.4667,147.0,10.6598,0
pde,org::eclipse::pde::internal::core::text::bundle::BundleActivatorHeader,3.0,5,5,3,5.0,0,9.0,3.0,4,2,64.0,31.0,16.0,2.0,2.0,0.5,62.0,31.0,15.5,151.0,3.79688,0
pde,org::eclipse::pde::internal::ui::editor::plugin::ExportPackageSection,108.0,35,5,595,243.0,0,525.0,35.0,55,7,1897.0,458.0,34.4909,906.0,494.0,16.4727,991.0,372.0,18.0182,180.571,57.3516,0
pde,org::eclipse::pde::internal::core::variables::TargetNLVariableResolver,1.0,1,1,0,2.0,0,3.0,1.0,2,2,1.0,1.0,0.5,2.0,2.0,1.0,-1.0,0.0,-0.5,69.0,32.8571,0
pde,org::eclipse::pde::internal::ui::wizards::product::UpdateSplashProgressOperation,73.0,21,1,435,141.0,0,415.0,30.0,2,2,74.0,74.0,37.0,105.0,105.0,52.5,-31.0,0.0,-15.5,68.2857,34.1429,0
pde,org::eclipse::pde::internal::ui::templates::osgi::OSGiPreferencesServiceNewWizard,3.0,2,6,3,6.0,0,11.0,3.0,2,2,4.0,4.0,2.0,6.0,6.0,3.0,-2.0,0.0,-1.0,95.5714,58.5714,0
pde,org::eclipse::pde::ui::launcher::OSGiLaunchConfigurationInitializer,10.0,8,1,28,27.0,1,37.0,8.0,6,2,67.0,47.0,11.1667,23.0,11.0,3.83333,44.0,47.0,7.33333,104.429,19.9211,1
pde,org::eclipse::pde::internal::core::build::BuildEntry,17.0,8,2,66,50.0,0,59.0,12.0,14,8,226.0,140.0,16.1429,247.0,90.0,17.6429,-21.0,50.0,-1.5,335.286,66.9412,0
pde,org::eclipse::pde::internal::core::plugin::ImportObject,13.0,10,2,21,16.0,0,42.0,7.0,17,8,96.0,22.0,5.64706,35.0,10.0,2.05882,61.0,22.0,3.58824,335.286,195.335,0
pde,org::eclipse::pde::internal::ui::editor::feature::SynchronizeVersionsWizardPage,28.0,12,1,45,62.0,0,152.0,10.0,38,8,502.0,149.0,13.2105,539.0,241.0,14.1842,-37.0,66.0,-0.973684,335.286,165.423,0
pde,org::eclipse::pde::internal::ui::editor::feature::FeatureEditor,71.0,33,3,378,151.0,0,255.0,28.0,51,9,687.0,170.0,13.4706,533.0,150.0,10.451,154.0,51.0,3.01961,335.286,123.062,1
pde,org::eclipse::pde::internal::ui::editor::cheatsheet::comp::CompCSMasterTreeSection,92.0,30,5,406,200.0,0,482.0,29.0,13,3,545.0,280.0,41.9231,538.0,289.0,41.3846,7.0,42.0,0.538462,99.2857,18.9756,0
pde,org::eclipse::pde::internal::ui::correction::BuildEntryMarkerResolution,3.0,1,2,1,5.0,5,12.0,2.0,7,3,30.0,10.0,4.28571,31.0,18.0,4.42857,-1.0,10.0,-0.142857,130.857,18.4,0
pde,org::eclipse::pde::internal::ui::elements::NamedElement,5.0,4,2,10,6.0,2,17.0,5.0,10,6,96.0,31.0,9.6,75.0,23.0,7.5,21.0,17.0,2.1,335.286,188.814,0
pde,org::eclipse::pde::internal::ui::editor::contentassist::ManifestContentAssistProcessor,218.0,22,2,666,471.0,0,646.0,37.0,34,4,1947.0,597.0,57.2647,550.0,224.0,16.1765,1397.0,597.0,41.0882,114.0,14.3983,1
pde,org::eclipse::pde::internal::ui::editor::text::ReconcilingStrategy,8.0,3,1,15,12.0,0,20.0,6.0,10,4,36.0,10.0,3.6,26.0,8.0,2.6,10.0,10.0,1.0,227.429,88.4841,0
pde,org::eclipse::pde::internal::ui::wizards::provisioner::DirectorySelectionPage,13.0,5,1,21,36.0,0,114.0,7.0,8,3,462.0,186.0,57.75,103.0,52.0,12.875,359.0,186.0,44.875,92.0,3.43043,1
pde,org::eclipse::pde::internal::core::exports::ProductExportOperation,143.0,39,2,351,362.0,0,613.0,27.0,40,4,431.0,102.0,10.775,559.0,257.0,13.975,-128.0,56.0,-3.2,128.143,71.7083,1
pde,org::eclipse::pde::internal::ui::editor::text::PDEDefaultInformationControl,3.0,0,1,3,4.0,0,10.0,3.0,3,2,7.0,4.0,2.33333,7.0,4.0,2.33333,0.0,0.0,0.0,104.286,72.7755,0
pde,org::eclipse::pde::internal::ui::editor::plugin::PluginGeneralInfoSection,47.0,17,4,136,91.0,0,166.0,17.0,45,6,866.0,208.0,19.2444,406.0,58.0,9.02222,460.0,208.0,10.2222,181.429,36.9553,0
pde,org::eclipse::pde::internal::ui::templates::ide::NewWizardTemplate,21.0,15,5,78,56.0,0,100.0,13.0,3,2,31.0,29.0,10.3333,29.0,27.0,9.66667,2.0,2.0,0.666667,95.5714,58.1567,0
pde,org::eclipse::pde::internal::ui::editor::plugin::ExtensionPointsPage,10.0,9,2,6,21.0,0,37.0,4.0,19,7,123.0,26.0,6.47368,81.0,31.0,4.26316,42.0,26.0,2.21053,227.429,112.632,0
pde,org::eclipse::pde::internal::ui::editor::feature::HandlerSection,24.0,14,3,91,68.0,0,121.0,14.0,23,7,214.0,64.0,9.30435,258.0,91.0,11.2174,-44.0,10.0,-1.91304,335.286,123.165,0
pde,org::eclipse::pde::internal::core::schema::SchemaElement,95.0,25,4,300,124.0,1,259.0,25.0,32,9,493.0,238.0,15.4062,342.0,177.0,10.6875,151.0,61.0,4.71875,335.286,161.197,0
pde,org::eclipse::pde::internal::ui::wizards::templates::NewPluginTemplateChoiceWizard,20.0,3,5,45,32.0,0,66.0,10.0,14,6,160.0,55.0,11.4286,74.0,52.0,5.28571,86.0,45.0,6.14286,335.286,192.072,0
pde,org::eclipse::pde::internal::core::text::bundle::LazyStartHeader,3.0,7,5,3,7.0,1,9.0,3.0,5,2,71.0,36.0,14.2,9.0,8.0,1.8,62.0,36.0,12.4,151.143,1.87525,0
pde,org::eclipse::pde::internal::ui::editor::target::EnvironmentPage,5.0,8,2,10,18.0,0,28.0,5.0,12,4,49.0,10.0,4.08333,30.0,13.0,2.5,19.0,10.0,1.58333,144.286,56.1283,0
pde,org::eclipse::pde::internal::core::builders::FeatureRebuilder,14.0,6,1,15,33.0,0,50.0,6.0,10,4,67.0,46.0,6.7,155.0,132.0,15.5,-88.0,2.0,-8.8,133.571,34.3731,0
pde,org::eclipse::pde::internal::ui::templates::ide::HelloWorldCmdTemplate,16.0,12,5,55,42.0,0,136.0,11.0,2,2,14.0,14.0,7.0,29.0,29.0,14.5,-15.0,0.0,-7.5,72.1429,35.1429,0
pde,org::eclipse::pde::internal::ui::compare::ManifestStructureMergeViewerCreator,1.0,1,1,0,4.0,0,5.0,1.0,3,1,11.0,10.0,3.66667,1.0,1.0,0.333333,10.0,10.0,3.33333,144.429,17.3896,0
pde,org::eclipse::pde::internal::ui::OpenPDEPerspectiveAction,3.0,1,1,1,8.0,0,20.0,2.0,10,7,38.0,10.0,3.8,27.0,9.0,2.7,11.0,10.0,1.1,326.429,119.259,0
pde,org::eclipse::pde::internal::ui::refactoring::ContainerRenameParticipant,13.0,16,2,6,46.0,0,79.0,4.0,11,3,149.0,58.0,13.5455,63.0,27.0,5.72727,86.0,55.0,7.81818,98.2857,30.791,0
pde,org::eclipse::pde::internal::ui::editor::ctxhelp::CtxHelpPage,20.0,12,2,28,39.0,0,81.0,8.0,3,1,4.0,3.0,1.33333,5.0,3.0,1.66667,-1.0,0.0,-0.333333,33.4286,7.75,0
pde,org::eclipse::pde::internal::core::FeatureModelDelta,19.0,1,1,28,18.0,0,37.0,8.0,3,2,15.0,11.0,5.0,17.0,13.0,5.66667,-2.0,0.0,-0.666667,187.429,111.552,0
pde,org::eclipse::pde::internal::core::TracingOptionsManager,35.0,12,1,55,69.0,0,132.0,11.0,24,8,222.0,69.0,9.25,202.0,62.0,8.41667,20.0,46.0,0.833333,335.286,145.326,1
pde,org::eclipse::pde::internal::ui::tests::macro::IndexAction,11.0,3,1,28,24.0,0,33.0,8.0,4,3,7.0,4.0,1.75,11.0,5.0,2.75,-4.0,0.0,-1.0,183.857,135.143,0
pde,org::eclipse::pde::internal::core::text::bundle::BasePackageHeader,12.0,16,5,21,24.0,2,44.0,7.0,9,3,201.0,76.0,22.3333,65.0,34.0,7.22222,136.0,76.0,15.1111,151.143,26.2587,0
pde,org::eclipse::pde::internal::ui::launcher::WorkspaceDataBlock,15.0,5,2,45,29.0,0,109.0,10.0,21,4,367.0,120.0,17.4762,94.0,31.0,4.47619,273.0,120.0,13.0,156.429,17.4554,0
pde,org::eclipse::pde::internal::ui::editor::product::SplashPage,4.0,6,2,6,14.0,0,24.0,4.0,6,4,12.0,8.0,2.0,18.0,12.0,3.0,-6.0,0.0,-1.0,77.1429,31.1429,0
pde,org::eclipse::pde::ui::launcher::JUnitLaunchConfigurationDelegate,71.0,21,1,276,165.0,0,270.0,24.0,29,4,528.0,202.0,18.2069,506.0,142.0,17.4483,22.0,60.0,0.758621,104.429,25.2757,1
pde,org::eclipse::pde::internal::core::build::BuildObject,8.0,12,1,21,10.0,2,23.0,7.0,16,8,99.0,40.0,6.1875,79.0,33.0,4.9375,20.0,7.0,1.25,335.286,123.701,0
pde,org::eclipse::pde::internal::core::text::build::BuildModel,8.0,8,5,15,12.0,0,27.0,6.0,8,3,172.0,80.0,21.5,11.0,6.0,1.375,161.0,80.0,20.125,151.143,5.81063,0
pde,org::eclipse::pde::internal::core::text::plugin::PluginModelBase,22.0,12,6,105,28.0,2,64.0,15.0,12,5,383.0,165.0,31.9167,32.0,13.0,2.66667,351.0,165.0,29.25,151.143,10.7885,0
pde,org::eclipse::pde::internal::ui::editor::outline::QuickOutlinePopupDialog,62.0,14,1,595,110.0,0,374.0,35.0,6,2,93.0,67.0,15.5,121.0,105.0,20.1667,-28.0,8.0,-4.66667,92.2857,42.5438,0
pde,org::eclipse::pde::internal::core::search::PluginSearchOperation,30.0,12,1,36,66.0,0,88.0,9.0,17,6,225.0,104.0,13.2353,154.0,37.0,9.05882,71.0,82.0,4.17647,306.0,52.9251,0
pde,org::eclipse::pde::internal::ui::editor::plugin::ExtensionElementBodyTextDetails,56.0,19,4,630,140.0,0,279.0,36.0,4,2,236.0,175.0,59.0,90.0,83.0,22.5,146.0,172.0,36.5,85.0,12.431,0
pde,org::eclipse::pde::internal::ui::editor::ctxhelp::details::CtxHelpAbstractDetails,17.0,8,3,190,50.0,4,78.0,20.0,1,1,0.0,0.0,0.0,0.0,0.0,0.0,0.0,0.0,0.0,33.4286,0.0,0
pde,org::eclipse::pde::internal::ui::editor::context::InputContextManager,68.0,26,1,406,129.0,11,230.0,29.0,13,6,199.0,71.0,15.3077,117.0,71.0,9.0,82.0,48.0,6.30769,227.429,112.184,0
pde,org::eclipse::pde::internal::core::bundle::WorkspaceBundleModel,25.0,13,5,91,41.0,0,96.0,14.0,2,1,0.0,0.0,0.0,0.0,0.0,0.0,0.0,0.0,0.0,258.571,0.0,0
pde,org::eclipse::pde::internal::ui::wizards::feature::CreateFeaturePatchOperation,4.0,11,2,1,16.0,0,19.0,2.0,4,2,15.0,10.0,3.75,8.0,6.0,2.0,7.0,10.0,1.75,133.429,23.8952,0
pde,org::eclipse::pde::internal::ui::launcher::ConfigurationTemplateBlock,24.0,5,2,66,49.0,0,140.0,12.0,16,4,493.0,183.0,30.8125,116.0,69.0,7.25,377.0,183.0,23.5625,156.429,17.9507,1
pde,org::eclipse::pde::ui::templates::AbstractChoiceOption,10.0,4,3,55,22.0,2,36.0,11.0,5,3,49.0,42.0,9.8,32.0,21.0,6.4,17.0,40.0,3.4,137.143,91.9125,0
pde,org::eclipse::pde::internal::ui::wizards::target::BaseTargetDefinitionOperation,8.0,9,1,6,20.0,2,41.0,4.0,5,3,27.0,14.0,5.4,22.0,21.0,4.4,5.0,10.0,1.0,136.286,59.8307,1
pde,org::eclipse::pde::internal::ui::wizards::templates::ControlStack,12.0,6,1,6,23.0,0,43.0,4.0,9,7,41.0,16.0,4.55556,31.0,19.0,3.44444,10.0,10.0,1.11111,335.286,176.348,0
pde,org::eclipse::pde::internal::ui::correction::RemoveImportExportServicesResolution,5.0,3,3,6,9.0,0,16.0,4.0,2,2,3.0,3.0,1.5,4.0,4.0,2.0,-1.0,0.0,-0.5,100.857,66.7143,0
pde,org::eclipse::pde::internal::core::XMLPrintHandler,29.0,19,1,55,84.0,0,149.0,11.0,13,5,157.0,46.0,12.0769,99.0,46.0,7.61538,58.0,25.0,4.46154,195.429,74.919,0
pde,org::eclipse::pde::internal::core::feature::FeaturePlugin,36.0,16,5,105,61.0,0,113.0,15.0,25,7,181.0,41.0,7.24,136.0,23.0,5.44,45.0,18.0,1.8,335.286,142.445,0
pde,org::eclipse::pde::internal::ui::templates::osgi::HelloOSGiTemplate,8.0,3,5,28,14.0,0,30.0,8.0,3,3,16.0,15.0,5.33333,20.0,19.0,6.66667,-4.0,0.0,-1.33333,95.5714,56.7679,0
pde,org::eclipse::pde::internal::core::text::ctxhelp::CtxHelpObject,27.0,17,4,190,42.0,5,82.0,20.0,2,1,7.0,7.0,3.5,0.0,0.0,0.0,7.0,7.0,3.5,33.4286,1.28571,0
pde,org::eclipse::pde::internal::core::product::WindowImages,35.0,5,3,10,38.0,0,91.0,5.0,10,4,153.0,73.0,15.3,87.0,46.0,8.7,66.0,46.0,6.6,188.429,66.817,0
pde,org::eclipse::pde::internal::ui::refactoring::RefactoringInfo,6.0,5,1,36,9.0,2,18.0,9.0,2,1,5.0,5.0,2.5,5.0,5.0,2.5,0.0,0.0,0.0,45.8571,11.7143,0
pde,org::eclipse::pde::internal::ui::wizards::cheatsheet::SimpleCSFileWizardPage,9.0,6,3,21,18.0,0,45.0,7.0,4,2,18.0,15.0,4.5,23.0,19.0,5.75,-5.0,0.0,-1.25,98.0,56.6667,0
pde,org::eclipse::pde::internal::ui::editor::toc::actions::TocAddObjectAction,6.0,6,1,6,10.0,3,26.0,4.0,6,2,184.0,82.0,30.6667,22.0,17.0,3.66667,162.0,82.0,27.0,61.1429,3.62811,0
pde,org::eclipse::pde::internal::ui::launcher::LaunchListener,38.0,9,1,78,60.0,0,138.0,13.0,29,8,645.0,187.0,22.2414,531.0,196.0,18.3103,114.0,43.0,3.93103,299.286,137.167,0
pde,org::eclipse::pde::internal::ui::wizards::NewWizard,7.0,9,1,15,8.0,9,21.0,6.0,13,7,90.0,46.0,6.92308,77.0,31.0,5.92308,13.0,15.0,1.0,335.286,128.394,0
pde,org::eclipse::pde::internal::ui::editor::plugin::PluginUndoManager,60.0,18,2,28,72.0,0,174.0,8.0,15,5,125.0,31.0,8.33333,111.0,63.0,7.4,14.0,17.0,0.933333,227.429,86.8217,0
pde,org::eclipse::pde::internal::ui::editor::LinkSection,41.0,4,3,190,67.0,0,142.0,20.0,6,5,67.0,45.0,11.1667,52.0,38.0,8.66667,15.0,8.0,2.5,227.429,153.461,0
pde,org::eclipse::pde::internal::core::bundle::BundlePluginBase,136.0,48,5,1176,237.0,2,484.0,49.0,55,7,1160.0,135.0,21.0909,770.0,137.0,14.0,390.0,114.0,7.09091,227.429,96.5483,0
pde,org::eclipse::pde::internal::core::text::bundle::PDEManifestElement,70.0,24,2,351,105.0,3,201.0,27.0,22,5,730.0,253.0,33.1818,204.0,111.0,9.27273,526.0,253.0,23.9091,151.0,20.4826,0
pde,org::eclipse::pde::internal::ui::editor::schema::NewElementAction,6.0,6,1,10,16.0,0,25.0,5.0,17,8,97.0,29.0,5.70588,91.0,27.0,5.35294,6.0,6.0,0.352941,335.286,136.047,0
pde,org::eclipse::pde::internal::ui::wizards::imports::PluginImportWizardFirstPage,41.0,9,1,171,104.0,0,281.0,19.0,66,8,1141.0,370.0,17.2879,1098.0,366.0,16.6364,43.0,44.0,0.651515,335.286,108.214,1
pde,org::eclipse::pde::internal::core::text::bundle::BundleTextChangeListener,20.0,27,4,6,39.0,0,60.0,4.0,10,3,126.0,64.0,12.6,111.0,52.0,11.1,15.0,60.0,1.5,150.429,65.0283,0
pde,org::eclipse::pde::internal::core::bundle::BundlePlugin,8.0,9,6,10,20.0,0,27.0,5.0,20,7,102.0,26.0,5.1,71.0,11.0,3.55,31.0,18.0,1.55,227.429,47.8207,0
pde,org::eclipse::pde::internal::ui::editor::plugin::RequiresSection,153.0,48,5,1225,345.0,0,681.0,50.0,61,9,1255.0,253.0,20.5738,846.0,301.0,13.8689,409.0,246.0,6.70492,227.429,126.056,0
pde,org::eclipse::pde::internal::core::site::ExternalSiteModel,4.0,1,5,10,5.0,0,10.0,5.0,5,4,13.0,10.0,2.6,4.0,2.0,0.8,9.0,10.0,1.8,194.571,29.044,0
pde,org::eclipse::pde::internal::core::schema::RepeatableSchemaObject,7.0,5,3,21,13.0,2,25.0,7.0,10,8,56.0,33.0,5.6,42.0,27.0,4.2,14.0,6.0,1.4,335.286,221.936,0
pde,org::eclipse::pde::internal::core::plugin::PluginParent,21.0,5,4,55,45.0,2,65.0,11.0,23,9,189.0,74.0,8.21739,151.0,71.0,6.56522,38.0,18.0,1.65217,335.286,168.672,0
pde,org::eclipse::pde::internal::ui::search::dependencies::DependencyExtentAction,2.0,3,1,1,5.0,0,9.0,2.0,7,4,15.0,5.0,2.14286,18.0,6.0,2.57143,-3.0,0.0,-0.428571,201.286,82.7238,0
pde,org::eclipse::pde::internal::ui::views::dependencies::OpenPluginReferencesAction,2.0,4,1,1,6.0,0,11.0,2.0,2,1,5.0,5.0,2.5,6.0,6.0,3.0,-1.0,0.0,-0.5,72.1429,38.0,0
pde,org::eclipse::pde::internal::core::search::PluginSearchScope,12.0,8,1,10,21.0,1,30.0,5.0,20,6,159.0,56.0,7.95,118.0,44.0,5.9,41.0,52.0,2.05,306.143,70.6496,0
pde,org::eclipse::ui::internal::views::log::TailInputStream,8.0,3,1,6,13.0,0,23.0,4.0,2,1,4.0,4.0,2.0,4.0,4.0,2.0,0.0,0.0,0.0,49.4286,13.0,0
pde,org::eclipse::pde::ui::templates::BlankField,3.0,2,3,3,8.0,0,14.0,3.0,2,2,5.0,5.0,2.5,5.0,5.0,2.5,0.0,0.0,0.0,135.0,100.857,0
pde,org::eclipse::pde::ui::launcher::OSGiSettingsTab,13.0,4,2,55,26.0,1,53.0,11.0,10,4,301.0,140.0,30.1,22.0,16.0,2.2,279.0,140.0,27.9,107.857,8.43901,0
pde,org::eclipse::pde::internal::ui::wizards::cheatsheet::SimpleCSCreationOperation,3.0,10,2,3,23.0,0,34.0,3.0,6,3,27.0,15.0,4.5,29.0,22.0,4.83333,-2.0,3.0,-0.333333,98.8571,50.9947,0
pde,org::eclipse::pde::internal::ui::refactoring::FindReferenceOperation,21.0,7,1,15,44.0,0,76.0,6.0,3,1,55.0,36.0,18.3333,40.0,31.0,13.3333,15.0,27.0,5.0,71.8571,13.4026,0
pde,org::eclipse::pde::internal::core::target::TargetModelFactory,10.0,10,1,45,19.0,0,30.0,10.0,10,3,54.0,15.0,5.4,9.0,4.0,0.9,45.0,15.0,4.5,144.857,9.12963,0
pde,org::eclipse::pde::internal::ui::editor::plugin::JavaAttributeValue,4.0,6,2,6,5.0,0,14.0,4.0,6,4,26.0,17.0,4.33333,23.0,14.0,3.83333,3.0,3.0,0.5,227.429,146.115,0
pde,org::eclipse::pde::internal::ui::tests::macro::EditorCommandTarget,3.0,2,2,3,6.0,0,11.0,3.0,4,3,6.0,3.0,1.5,6.0,3.0,1.5,0.0,0.0,0.0,183.857,116.833,0
pde,org::eclipse::pde::internal::ui::editor::plugin::ManifestEditorMatchingStrategy,17.0,1,1,0,25.0,0,52.0,1.0,16,3,127.0,54.0,7.9375,95.0,65.0,5.9375,32.0,33.0,2.0,177.143,103.288,0
pde,org::eclipse::pde::internal::ui::editor::plugin::rows::BooleanAttributeRow,9.0,4,3,6,11.0,0,18.0,4.0,14,6,109.0,19.0,7.78571,194.0,81.0,13.8571,-85.0,16.0,-6.07143,227.429,27.6356,0
pde,org::eclipse::pde::internal::core::schema::SchemaSimpleType,10.0,9,2,10,17.0,0,32.0,5.0,12,7,75.0,41.0,6.25,55.0,28.0,4.58333,20.0,13.0,1.66667,335.286,79.4971,0
pde,org::eclipse::pde::internal::ui::templates::ide::HelpNewWizard,2.0,2,6,1,5.0,0,7.0,2.0,2,2,2.0,2.0,1.0,2.0,2.0,1.0,0.0,0.0,0.0,95.5714,58.5714,0
pde,org::eclipse::pde::core::plugin::TargetPlatform,23.0,50,1,78,40.0,0,66.0,13.0,13,3,184.0,48.0,14.1538,68.0,16.0,5.23077,116.0,48.0,8.92308,85.2857,13.2958,1
pde,org::eclipse::pde::internal::ui::editor::feature::PluginPortabilitySection,1.0,1,4,0,1.0,0,3.0,1.0,4,3,8.0,4.0,2.0,13.0,7.0,3.25,-5.0,0.0,-1.25,188.429,24.5714,0
pde,org::eclipse::pde::internal::ui::tests::macro::IndexWizard,4.0,3,1,3,9.0,0,15.0,3.0,4,3,7.0,4.0,1.75,9.0,5.0,2.25,-2.0,0.0,-0.5,183.857,135.143,0
pde,org::eclipse::pde::internal::ui::editor::feature::SynchronizeVersionsAction,4.0,5,1,6,19.0,0,29.0,4.0,18,7,122.0,43.0,6.77778,146.0,47.0,8.11111,-24.0,6.0,-1.33333,335.286,105.317,0
pde,org::eclipse::pde::internal::ui::editor::product::ProductLauncherFormPageHelper,8.0,9,1,15,21.0,0,31.0,6.0,2,2,11.0,11.0,5.5,5.0,5.0,2.5,6.0,6.0,3.0,56.1429,22.0,0
pde,org::eclipse::pde::internal::ui::views::dependencies::DependenciesViewPageContentProvider,20.0,9,2,28,33.0,2,78.0,8.0,5,2,73.0,54.0,14.6,52.0,23.0,10.4,21.0,31.0,4.2,108.143,36.6458,0
pde,org::eclipse::pde::internal::core::builders::PluginBaseErrorReporter,44.0,12,4,45,91.0,2,130.0,10.0,6,4,35.0,28.0,5.83333,39.0,33.0,6.5,-4.0,1.0,-0.666667,133.571,85.5837,0
pde,org::eclipse::pde::internal::ui::editor::text::PDESourceInfoProvider,10.0,4,1,6,11.0,0,39.0,4.0,3,3,27.0,22.0,9.0,30.0,17.0,10.0,-3.0,5.0,-1.0,92.2857,56.963,0
pde,org::eclipse::pde::internal::core::schema::ChoiceRestriction,25.0,12,3,45,46.0,0,79.0,10.0,15,7,153.0,94.0,10.2,140.0,86.0,9.33333,13.0,8.0,0.866667,335.286,79.2708,0
pde,org::eclipse::pde::ui::launcher::EquinoxPluginsTab,1.0,1,3,0,2.0,0,3.0,1.0,12,3,384.0,199.0,32.0,368.0,176.0,30.6667,16.0,199.0,1.33333,155.429,4.52827,0
pde,org::eclipse::pde::internal::core::site::Site,56.0,16,3,325,136.0,0,204.0,26.0,19,7,157.0,35.0,8.26316,120.0,47.0,6.31579,37.0,23.0,1.94737,302.571,118.944,1
pde,org::eclipse::pde::internal::ui::wizards::imports::FeatureImportWizardPage,67.0,19,1,276,150.0,0,320.0,24.0,8,3,180.0,119.0,22.5,202.0,109.0,25.25,-22.0,10.0,-2.75,132.429,26.9929,1
pde,org::eclipse::pde::internal::ui::parts::ConditionalListSelectionDialog,5.0,4,1,6,9.0,0,36.0,4.0,4,3,19.0,10.0,4.75,13.0,12.0,3.25,6.0,10.0,1.5,127.286,42.6316,0
pde,org::eclipse::pde::internal::core::util::CoreUtility,42.0,43,1,45,70.0,0,196.0,10.0,25,5,438.0,65.0,17.52,209.0,52.0,8.36,229.0,65.0,9.16,176.714,29.349,1
pde,org::eclipse::pde::internal::ui::wizards::plugin::LibraryPluginFieldData,10.0,4,3,55,11.0,0,30.0,11.0,8,3,51.0,24.0,6.375,11.0,5.0,1.375,40.0,21.0,5.0,182.0,90.619,0
pde,org::eclipse::pde::internal::ui::wizards::feature::AbstractCreateFeatureOperation,23.0,20,1,28,83.0,2,132.0,8.0,6,2,92.0,51.0,15.3333,127.0,68.0,21.1667,-35.0,10.0,-5.83333,133.429,28.9488,0
pde,org::eclipse::pde::internal::ui::commands::CommandTreeContentProvider,23.0,3,1,45,32.0,0,89.0,10.0,3,2,22.0,12.0,7.33333,15.0,15.0,5.0,7.0,10.0,2.33333,104.857,44.1558,0
pde,org::eclipse::pde::internal::ui::editor::text::XMLTagRule,6.0,1,1,1,6.0,0,22.0,2.0,10,6,89.0,77.0,8.9,150.0,59.0,15.0,-61.0,58.0,-6.1,241.0,92.0546,0
pde,org::eclipse::pde::internal::ui::search::dependencies::ShowResultsAction,5.0,3,1,3,16.0,0,41.0,3.0,13,4,87.0,48.0,6.69231,46.0,15.0,3.53846,41.0,42.0,3.15385,201.286,35.179,0
pde,org::eclipse::pde::internal::core::text::cheatsheet::simple::SimpleCSRunObject,9.0,2,6,36,17.0,2,27.0,9.0,2,2,2.0,2.0,1.0,3.0,3.0,1.5,-1.0,0.0,-0.5,52.4286,16.2857,0
pde,org::eclipse::pde::internal::core::util::SAXParserWrapper,5.0,11,1,6,11.0,0,17.0,4.0,2,2,9.0,9.0,4.5,9.0,9.0,4.5,0.0,0.0,0.0,116.143,80.0,0
pde,org::eclipse::pde::internal::ui::preferences::TargetPlatformPreferenceNode,12.0,3,1,66,17.0,2,34.0,12.0,9,5,24.0,9.0,2.66667,26.0,9.0,2.88889,-2.0,4.0,-0.222222,239.0,75.1845,1
pde,org::eclipse::pde::internal::ui::util::StringMatcher,81.0,5,1,36,65.0,0,257.0,9.0,3,2,113.0,112.0,37.6667,104.0,103.0,34.6667,9.0,9.0,3.0,92.2857,57.8622,0
pde,org::eclipse::pde::internal::ui::tests::macro::MacroUtil,168.0,24,1,666,305.0,0,644.0,37.0,5,3,347.0,236.0,69.4,310.0,241.0,62.0,37.0,38.0,7.4,183.857,102.326,0
pde,org::eclipse::pde::internal::core::plugin::WorkspacePluginModel,3.0,11,8,3,7.0,1,11.0,3.0,12,7,43.0,17.0,3.58333,33.0,12.0,2.75,10.0,6.0,0.833333,335.286,133.997,0
pde,org::eclipse::pde::internal::ui::search::ShowDescriptionAction,28.0,18,1,66,65.0,0,153.0,12.0,44,9,544.0,101.0,12.3636,310.0,53.0,7.04545,234.0,95.0,5.31818,305.0,127.624,0
pde,org::eclipse::pde::internal::ui::util::ChoicePropertyDescriptor,3.0,0,1,1,4.0,0,10.0,2.0,8,6,50.0,28.0,6.25,40.0,26.0,5.0,10.0,6.0,1.25,335.286,209.046,0
pde,org::eclipse::pde::ui::templates::BooleanOption,11.0,9,3,15,19.0,0,34.0,6.0,10,6,113.0,42.0,11.3,89.0,42.0,8.9,24.0,42.0,2.4,333.143,84.6068,0
pde,org::eclipse::pde::internal::ui::wizards::feature::NewFeatureProjectWizard,9.0,8,3,21,25.0,0,33.0,7.0,35,6,527.0,283.0,15.0571,570.0,368.0,16.2857,-43.0,246.0,-1.22857,240.714,36.527,0
pde,org::eclipse::pde::internal::core::builders::JarManifestErrorReporter,69.0,7,2,153,119.0,1,245.0,18.0,9,4,130.0,40.0,14.4444,139.0,89.0,15.4444,-9.0,32.0,-1.0,133.571,44.1066,0
pde,org::eclipse::pde::internal::ui::editor::cheatsheet::comp::actions::CompCSRemoveTaskObjectAction,9.0,3,1,10,12.0,0,39.0,5.0,2,2,8.0,8.0,4.0,11.0,11.0,5.5,-3.0,0.0,-1.5,98.0,63.8571,0
pde,org::eclipse::pde::internal::ui::editor::cheatsheet::simple::SimpleCSSourcePage,27.0,16,4,105,52.0,0,103.0,15.0,9,3,163.0,103.0,18.1111,89.0,46.0,9.88889,74.0,85.0,8.22222,64.4286,13.8379,0
pde,org::eclipse::pde::internal::core::builders::UpdateSiteErrorReporter,45.0,9,3,21,82.0,0,124.0,7.0,4,3,18.0,10.0,4.5,15.0,13.0,3.75,3.0,6.0,0.75,133.571,58.9683,0
pde,org::eclipse::pde::internal::core::WorkspaceModelManager,61.0,34,2,210,95.0,2,181.0,21.0,114,9,2068.0,547.0,18.1404,2879.0,709.0,25.2544,-811.0,100.0,-7.11403,335.286,133.395,0
pde,org::eclipse::pde::internal::runtime::registry::ExtensionPointAdapter,3.0,4,3,1,5.0,0,14.0,2.0,3,2,4.0,4.0,1.33333,0.0,0.0,0.0,4.0,4.0,1.33333,381.0,0.571429,0
pde,org::eclipse::pde::internal::ui::wizards::product::BaseManifestOperation,10.0,8,1,10,22.0,2,43.0,5.0,12,3,271.0,106.0,22.5833,81.0,47.0,6.75,190.0,106.0,15.8333,150.571,11.2177,0
pde,org::eclipse::pde::internal::ui::preferences::XMLSyntaxColorTab,4.0,4,2,6,12.0,0,30.0,4.0,12,3,163.0,79.0,13.5833,40.0,13.0,3.33333,123.0,79.0,10.25,149.143,5.0447,0
pde,org::eclipse::pde::internal::ui::editor::schema::ElementSection,158.0,38,5,666,291.0,0,627.0,37.0,66,9,2036.0,286.0,30.8485,1375.0,224.0,20.8333,661.0,129.0,10.0152,335.286,180.901,0
pde,org::eclipse::pde::internal::ui::editor::schema::ElementSectionDragAdapter,24.0,5,1,45,42.0,0,80.0,10.0,10,7,56.0,18.0,5.6,51.0,22.0,5.1,5.0,10.0,0.5,303.571,142.923,0
pde,org::eclipse::pde::ui::launcher::BundlesTab,11.0,4,2,55,26.0,1,49.0,11.0,13,4,35.0,9.0,2.69231,54.0,28.0,4.15385,-19.0,7.0,-1.46154,104.429,46.1959,0
pde,org::eclipse::pde::internal::ui::wizards::product::ProductFromConfigOperation,9.0,12,2,1,32.0,0,50.0,2.0,15,4,101.0,26.0,6.73333,66.0,16.0,4.4,35.0,20.0,2.33333,190.143,68.7341,0
pde,org::eclipse::pde::internal::ui::refactoring::CreateHeaderChangeOperation,21.0,17,1,15,41.0,0,85.0,6.0,5,2,38.0,20.0,7.6,36.0,35.0,7.2,2.0,14.0,0.4,71.8571,22.0226,0
pde,org::eclipse::pde::internal::ui::build::PluginExportJob,2.0,2,2,1,3.0,0,6.0,2.0,9,4,19.0,7.0,2.11111,94.0,71.0,10.4444,-75.0,7.0,-8.33333,170.286,46.1429,0
pde,org::eclipse::pde::internal::ui::editor::schema::SchemaFormOutlinePage,33.0,13,3,45,39.0,0,99.0,10.0,22,8,132.0,35.0,6.0,142.0,49.0,6.45455,-10.0,7.0,-0.454545,335.286,138.313,0
pde,org::eclipse::pde::internal::ui::editor::site::SiteLabelProvider,19.0,10,1,6,28.0,0,52.0,4.0,11,5,48.0,24.0,4.36364,58.0,22.0,5.27273,-10.0,22.0,-0.909091,194.143,102.824,0
pde,org::eclipse::pde::internal::ui::launcher::TracingPropertySource,21.0,9,1,28,54.0,0,92.0,8.0,18,7,449.0,167.0,24.9444,393.0,156.0,21.8333,56.0,15.0,3.11111,335.286,130.322,1
pde,org::eclipse::pde::internal::ui::refactoring::RenamePluginWizardPage,6.0,4,2,10,13.0,0,28.0,5.0,5,2,32.0,20.0,6.4,83.0,74.0,16.6,-51.0,3.0,-10.2,79.8571,33.1875,0
pde,org::eclipse::pde::internal::ui::wizards::WizardNode,9.0,6,1,21,12.0,1,38.0,7.0,13,8,86.0,44.0,6.61538,74.0,43.0,5.69231,12.0,6.0,0.923077,335.286,232.954,0
pde,org::eclipse::pde::internal::ui::wizards::feature::FeatureSpecPage,13.0,4,2,36,27.0,0,69.0,9.0,21,6,267.0,73.0,12.7143,345.0,209.0,16.4286,-78.0,32.0,-3.71429,240.714,56.2836,1
pde,org::eclipse::pde::internal::runtime::registry::ExtensionAdapter,3.0,5,3,1,5.0,0,14.0,2.0,3,2,4.0,4.0,1.33333,0.0,0.0,0.0,4.0,4.0,1.33333,381.0,0.571429,0
pde,org::eclipse::pde::internal::ui::wizards::PDEWizardNewFileCreationPage,6.0,4,1,6,11.0,5,25.0,4.0,3,3,22.0,19.0,7.33333,6.0,5.0,2.0,16.0,18.0,5.33333,83.0,7.77273,0
pde,org::eclipse::pde::ui::templates::TemplateOption,17.0,17,2,55,19.0,5,50.0,11.0,14,6,176.0,72.0,12.5714,127.0,72.0,9.07143,49.0,72.0,3.5,333.143,68.6713,0
pde,org::eclipse::pde::internal::ui::util::LineBreakingReader,18.0,4,1,10,23.0,0,77.0,5.0,2,2,2.0,2.0,1.0,6.0,6.0,3.0,-4.0,0.0,-2.0,111.714,77.5714,1
pde,org::eclipse::pde::internal::ui::util::XMLRootElementMatcher,2.0,2,1,1,9.0,0,27.0,2.0,2,2,10.0,10.0,5.0,16.0,16.0,8.0,-6.0,0.0,-3.0,55.1429,21.0,1
pde,org::eclipse::pde::internal::ui::editor::plugin::DependencyManagementSection,126.0,36,5,780,266.0,0,624.0,40.0,23,4,770.0,219.0,33.4783,348.0,263.0,15.1304,422.0,219.0,18.3478,128.429,66.7935,0
pde,org::eclipse::pde::internal::ui::templates::rcp::ViewRCPTemplate,21.0,13,5,105,80.0,0,126.0,15.0,6,4,37.0,31.0,6.16667,36.0,33.0,6.0,1.0,3.0,0.166667,95.5714,53.0772,0
pde,org::eclipse::pde::internal::core::text::XMLEditingModel,11.0,8,5,45,39.0,4,77.0,10.0,15,4,440.0,111.0,29.3333,86.0,25.0,5.73333,354.0,110.0,23.6,151.143,62.825,0
pde,org::eclipse::pde::internal::core::SearchablePluginsManager,77.0,30,1,231,184.0,0,293.0,22.0,51,8,886.0,239.0,17.3725,677.0,275.0,13.2745,209.0,59.0,4.09804,307.0,160.78,0
pde,org::eclipse::pde::internal::ui::editor::site::ArchiveSection,22.0,12,3,105,72.0,0,179.0,15.0,17,6,476.0,213.0,28.0,466.0,298.0,27.4118,10.0,189.0,0.588235,257.429,51.6633,0
pde,org::eclipse::pde::internal::core::AbstractNLModel,12.0,9,4,15,14.0,4,31.0,6.0,7,4,110.0,56.0,15.7143,6.0,4.0,0.857143,104.0,56.0,14.8571,92.5714,6.81558,0
pde,org::eclipse::pde::internal::ui::editor::feature::IncludedFeaturesSection,73.0,32,5,378,182.0,0,337.0,28.0,42,8,666.0,179.0,15.8571,454.0,123.0,10.8095,212.0,66.0,5.04762,331.714,147.961,0
pde,org::eclipse::pde::internal::ui::refactoring::RenameProjectChange,15.0,2,1,45,27.0,0,52.0,10.0,4,1,21.0,17.0,5.25,26.0,24.0,6.5,-5.0,2.0,-1.25,79.8571,37.9456,0
pde,org::eclipse::pde::internal::ui::editor::text::PDESelectAnnotationRulerAction,17.0,1,1,10,19.0,0,68.0,5.0,4,3,11.0,10.0,2.75,22.0,19.0,5.5,-11.0,0.0,-2.75,130.0,92.974,0
pde,org::eclipse::pde::internal::ui::wizards::imports::FeatureImportWizard,8.0,5,1,15,26.0,0,49.0,6.0,20,8,243.0,86.0,12.15,318.0,112.0,15.9,-75.0,14.0,-3.75,299.429,178.855,0
pde,org::eclipse::pde::internal::ui::templates::ide::UniversalWelcomeTemplate,20.0,13,5,105,52.0,0,91.0,15.0,5,3,33.0,17.0,6.6,31.0,26.0,6.2,2.0,14.0,0.4,95.5714,37.0693,0
pde,org::eclipse::pde::internal::ui::editor::PDEProjectionSourcePage,28.0,17,2,91,54.0,2,107.0,14.0,10,4,327.0,106.0,32.7,53.0,40.0,5.3,274.0,106.0,27.4,122.429,12.1857,1
pde,org::eclipse::pde::internal::core::exports::BuildUtilities,3.0,1,1,0,7.0,0,10.0,1.0,2,2,1.0,1.0,0.5,1.0,1.0,0.5,0.0,0.0,0.0,128.143,92.0,0
pde,org::eclipse::pde::internal::ui::correction::RemoveRequireBundleResolution,5.0,2,3,6,9.0,0,16.0,4.0,5,4,15.0,10.0,3.0,7.0,5.0,1.4,8.0,10.0,1.6,150.429,43.819,0
pde,org::eclipse::pde::internal::ui::commands::TagManager,15.0,4,1,21,29.0,0,50.0,7.0,3,2,32.0,28.0,10.6667,35.0,31.0,11.6667,-3.0,0.0,-1.0,104.857,63.4107,0
pde,org::eclipse::pde::internal::ui::search::dependencies::PackageFinder,64.0,5,1,21,117.0,0,214.0,7.0,3,1,80.0,79.0,26.6667,109.0,108.0,36.3333,-29.0,0.0,-9.66667,83.8571,49.1643,0
pde,org::eclipse::pde::internal::core::schema::SchemaRegistry,27.0,24,1,36,52.0,0,95.0,9.0,43,9,760.0,332.0,17.6744,864.0,385.0,20.093,-104.0,66.0,-2.4186,335.286,91.8015,0
pde,org::eclipse::pde::internal::ui::editor::site::NewArchiveDialog,28.0,6,1,66,48.0,0,114.0,12.0,18,6,223.0,141.0,12.3889,172.0,69.0,9.55556,51.0,72.0,2.83333,287.857,93.8065,0
pde,org::eclipse::pde::internal::core::text::bundle::BundleNameHeader,3.0,4,5,3,5.0,0,9.0,3.0,4,2,67.0,32.0,16.75,4.0,4.0,1.0,63.0,32.0,15.75,151.0,5.34755,0
pde,org::eclipse::pde::internal::ui::wizards::exports::FeatureOptionsTab,14.0,5,3,36,30.0,0,58.0,9.0,10,4,214.0,77.0,21.4,33.0,20.0,3.3,181.0,77.0,18.1,140.0,28.3264,1
pde,org::eclipse::pde::internal::core::exports::SiteBuildOperation,8.0,9,3,3,17.0,0,29.0,3.0,7,3,62.0,34.0,8.85714,16.0,6.0,2.28571,46.0,33.0,6.57143,128.143,110.7,1
pde,org::eclipse::pde::internal::core::converter::PluginConverter,118.0,23,1,465,291.0,0,452.0,31.0,7,3,85.0,41.0,12.1429,68.0,30.0,9.71429,17.0,11.0,2.42857,106.0,30.2353,1
pde,org::eclipse::pde::internal::ui::nls::ExternalizeStringsProcessor,10.0,4,1,45,18.0,0,38.0,10.0,2,2,8.0,8.0,4.0,21.0,21.0,10.5,-13.0,0.0,-6.5,58.0,23.8571,0
pde,org::eclipse::pde::internal::core::text::ctxhelp::CtxHelpContext,17.0,9,5,66,27.0,0,51.0,12.0,1,1,0.0,0.0,0.0,0.0,0.0,0.0,0.0,0.0,0.0,33.4286,0.0,0
pde,org::eclipse::pde::internal::ui::wizards::feature::OpenProjectWizardAction,5.0,4,1,1,13.0,0,21.0,2.0,15,6,48.0,10.0,3.2,38.0,8.0,2.53333,10.0,10.0,0.666667,228.0,79.1696,0
pde,org::eclipse::pde::internal::ui::editor::ctxhelp::CtxHelpContentProvider,7.0,4,2,10,11.0,0,22.0,5.0,1,1,0.0,0.0,0.0,0.0,0.0,0.0,0.0,0.0,0.0,33.4286,0.0,0
pde,org::eclipse::pde::internal::ui::wizards::product::BaseProductCreationOperation,35.0,27,1,36,75.0,2,143.0,9.0,26,5,168.0,29.0,6.46154,120.0,49.0,4.61538,48.0,15.0,1.84615,190.143,66.2338,1
pde,org::eclipse::pde::internal::ui::editor::site::FeaturesPage,5.0,8,2,10,15.0,0,38.0,5.0,17,6,195.0,49.0,11.4706,117.0,31.0,6.88235,78.0,36.0,4.58824,241.714,62.1326,0
pde,org::eclipse::pde::internal::ui::preferences::TargetEnvironmentPreferenceNode,1.0,0,2,1,2.0,0,3.0,2.0,8,3,20.0,10.0,2.5,107.0,93.0,13.375,-87.0,10.0,-10.875,239.0,75.6929,1
pde,org::eclipse::pde::internal::core::feature::FeatureInfo,27.0,6,3,66,39.0,0,73.0,12.0,20,7,110.0,38.0,5.5,100.0,39.0,5.0,10.0,10.0,0.5,335.286,79.8883,0
pde,org::eclipse::pde::internal::ui::wizards::product::ProductDefinitionOperation,96.0,30,2,528,233.0,1,412.0,33.0,39,6,1217.0,223.0,31.2051,657.0,118.0,16.8462,560.0,220.0,14.359,187.857,61.2122,1
pde,org::eclipse::pde::internal::ui::launcher::OSGiValidationOperation,2.0,3,2,1,3.0,0,6.0,2.0,2,1,1.0,1.0,0.5,1.0,1.0,0.5,0.0,0.0,0.0,77.4286,5.85714,0
pde,org::eclipse::pde::internal::core::util::HeaderMap,1.0,4,1,0,2.0,0,3.0,1.0,2,2,4.0,4.0,2.0,4.0,4.0,2.0,0.0,0.0,0.0,72.4286,36.2857,0
pde,org::eclipse::pde::internal::core::text::DocumentXMLNode,2.0,0,1,3,4.0,3,6.0,3.0,2,2,1.0,1.0,0.5,1.0,1.0,0.5,0.0,0.0,0.0,56.4286,20.2857,0
pde,org::eclipse::pde::internal::ui::refactoring::PDERefactoringAction,4.0,9,1,15,14.0,2,21.0,6.0,3,1,22.0,12.0,7.33333,12.0,12.0,4.0,10.0,10.0,3.33333,45.8571,7.75325,0
pde,org::eclipse::ui::internal::views::log::SharedImages,3.0,4,1,3,7.0,0,8.0,3.0,3,1,12.0,9.0,4.0,11.0,10.0,3.66667,1.0,2.0,0.333333,49.4286,10.5,0
pde,org::eclipse::pde::internal::ui::editor::text::XMLDoubleClickStrategy,10.0,2,1,6,14.0,0,50.0,4.0,4,3,6.0,4.0,1.5,9.0,7.0,2.25,-3.0,0.0,-0.75,147.571,83.0476,0
pde,org::eclipse::pde::internal::runtime::PDERuntimePlugin,24.0,15,1,105,43.0,0,77.0,15.0,4,2,5.0,4.0,1.25,1.0,1.0,0.25,4.0,4.0,1.0,381.0,3.25714,0
pde,org::eclipse::pde::internal::core::builders::PDEMarkerFactory,1.0,2,1,1,3.0,0,6.0,2.0,23,4,94.0,24.0,4.08696,51.0,18.0,2.21739,43.0,11.0,1.86957,133.571,32.6565,1
pde,org::eclipse::pde::internal::ui::correction::AddBuildEntryResolution,4.0,3,3,3,8.0,0,15.0,3.0,4,2,11.0,10.0,2.75,5.0,4.0,1.25,6.0,10.0,1.5,130.857,11.9091,0
pde,org::eclipse::pde::internal::ui::editor::toc::details::TocLinkDetails,20.0,9,4,120,47.0,0,96.0,16.0,10,4,455.0,212.0,45.5,89.0,46.0,8.9,366.0,212.0,36.6,61.1429,3.5551,0
pde,org::eclipse::pde::internal::core::plugin::AbstractPluginModelBase,29.0,17,6,325,66.0,2,106.0,26.0,61,9,508.0,54.0,8.32787,506.0,82.0,8.29508,2.0,40.0,0.0327869,335.286,120.229,0
pde,org::eclipse::pde::internal::ui::wizards::imports::PluginImportWizardExpressPage,34.0,18,2,66,86.0,0,188.0,12.0,46,7,428.0,50.0,9.30435,302.0,72.0,6.56522,126.0,41.0,2.73913,275.429,80.5377,0
pde,org::eclipse::pde::internal::ui::editor::build::BuildInputContextManager,4.0,2,2,3,6.0,0,10.0,3.0,8,4,23.0,10.0,2.875,25.0,10.0,3.125,-2.0,4.0,-0.25,227.429,19.646,0
pde,org::eclipse::pde::internal::ui::tests::macro::ViewCommandTarget,3.0,2,2,3,6.0,0,11.0,3.0,5,3,6.0,3.0,1.2,12.0,6.0,2.4,-6.0,0.0,-1.2,183.857,116.833,0
pde,org::eclipse::pde::internal::ui::correction::AbstractManifestMarkerResolution,4.0,1,2,1,4.0,23,9.0,2.0,6,3,20.0,10.0,3.33333,28.0,18.0,4.66667,-8.0,7.0,-1.33333,128.286,28.5714,0
pde,org::eclipse::pde::internal::ui::editor::target::TargetInputContext,11.0,9,3,15,26.0,0,49.0,6.0,4,3,10.0,7.0,2.5,19.0,17.0,4.75,-9.0,1.0,-2.25,144.857,95.1714,0
pde,org::eclipse::pde::internal::ui::nls::ModelChangeTable,10.0,6,1,21,20.0,0,32.0,7.0,10,3,170.0,74.0,17.0,60.0,43.0,6.0,110.0,74.0,11.0,154.857,9.96639,0
pde,org::eclipse::pde::internal::ui::samples::SelectionPage,7.0,7,1,6,22.0,0,53.0,4.0,2,2,32.0,32.0,16.0,32.0,32.0,16.0,0.0,0.0,0.0,151.143,117.0,0
pde,org::eclipse::pde::internal::ui::wizards::extension::NewSchemaFileMainPage,32.0,10,2,36,40.0,0,118.0,9.0,22,8,340.0,93.0,15.4545,171.0,28.0,7.77273,169.0,67.0,7.68182,335.286,182.176,0
pde,org::eclipse::pde::internal::core::util::CheatSheetUtil,11.0,8,1,1,36.0,0,87.0,2.0,4,3,69.0,61.0,17.25,12.0,8.0,3.0,57.0,58.0,14.25,102.0,31.0745,1
pde,org::eclipse::pde::internal::ui::editor::toc::details::TocTopicDetails,23.0,7,4,153,61.0,0,120.0,18.0,9,4,542.0,252.0,60.2222,98.0,51.0,10.8889,444.0,252.0,49.3333,61.1429,3.74275,0
pde,org::eclipse::pde::internal::ui::refactoring::MoveFromChange,6.0,4,1,10,11.0,0,24.0,5.0,8,3,67.0,21.0,8.375,30.0,14.0,3.75,37.0,18.0,4.625,157.286,16.2964,0
pde,org::eclipse::pde::internal::ui::wizards::FeatureSelectionDialog,3.0,4,1,3,12.0,0,16.0,3.0,9,5,23.0,10.0,2.55556,34.0,9.0,3.77778,-11.0,8.0,-1.22222,188.286,104.404,0
pde,org::eclipse::pde::internal::ui::preferences::TargetPlatformPreferencePage,85.0,26,1,561,257.0,0,523.0,34.0,104,10,1965.0,290.0,18.8942,1258.0,164.0,12.0962,707.0,250.0,6.79808,335.286,166.53,1
pde,org::eclipse::pde::internal::ui::refactoring::PDERenameParticipant,23.0,7,1,45,54.0,4,65.0,10.0,12,4,139.0,42.0,11.5833,96.0,49.0,8.0,43.0,32.0,3.58333,158.143,49.7225,0
pde,org::eclipse::pde::internal::core::text::bundle::ExportPackageHeader,8.0,16,6,15,15.0,0,23.0,6.0,13,4,145.0,48.0,11.1538,53.0,30.0,4.07692,92.0,48.0,7.07692,151.143,28.4443,0
pde,org::eclipse::pde::internal::core::ant::ConvertSchemaToHTML,34.0,21,1,28,92.0,0,136.0,8.0,13,5,55.0,33.0,4.23077,99.0,58.0,7.61538,-44.0,1.0,-3.38462,133.571,75.4987,0
pde,org::eclipse::pde::internal::ui::compare::ManifestContentMergeViewerCreator,1.0,1,1,0,2.0,0,3.0,1.0,3,1,11.0,10.0,3.66667,1.0,1.0,0.333333,10.0,10.0,3.33333,144.429,17.3896,0
pde,org::eclipse::pde::internal::ui::launcher::BundleLauncherHelper,38.0,14,1,21,78.0,0,114.0,7.0,7,3,74.0,33.0,10.5714,37.0,20.0,5.28571,37.0,27.0,5.28571,71.5714,39.6236,1
pde,org::eclipse::pde::internal::ui::wizards::templates::TemplateSelectionPage,22.0,12,1,55,60.0,0,111.0,11.0,25,6,264.0,82.0,10.56,259.0,65.0,10.36,5.0,23.0,0.2,335.286,92.7451,0
pde,org::eclipse::pde::internal::ui::wizards::toc::TocOperation,9.0,5,1,10,22.0,0,53.0,5.0,6,3,231.0,99.0,38.5,41.0,27.0,6.83333,190.0,99.0,31.6667,61.1429,3.54174,0
pde,org::eclipse::pde::internal::ui::wizards::imports::PluginImportOperation,239.0,37,2,703,599.0,0,876.0,38.0,133,9,3644.0,368.0,27.3985,3241.0,617.0,24.3684,403.0,148.0,3.03008,335.286,151.622,1
pde,org::eclipse::pde::internal::ui::editor::plugin::rows::ChoiceAttributeRow,21.0,11,2,21,51.0,1,82.0,7.0,17,6,129.0,30.0,7.58824,54.0,28.0,3.17647,75.0,28.0,4.41176,227.429,71.0277,0
pde,org::eclipse::pde::internal::ui::launcher::BaseBlock,26.0,8,1,78,51.0,3,108.0,13.0,17,4,481.0,182.0,28.2941,106.0,64.0,6.23529,375.0,182.0,22.0588,156.429,21.0582,1
pde,org::eclipse::pde::internal::ui::editor::ctxhelp::CtxHelpTreeSection,148.0,28,5,946,292.0,0,599.0,44.0,2,1,5.0,5.0,2.5,7.0,7.0,3.5,-2.0,0.0,-1.0,33.4286,1.14286,0
pde,org::eclipse::pde::internal::ui::editor::cheatsheet::comp::actions::CompCSAbstractAddAction,4.0,5,1,3,5.0,2,15.0,3.0,3,2,17.0,9.0,5.66667,32.0,22.0,10.6667,-15.0,0.0,-5.0,98.0,48.3529,0
pde,org::eclipse::pde::internal::core::builders::PluginErrorReporter,4.0,4,5,3,6.0,0,12.0,3.0,6,4,38.0,30.0,6.33333,80.0,70.0,13.3333,-42.0,0.0,-7.0,335.286,180.481,0
pde,org::eclipse::pde::internal::ui::editor::plugin::DependenciesPage,8.0,10,2,10,35.0,0,61.0,5.0,33,8,325.0,38.0,9.84848,346.0,75.0,10.4848,-21.0,36.0,-0.636364,227.429,80.1776,0
pde,org::eclipse::pde::internal::ui::editor::feature::FeatureOutlinePage,39.0,12,3,55,60.0,0,106.0,11.0,23,7,252.0,100.0,10.9565,248.0,75.0,10.7826,4.0,58.0,0.173913,335.286,131.959,0
pde,org::eclipse::pde::internal::core::product::ConfigurationFileInfo,68.0,7,3,28,91.0,0,193.0,8.0,14,4,266.0,185.0,19.0,95.0,36.0,6.78571,171.0,157.0,12.2143,190.857,136.083,0
pde,org::eclipse::pde::internal::ui::editor::TreeSection,7.0,9,4,21,11.0,7,21.0,7.0,14,6,83.0,17.0,5.92857,44.0,6.0,3.14286,39.0,12.0,2.78571,335.286,190.706,0
pde,org::eclipse::pde::internal::ui::editor::schema::NewAttributeAction,7.0,5,1,10,20.0,0,32.0,5.0,14,9,97.0,41.0,6.92857,95.0,44.0,6.78571,2.0,6.0,0.142857,335.286,217.811,0
pde,org::eclipse::pde::internal::ui::samples::SampleStandbyContent,49.0,8,1,91,75.0,0,195.0,14.0,4,2,49.0,46.0,12.25,57.0,54.0,14.25,-8.0,0.0,-2.0,151.143,113.484,0
pde,org::eclipse::pde::internal::ui::wizards::product::ProductIntroWizardPage,35.0,12,1,105,76.0,0,162.0,15.0,16,3,175.0,49.0,10.9375,161.0,50.0,10.0625,14.0,24.0,0.875,158.286,46.9641,0
pde,org::eclipse::pde::internal::core::target::ArgumentsInfo,22.0,5,3,28,35.0,0,55.0,8.0,4,3,20.0,10.0,5.0,10.0,9.0,2.5,10.0,10.0,2.5,144.286,58.15,0
pde,org::eclipse::pde::internal::ui::editor::contentassist::display::SingleCharReader,7.0,2,1,3,8.0,2,24.0,3.0,3,2,9.0,8.0,3.0,10.0,9.0,3.33333,-1.0,0.0,-0.333333,110.857,68.2857,0
pde,org::eclipse::pde::internal::ui::tests::macro::StructuredSelectionCommand,14.0,3,3,28,23.0,0,43.0,8.0,6,3,46.0,19.0,7.66667,33.0,19.0,5.5,13.0,11.0,2.16667,183.857,70.1087,0
pde,org::eclipse::pde::internal::core::text::bundle::RequiredExecutionEnvironmentHeader,8.0,7,5,28,17.0,0,27.0,8.0,17,4,459.0,117.0,27.0,254.0,97.0,14.9412,205.0,117.0,12.0588,151.143,23.3249,0
pde,org::eclipse::pde::ui::launcher::EquinoxSettingsTab,0.0,0,3,0,0.0,0,0.0,0.0,8,4,8.0,2.0,1.0,209.0,102.0,26.125,-201.0,1.0,-25.125,154.429,82.8214,0
pde,org::eclipse::pde::internal::ui::editor::contentassist::TypePackageCompletionProcessor,41.0,7,1,105,51.0,3,179.0,15.0,15,3,701.0,203.0,46.7333,255.0,126.0,17.0,446.0,203.0,29.7333,114.0,15.2189,1
pde,org::eclipse::pde::internal::ui::editor::actions::SortAction,6.0,8,1,1,9.0,0,48.0,2.0,11,3,88.0,56.0,8.0,52.0,23.0,4.72727,36.0,48.0,3.27273,110.143,17.7208,0
pde,org::eclipse::pde::internal::ui::wizards::cheatsheet::RegisterCSWizardPage,74.0,15,1,820,165.0,2,387.0,41.0,9,2,541.0,418.0,60.1111,301.0,143.0,33.4444,240.0,354.0,26.6667,97.4286,14.2345,0
pde,org::eclipse::ui::internal::views::log::LogSession,9.0,8,3,21,19.0,0,36.0,7.0,6,1,79.0,40.0,13.1667,63.0,32.0,10.5,16.0,26.0,2.66667,49.4286,15.0362,0
pde,org::eclipse::pde::internal::ui::launcher::OSGiFrameworkBlock,12.0,5,1,15,33.0,0,87.0,6.0,10,3,391.0,176.0,39.1,49.0,29.0,4.9,342.0,176.0,34.2,107.0,7.31129,0
pde,org::eclipse::pde::internal::ui::editor::build::AbstractJavaScanner,11.0,3,2,1,16.0,2,29.0,2.0,2,2,0.0,0.0,0.0,0.0,0.0,0.0,0.0,0.0,0.0,150.857,0.0,0
pde,org::eclipse::pde::internal::ui::editor::text::PDETextHover,11.0,5,1,10,14.0,2,44.0,5.0,8,5,90.0,47.0,11.25,55.0,27.0,6.875,35.0,47.0,4.375,106.286,29.1524,0
pde,org::eclipse::pde::internal::core::text::cheatsheet::simple::SimpleCSDocumentFactory,60.0,18,2,378,100.0,0,194.0,28.0,8,2,498.0,358.0,62.25,518.0,358.0,64.75,-20.0,358.0,-2.5,59.2857,2.76822,0
pde,org::eclipse::pde::internal::ui::views::plugins::PluginsContentProvider,33.0,8,2,21,41.0,0,87.0,7.0,7,3,106.0,49.0,15.1429,131.0,84.0,18.7143,-25.0,19.0,-3.57143,108.143,47.5148,0
pde,org::eclipse::pde::internal::ui::nls::ModelChangeElement,22.0,19,1,66,50.0,0,90.0,12.0,17,4,308.0,98.0,18.1176,67.0,22.0,3.94118,241.0,98.0,14.1765,154.857,14.3302,0
pde,org::eclipse::pde::internal::core::product::ProductObject,10.0,13,2,28,18.0,11,30.0,8.0,13,5,106.0,40.0,8.15385,80.0,25.0,6.15385,26.0,39.0,2.0,191.143,22.1887,0
pde,org::eclipse::pde::internal::ui::properties::SelfHostingPropertyPage,22.0,6,1,36,56.0,0,104.0,9.0,20,4,117.0,30.0,5.85,86.0,41.0,4.3,31.0,14.0,1.55,224.286,79.1001,0
pde,org::eclipse::pde::internal::core::text::bundle::BundleVersionHeader,3.0,4,5,3,6.0,0,9.0,3.0,4,2,66.0,32.0,16.5,2.0,2.0,0.5,64.0,32.0,16.0,151.0,3.68831,0
pde,org::eclipse::pde::internal::core::text::ctxhelp::CtxHelpModel,9.0,13,6,15,11.0,0,28.0,6.0,1,1,0.0,0.0,0.0,0.0,0.0,0.0,0.0,0.0,0.0,33.4286,0.0,0
pde,org::eclipse::pde::internal::ui::editor::PDEMultiPageContentOutline,34.0,6,1,190,49.0,0,107.0,20.0,20,6,272.0,75.0,13.6,182.0,70.0,9.1,90.0,43.0,4.5,335.286,130.877,0
pde,org::eclipse::pde::internal::ui::wizards::imports::BinaryProjectFilter,6.0,1,1,0,5.0,0,15.0,1.0,16,7,107.0,36.0,6.6875,137.0,40.0,8.5625,-30.0,31.0,-1.875,328.571,101.621,0
pde,org::eclipse::pde::internal::ui::editor::plugin::OverviewPage,58.0,29,3,190,191.0,0,234.0,20.0,60,8,877.0,130.0,14.6167,790.0,138.0,13.1667,87.0,63.0,1.45,227.429,90.7566,0
pde,org::eclipse::pde::internal::core::util::PDEJavaHelper,76.0,22,1,91,121.0,0,264.0,14.0,6,3,145.0,84.0,24.1667,122.0,90.0,20.3333,23.0,19.0,3.83333,72.7143,32.3054,1
pde,org::eclipse::pde::internal::core::TargetDefinitionManager,26.0,8,1,55,48.0,0,101.0,11.0,5,3,35.0,22.0,7.0,24.0,22.0,4.8,11.0,10.0,2.2,136.286,65.7102,0
pde,org::eclipse::pde::internal::core::util::VMUtil,18.0,10,1,36,31.0,0,59.0,9.0,1,1,0.0,0.0,0.0,0.0,0.0,0.0,0.0,0.0,0.0,9.28571,0.0,0
pde,org::eclipse::pde::internal::ui::search::dependencies::GatherUnusedDependenciesOperation,42.0,19,1,28,91.0,0,146.0,8.0,12,3,177.0,59.0,14.75,159.0,104.0,13.25,18.0,44.0,1.5,135.0,40.6538,0
pde,org::eclipse::pde::internal::core::text::plugin::PluginElementNode,25.0,15,5,91,55.0,0,79.0,14.0,18,5,469.0,168.0,26.0556,101.0,16.0,5.61111,368.0,168.0,20.4444,151.143,19.3119,0
pde,org::eclipse::pde::internal::core::text::cheatsheet::simple::SimpleCSDocumentHandler,17.0,8,3,36,41.0,0,75.0,9.0,9,2,268.0,126.0,29.7778,327.0,126.0,36.3333,-59.0,126.0,-6.55556,59.2857,2.71109,0
pde,org::eclipse::pde::internal::core::LoadTargetOperation,60.0,25,1,120,182.0,0,281.0,16.0,14,4,224.0,109.0,16.0,279.0,114.0,19.9286,-55.0,10.0,-3.92857,132.286,74.2283,1
pde,org::eclipse::pde::internal::ui::editor::PDELauncherFormEditor,21.0,9,3,36,61.0,2,133.0,9.0,2,2,21.0,21.0,10.5,26.0,26.0,13.0,-5.0,0.0,-2.5,56.1429,22.0,1
pde,org::eclipse::pde::internal::core::util::ManifestUtils,20.0,7,1,6,27.0,0,63.0,4.0,10,3,135.0,87.0,13.5,133.0,87.0,13.3,2.0,87.0,0.2,92.7143,11.7185,0
pde,org::eclipse::pde::internal::ui::editor::schema::NewCompositorAction,13.0,7,1,3,25.0,0,58.0,3.0,18,8,156.0,41.0,8.66667,141.0,48.0,7.83333,15.0,18.0,0.833333,335.286,194.463,0
pde,org::eclipse::pde::internal::core::ExecutionEnvironmentAnalyzer,41.0,7,1,28,60.0,0,91.0,8.0,14,4,248.0,110.0,17.7143,150.0,77.0,10.7143,98.0,33.0,7.0,144.286,27.0668,0
pde,org::eclipse::pde::internal::core::text::cheatsheet::simple::SimpleCSConditionalSubItem,9.0,3,6,36,17.0,0,30.0,9.0,9,2,184.0,160.0,20.4444,249.0,160.0,27.6667,-65.0,160.0,-7.22222,59.2857,0.541925,0
pde,org::eclipse::pde::internal::ui::editor::target::TargetProfileWindow,26.0,11,1,55,85.0,0,178.0,11.0,14,3,119.0,41.0,8.5,91.0,55.0,6.5,28.0,15.0,2.0,138.429,43.2557,1
pde,org::eclipse::pde::internal::ui::wizards::templates::PreprocessorParser,67.0,11,1,120,81.0,0,238.0,16.0,13,7,91.0,22.0,7.0,72.0,21.0,5.53846,19.0,12.0,1.46154,335.286,138.545,0
pde,org::eclipse::pde::internal::core::PluginPathFinder,47.0,17,1,36,112.0,0,195.0,9.0,37,9,415.0,64.0,11.2162,206.0,52.0,5.56757,209.0,47.0,5.64865,300.0,159.309,1
pde,org::eclipse::pde::internal::ui::views::dependencies::CalleesListContentProvider,18.0,4,4,6,33.0,0,52.0,4.0,6,2,65.0,22.0,10.8333,57.0,29.0,9.5,8.0,16.0,1.33333,108.143,43.8527,0
pde,org::eclipse::pde::ui::launcher::EclipseLaunchShortcut,52.0,23,2,78,97.0,0,164.0,13.0,19,4,209.0,43.0,11.0,130.0,51.0,6.84211,79.0,40.0,4.15789,104.429,37.4655,1
pde,org::eclipse::pde::internal::core::ExternalModelManager,14.0,10,2,10,31.0,0,53.0,5.0,68,8,1072.0,168.0,15.7647,1514.0,501.0,22.2647,-442.0,100.0,-6.5,335.286,95.6461,1
pde,org::eclipse::pde::internal::ui::editor::target::ContentSection,118.0,43,5,528,276.0,0,520.0,33.0,29,6,501.0,133.0,17.2759,386.0,178.0,13.3103,115.0,26.0,3.96552,144.0,58.3305,0
pde,org::eclipse::pde::internal::ui::search::BaseSearchAction,2.0,0,1,3,6.0,2,7.0,3.0,6,4,17.0,10.0,2.83333,7.0,3.0,1.16667,10.0,10.0,1.66667,201.286,45.0252,0
pde,org::eclipse::pde::internal::core::text::plugin::PluginLibraryNode,42.0,8,4,136,81.0,0,124.0,17.0,6,3,491.0,225.0,81.8333,36.0,27.0,6.0,455.0,225.0,75.8333,151.143,9.49287,0
pde,org::eclipse::pde::internal::core::schema::SchemaInclude,15.0,11,3,28,26.0,0,55.0,8.0,18,7,150.0,49.0,8.33333,92.0,54.0,5.11111,58.0,42.0,3.22222,295.0,74.8924,0
pde,org::eclipse::pde::internal::core::schema::SchemaElementHandler,15.0,4,2,21,20.0,0,49.0,7.0,4,3,29.0,18.0,7.25,35.0,19.0,8.75,-6.0,0.0,-1.5,111.0,48.1281,0
pde,org::eclipse::pde::internal::ui::editor::contentassist::XMLInsertionComputer,82.0,22,1,105,124.0,0,290.0,15.0,13,3,274.0,153.0,21.0769,168.0,109.0,12.9231,106.0,125.0,8.15385,112.0,31.1548,0
pde,org::eclipse::pde::internal::core::variables::TargetOSArchVariableResolver,1.0,1,1,0,2.0,0,3.0,1.0,2,2,1.0,1.0,0.5,2.0,2.0,1.0,-1.0,0.0,-0.5,69.0,32.8571,0
pde,org::eclipse::pde::internal::ui::editor::GenericSourcePage,6.0,1,2,15,6.0,0,18.0,6.0,9,6,49.0,14.0,5.44444,30.0,9.0,3.33333,19.0,10.0,2.11111,227.429,88.0379,0
pde,org::eclipse::pde::internal::ui::editor::FormOutlinePage,43.0,19,2,153,63.0,11,141.0,18.0,28,7,422.0,116.0,15.0714,289.0,96.0,10.3214,133.0,33.0,4.75,335.286,167.299,0
pde,org::eclipse::pde::internal::core::exports::PluginExportOperation,10.0,7,3,6,16.0,0,29.0,4.0,3,2,45.0,38.0,15.0,15.0,14.0,5.0,30.0,37.0,10.0,128.143,64.1333,0
pde,org::eclipse::pde::internal::ui::editor::PDEDropAdapter,26.0,5,1,36,30.0,0,114.0,9.0,2,2,24.0,24.0,12.0,25.0,25.0,12.5,-1.0,0.0,-0.5,55.1429,21.0,0
pde,org::eclipse::pde::internal::ui::commands::CommandView,7.0,1,1,21,14.0,0,23.0,7.0,6,2,17.0,9.0,2.83333,17.0,9.0,2.83333,0.0,1.0,0.0,104.857,40.4622,0
pde,org::eclipse::pde::internal::core::text::ctxhelp::CtxHelpDocumentHandler,3.0,2,3,3,6.0,0,10.0,3.0,1,1,0.0,0.0,0.0,0.0,0.0,0.0,0.0,0.0,0.0,33.4286,0.0,0
pde,org::eclipse::pde::internal::ui::editor::text::BasePDEScanner,15.0,10,1,36,31.0,5,51.0,9.0,5,2,212.0,76.0,42.4,40.0,31.0,8.0,172.0,76.0,34.4,148.429,16.8288,0
pde,org::eclipse::pde::internal::runtime::spy::SpyIDEUtil,7.0,4,1,3,18.0,0,38.0,3.0,7,1,43.0,11.0,6.14286,20.0,12.0,2.85714,23.0,11.0,3.28571,52.4286,18.3954,0
pde,org::eclipse::pde::internal::core::cheatsheet::comp::CompCS,24.0,10,4,120,42.0,0,93.0,16.0,5,3,27.0,17.0,5.4,24.0,22.0,4.8,3.0,8.0,0.6,102.0,44.6085,0
pde,org::eclipse::pde::internal::ui::editor::plugin::JarSelectionValidator,12.0,3,1,6,12.0,1,38.0,4.0,9,5,71.0,49.0,7.88889,71.0,60.0,7.88889,0.0,10.0,0.0,227.429,145.65,0
pde,org::eclipse::pde::internal::runtime::registry::ParentAdapter,3.0,2,2,3,4.0,6,8.0,3.0,3,2,4.0,4.0,1.33333,0.0,0.0,0.0,4.0,4.0,1.33333,381.0,0.571429,0
pde,org::eclipse::pde::internal::ui::parts::FormEntry,54.0,68,1,153,61.0,1,196.0,18.0,33,7,377.0,136.0,11.4242,256.0,76.0,7.75758,121.0,60.0,3.66667,227.429,96.3914,0
pde,org::eclipse::pde::internal::core::schema::SchemaDescriptor,12.0,7,1,15,13.0,0,33.0,6.0,6,4,26.0,10.0,4.33333,13.0,5.0,2.16667,13.0,10.0,2.16667,197.429,51.2363,0
pde,org::eclipse::pde::internal::ui::wizards::exports::AntGeneratingExportWizard,32.0,15,2,28,78.0,2,112.0,8.0,7,4,287.0,100.0,41.0,24.0,15.0,3.42857,263.0,100.0,37.5714,140.0,35.4629,1
pde,org::eclipse::pde::internal::core::feature::FeatureInstallHandler,11.0,4,3,28,22.0,0,41.0,8.0,14,6,96.0,33.0,6.85714,114.0,46.0,8.14286,-18.0,10.0,-1.28571,335.286,79.6012,0
pde,org::eclipse::pde::internal::core::text::NodeDocumentHandler,19.0,8,2,21,41.0,3,81.0,7.0,7,2,162.0,139.0,23.1429,163.0,139.0,23.2857,-1.0,139.0,-0.142857,58.4286,1.7866,0
pde,org::eclipse::ui::internal::views::log::LogView,235.0,36,1,3003,461.0,0,1326.0,78.0,33,2,1008.0,227.0,30.5455,487.0,150.0,14.7576,521.0,189.0,15.7879,49.4286,12.8822,1
pde,org::eclipse::pde::internal::ui::editor::SystemFileMarkerAnnotationModel,4.0,2,1,10,5.0,0,10.0,5.0,9,6,30.0,10.0,3.33333,181.0,156.0,20.1111,-151.0,0.0,-16.7778,305.143,91.2428,0
pde,org::eclipse::pde::internal::core::text::DocumentNodeFactory,5.0,9,1,10,15.0,3,29.0,5.0,7,2,93.0,78.0,13.2857,98.0,78.0,14.0,-5.0,78.0,-0.714286,58.4286,1.41321,0
pde,org::eclipse::pde::internal::ui::editor::plugin::PackageSelectionDialog,2.0,2,1,1,5.0,0,12.0,2.0,22,5,71.0,15.0,3.22727,144.0,45.0,6.54545,-73.0,10.0,-3.31818,227.429,72.1871,0
pde,org::eclipse::pde::internal::ui::editor::cheatsheet::comp::actions::CompCSAddTaskAction,5.0,5,2,1,10.0,0,20.0,2.0,3,2,11.0,8.0,3.66667,12.0,11.0,4.0,-1.0,2.0,-0.333333,98.0,55.8701,0
pde,org::eclipse::pde::internal::ui::editor::feature::DataPortabilitySection,54.0,11,3,231,107.0,1,277.0,22.0,8,5,83.0,44.0,10.375,125.0,74.0,15.625,-42.0,5.0,-5.25,188.429,97.2702,0
pde,org::eclipse::pde::internal::core::site::SiteFeature,60.0,16,5,276,116.0,0,191.0,24.0,17,7,290.0,162.0,17.0588,128.0,36.0,7.52941,162.0,126.0,9.52941,302.571,61.6778,0
pde,org::eclipse::pde::internal::ui::editor::target::EnvironmentSection,30.0,15,3,78,84.0,0,233.0,13.0,12,5,197.0,60.0,16.4167,132.0,73.0,11.0,65.0,51.0,5.41667,144.286,71.876,1
pde,org::eclipse::pde::internal::ui::views::dependencies::DependenciesViewComparator,9.0,4,1,6,12.0,0,23.0,4.0,3,1,12.0,9.0,4.0,14.0,11.0,4.66667,-2.0,0.0,-0.666667,74.0,30.0714,0
pde,org::eclipse::pde::internal::ui::wizards::feature::BasePluginListPage,5.0,4,1,6,15.0,1,18.0,4.0,7,5,16.0,5.0,2.28571,20.0,5.0,2.85714,-4.0,0.0,-0.571429,226.571,93.5,0
pde,org::eclipse::pde::internal::ui::editor::site::SiteInputContextManager,4.0,2,2,3,6.0,0,10.0,3.0,7,4,21.0,10.0,3.0,23.0,16.0,3.28571,-2.0,10.0,-0.285714,227.429,26.0408,0
pde,org::eclipse::pde::internal::ui::editor::build::BuildSourcePage,19.0,18,4,45,31.0,0,54.0,10.0,24,8,247.0,59.0,10.2917,119.0,28.0,4.95833,128.0,46.0,5.33333,335.286,172.444,1
pde,org::eclipse::pde::internal::core::plugin::AttributeChangedEvent,2.0,2,2,1,2.0,0,7.0,2.0,14,7,37.0,8.0,2.64286,35.0,7.0,2.5,2.0,4.0,0.142857,335.286,125.417,0
pde,org::eclipse::pde::internal::ui::util::PixelConverter,5.0,1,1,10,11.0,0,18.0,5.0,9,6,27.0,8.0,3.0,27.0,8.0,3.0,0.0,4.0,0.0,335.286,145.683,0
pde,org::eclipse::pde::ui::launcher::PDESourcePathProvider,15.0,4,1,10,36.0,0,57.0,5.0,6,2,94.0,73.0,15.6667,94.0,67.0,15.6667,0.0,6.0,0.0,104.429,10.4073,0
pde,org::eclipse::pde::internal::ui::editor::cheatsheet::comp::details::CompCSIntroductionTextListener,16.0,7,1,45,26.0,0,67.0,10.0,5,2,68.0,35.0,13.6,33.0,22.0,6.6,35.0,33.0,7.0,98.0,36.8887,0
pde,org::eclipse::pde::internal::ui::templates::Activator,5.0,1,1,10,11.0,0,17.0,5.0,2,2,4.0,4.0,2.0,4.0,4.0,2.0,0.0,0.0,0.0,95.5714,58.5714,0
pde,org::eclipse::pde::internal::ui::editor::feature::InfoFormPage,5.0,6,2,10,17.0,0,27.0,5.0,19,8,121.0,54.0,6.36842,72.0,19.0,3.78947,49.0,42.0,2.57895,335.286,155.978,0
pde,org::eclipse::pde::internal::ui::editor::plugin::CreateManifestOperation,18.0,5,1,15,43.0,0,73.0,6.0,15,4,267.0,111.0,17.8,48.0,32.0,3.2,219.0,111.0,14.6,181.429,17.7892,0
pde,org::eclipse::pde::internal::ui::elements::DefaultContentProvider,3.0,0,1,3,3.0,46,7.0,3.0,6,5,27.0,11.0,4.5,16.0,6.0,2.66667,11.0,6.0,1.83333,335.286,131.069,0
pde,org::eclipse::pde::internal::ui::util::FileExtensionsFilter,13.0,4,1,10,17.0,0,52.0,5.0,2,2,9.0,9.0,4.5,14.0,14.0,7.0,-5.0,0.0,-2.5,52.0,17.8571,0
pde,org::eclipse::pde::internal::ui::wizards::product::SynchronizationOperation,9.0,7,3,10,24.0,0,32.0,5.0,15,6,91.0,29.0,6.06667,42.0,15.0,2.8,49.0,29.0,3.26667,187.429,34.697,1
pde,org::eclipse::pde::internal::ui::editor::validation::ControlValidationUtility,22.0,9,1,15,32.0,0,106.0,6.0,3,3,44.0,42.0,14.6667,83.0,75.0,27.6667,-39.0,0.0,-13.0,83.8571,47.961,0
pde,org::eclipse::pde::internal::ui::util::PDEJavaHelperUI,30.0,18,1,21,77.0,0,169.0,7.0,6,3,83.0,43.0,13.8333,102.0,86.0,17.0,-19.0,12.0,-3.16667,72.7143,39.4028,0
pde,org::eclipse::pde::internal::ui::editor::build::BuildInputContext,20.0,14,2,45,59.0,0,86.0,10.0,19,6,115.0,23.0,6.05263,96.0,34.0,5.05263,19.0,11.0,1.0,227.429,81.3491,1
pde,org::eclipse::pde::internal::core::feature::FeatureData,33.0,10,4,231,80.0,1,131.0,22.0,16,8,123.0,23.0,7.6875,103.0,28.0,6.4375,20.0,22.0,1.25,335.286,134.844,0
pde,org::eclipse::pde::internal::ui::tests::macro::CheckCommand,12.0,3,4,15,16.0,0,31.0,6.0,5,3,28.0,12.0,5.6,21.0,11.0,4.2,7.0,6.0,1.4,183.857,90.898,0
pde,org::eclipse::pde::internal::ui::editor::toc::HelpEditorUtil,17.0,10,1,15,30.0,0,61.0,6.0,1,1,0.0,0.0,0.0,0.0,0.0,0.0,0.0,0.0,0.0,33.4286,0.0,0
pde,org::eclipse::pde::internal::core::plugin::Extensions,14.0,5,4,15,19.0,0,44.0,6.0,23,7,117.0,12.0,5.08696,129.0,34.0,5.6087,-12.0,10.0,-0.521739,258.857,120.578,0
pde,org::eclipse::pde::internal::ui::tests::macro::ChoiceSelectionCommand,24.0,8,2,45,43.0,0,88.0,10.0,7,3,26.0,14.0,3.71429,28.0,7.0,4.0,-2.0,9.0,-0.285714,183.857,61.1978,0
pde,org::eclipse::pde::internal::ui::templates::osgi::HelloOSGiServiceTemplate,8.0,3,5,28,14.0,0,29.0,8.0,2,2,13.0,13.0,6.5,17.0,17.0,8.5,-4.0,0.0,-2.0,95.5714,58.5714,0
pde,org::eclipse::pde::internal::ui::util::ImageOverlayIcon,2.0,0,2,1,3.0,0,7.0,2.0,7,6,20.0,10.0,2.85714,17.0,5.0,2.42857,3.0,6.0,0.428571,335.286,129.364,0
pde,org::eclipse::pde::internal::ui::editor::OrientableBlock,2.0,0,2,1,4.0,0,30.0,2.0,2,2,3.0,3.0,1.5,3.0,3.0,1.5,0.0,0.0,0.0,110.0,75.8571,0
pde,org::eclipse::pde::internal::core::plugin::PluginHandler,30.0,14,1,78,53.0,1,89.0,13.0,14,5,81.0,28.0,5.78571,53.0,30.0,3.78571,28.0,12.0,2.0,177.571,81.8254,0
pde,org::eclipse::pde::internal::ui::refactoring::MovedTextFileChange,4.0,1,1,1,6.0,0,22.0,2.0,4,2,24.0,10.0,6.0,20.0,17.0,5.0,4.0,10.0,1.0,80.2857,29.5714,0
pde,org::eclipse::pde::internal::ui::tests::macro::MacroIndex,2.0,2,2,1,5.0,0,9.0,2.0,3,2,11.0,7.0,3.66667,29.0,25.0,9.66667,-18.0,0.0,-6.0,183.857,56.9091,0
pde,org::eclipse::pde::internal::ui::wizards::exports::CrossPlatformExportPage,28.0,15,2,36,78.0,0,116.0,9.0,13,5,88.0,33.0,6.76923,81.0,46.0,6.23077,7.0,24.0,0.538462,174.429,100.872,0
pde,org::eclipse::pde::internal::runtime::registry::RegistryBrowser,70.0,17,1,325,142.0,0,478.0,26.0,3,2,4.0,4.0,1.33333,0.0,0.0,0.0,4.0,4.0,1.33333,381.0,0.571429,0
pde,org::eclipse::pde::internal::ui::editor::plugin::ExtensionHyperLink,2.0,2,2,1,4.0,0,6.0,2.0,4,3,7.0,4.0,1.75,11.0,5.0,2.75,-4.0,0.0,-1.0,118.0,12.3061,0
pde,org::eclipse::pde::internal::core::schema::BaseSchemaHandler,7.0,6,1,15,15.0,3,29.0,6.0,3,3,9.0,9.0,3.0,16.0,9.0,5.33333,-7.0,0.0,-2.33333,111.0,74.8571,0
pde,org::eclipse::pde::internal::ui::preferences::TargetSourceTab,25.0,14,1,78,82.0,0,198.0,13.0,20,5,793.0,295.0,39.65,116.0,70.0,5.8,677.0,295.0,33.85,149.143,24.6835,1
pde,org::eclipse::pde::internal::core::site::VersionableObject,7.0,5,4,10,14.0,1,23.0,5.0,12,7,38.0,11.0,3.16667,34.0,8.0,2.83333,4.0,6.0,0.333333,302.571,92.1428,0
pde,org::eclipse::pde::internal::ui::editor::cheatsheet::CSAbstractSubDetails,2.0,0,4,1,2.0,3,10.0,2.0,2,2,1.0,1.0,0.5,1.0,1.0,0.5,0.0,0.0,0.0,92.0,57.8571,0
pde,org::eclipse::pde::internal::ui::editor::cheatsheet::simple::actions::SimpleCSAddSubStepAction,14.0,6,1,10,29.0,0,70.0,5.0,8,2,142.0,59.0,17.75,93.0,28.0,11.625,49.0,39.0,6.125,105.0,27.1429,0
pde,org::eclipse::pde::internal::ui::launcher::LaunchPluginValidator,74.0,26,1,28,142.0,0,241.0,8.0,36,5,973.0,262.0,27.0278,417.0,105.0,11.5833,556.0,262.0,15.4444,155.714,23.8523,1
pde,org::eclipse::pde::internal::ui::build::BaseBuildAction,26.0,6,1,36,53.0,2,149.0,9.0,35,7,421.0,77.0,12.0286,390.0,87.0,11.1429,31.0,74.0,0.885714,240.714,57.5979,1
pde,org::eclipse::pde::internal::ui::tests::macro::MacroCommandShell,122.0,25,2,406,177.0,0,390.0,29.0,10,3,145.0,44.0,14.5,149.0,68.0,14.9,-4.0,19.0,-0.4,183.857,45.6493,0
pde,org::eclipse::pde::internal::ui::SWTFactory,25.0,6,1,136,59.0,0,165.0,17.0,2,1,8.0,8.0,4.0,0.0,0.0,0.0,8.0,8.0,4.0,21.0,1.28571,1
pde,org::eclipse::pde::internal::ui::editor::schema::SchemaAttributeDetails,19.0,12,4,36,55.0,4,199.0,9.0,43,4,1500.0,431.0,34.8837,800.0,391.0,18.6047,700.0,431.0,16.2791,147.0,16.389,1
pde,org::eclipse::pde::internal::ui::launcher::LauncherUtils,79.0,24,1,190,171.0,0,338.0,20.0,123,7,2765.0,484.0,22.4797,2482.0,641.0,20.1789,283.0,484.0,2.30081,266.714,55.6424,1
pde,org::eclipse::pde::internal::ui::correction::CreateClassXMLResolution,11.0,15,3,6,31.0,0,40.0,4.0,13,4,48.0,11.0,3.69231,121.0,93.0,9.30769,-73.0,10.0,-5.61538,128.286,23.6786,0
pde,org::eclipse::pde::internal::ui::util::FileNameFilter,8.0,3,1,1,7.0,0,23.0,2.0,4,3,27.0,10.0,6.75,15.0,10.0,3.75,12.0,10.0,3.0,188.571,51.7831,0
pde,org::eclipse::pde::internal::ui::wizards::cheatsheet::RegisterCSOperation,66.0,29,1,210,161.0,0,407.0,21.0,7,3,148.0,110.0,21.1429,191.0,173.0,27.2857,-43.0,20.0,-6.14286,96.0,55.0956,0
pde,org::eclipse::pde::internal::ui::editor::cheatsheet::simple::SimpleCSEditor,24.0,11,4,171,47.0,0,90.0,19.0,11,3,106.0,29.0,9.63636,47.0,29.0,4.27273,59.0,24.0,5.36364,105.857,35.3693,0
pde,org::eclipse::pde::internal::ui::editor::ctxhelp::CtxHelpBlock,16.0,7,2,28,21.0,0,52.0,8.0,2,1,2.0,2.0,1.0,3.0,3.0,1.5,-1.0,0.0,-0.5,33.4286,18.2857,0
pde,org::eclipse::pde::internal::ui::views::dependencies::DependenciesViewPage,79.0,13,1,300,133.0,2,313.0,25.0,10,2,375.0,117.0,37.5,208.0,106.0,20.8,167.0,116.0,16.7,108.143,41.0549,0
pde,org::eclipse::pde::internal::ui::editor::plugin::LibraryVisibilitySection,40.0,18,5,120,100.0,0,202.0,16.0,20,5,767.0,280.0,38.35,180.0,114.0,9.0,587.0,280.0,29.35,180.714,25.8774,0
pde,org::eclipse::pde::internal::ui::editor::site::SiteSourcePage,8.0,3,4,28,10.0,0,26.0,8.0,18,8,101.0,24.0,5.61111,58.0,14.0,3.22222,43.0,20.0,2.38889,302.571,130.274,0
pde,org::eclipse::pde::ui::launcher::PluginJUnitMainTab,3.0,5,3,6,8.0,0,11.0,4.0,10,4,94.0,31.0,9.4,22.0,18.0,2.2,72.0,31.0,7.2,155.857,17.4802,0
pde,org::eclipse::pde::internal::ui::launcher::PluginStatusDialog,13.0,4,1,55,35.0,0,63.0,11.0,17,5,168.0,69.0,9.88235,83.0,26.0,4.88235,85.0,62.0,5.0,207.286,124.771,0
pde,org::eclipse::pde::internal::ui::editor::plugin::ExtensionsPage,12.0,10,2,6,22.0,0,41.0,4.0,24,7,199.0,36.0,8.29167,143.0,49.0,5.95833,56.0,29.0,2.33333,227.429,121.825,0
pde,org::eclipse::pde::internal::core::text::plugin::PluginParentNode,7.0,3,4,15,23.0,2,28.0,6.0,7,4,180.0,79.0,25.7143,17.0,9.0,2.42857,163.0,79.0,23.2857,151.143,12.6397,0
pde,org::eclipse::pde::internal::ui::editor::schema::SchemaRearranger,52.0,13,1,91,108.0,0,169.0,14.0,7,3,173.0,109.0,24.7143,76.0,69.0,10.8571,97.0,103.0,13.8571,145.857,33.1808,0
pde,org::eclipse::pde::internal::ui::launcher::LaunchValidationOperation,26.0,10,1,45,54.0,2,113.0,10.0,5,2,26.0,16.0,5.2,31.0,26.0,6.2,-5.0,5.0,-1.0,77.4286,26.9945,0
pde,org::eclipse::pde::internal::core::text::bundle::PackageFriend,6.0,8,2,15,8.0,0,19.0,6.0,8,4,136.0,40.0,17.0,40.0,35.0,5.0,96.0,40.0,12.0,151.143,42.0,0
pde,org::eclipse::pde::internal::ui::editor::plugin::DependencyPropertiesDialog,11.0,6,1,21,26.0,0,82.0,7.0,19,5,742.0,209.0,39.0526,424.0,180.0,22.3158,318.0,175.0,16.7368,180.857,31.8883,0
pde,org::eclipse::pde::internal::core::feature::FeatureFactory,9.0,9,1,36,24.0,0,51.0,9.0,7,6,91.0,59.0,13.0,68.0,58.0,9.71429,23.0,9.0,3.28571,335.286,230.173,0
pde,org::eclipse::pde::internal::core::MinimalState,66.0,24,1,190,96.0,1,185.0,20.0,54,5,1305.0,476.0,24.1667,493.0,145.0,9.12963,812.0,476.0,15.037,175.714,14.3502,1
pde,org::eclipse::pde::internal::core::cheatsheet::comp::CompCSTask,21.0,10,5,78,45.0,0,77.0,13.0,3,2,39.0,28.0,13.0,12.0,12.0,4.0,27.0,28.0,9.0,102.0,21.4469,0
pde,org::eclipse::pde::internal::core::product::WorkspaceProductModel,17.0,9,5,66,41.0,0,83.0,12.0,14,5,90.0,22.0,6.42857,48.0,18.0,3.42857,42.0,20.0,3.0,191.143,86.5159,1
pde,org::eclipse::pde::internal::ui::editor::cheatsheet::comp::CompCSInputContextManager,3.0,2,2,1,4.0,0,10.0,2.0,1,1,0.0,0.0,0.0,0.0,0.0,0.0,0.0,0.0,0.0,99.2857,0.0,0
pde,org::eclipse::pde::internal::ui::templates::ide::BuilderNewWizard,3.0,2,6,3,6.0,0,10.0,3.0,2,2,1.0,1.0,0.5,1.0,1.0,0.5,0.0,0.0,0.0,95.5714,58.5714,0
pde,org::eclipse::pde::internal::core::plugin::AbstractExtensions,44.0,18,3,190,121.0,2,173.0,20.0,27,7,399.0,101.0,14.7778,291.0,45.0,10.7778,108.0,56.0,4.0,258.857,179.22,0
pde,org::eclipse::pde::internal::ui::editor::schema::SchemaFormPage,24.0,13,2,78,55.0,0,113.0,13.0,29,9,538.0,108.0,18.5517,314.0,61.0,10.8276,224.0,106.0,7.72414,335.286,204.206,1
pde,org::eclipse::pde::internal::ui::wizards::provisioner::update::UpdateSiteProvisionerDialog,18.0,7,1,45,40.0,0,108.0,10.0,4,3,18.0,14.0,4.5,31.0,27.0,7.75,-13.0,0.0,-3.25,83.1429,41.8968,0
pde,org::eclipse::pde::internal::ui::editor::toc::details::TocDetails,27.0,8,4,210,76.0,0,147.0,21.0,8,4,624.0,292.0,78.0,99.0,58.0,12.375,525.0,292.0,65.625,61.1429,3.58608,0
pde,org::eclipse::pde::internal::ui::tests::macro::Macro,47.0,7,1,253,102.0,0,176.0,23.0,7,2,93.0,60.0,13.2857,70.0,56.0,10.0,23.0,19.0,3.28571,183.857,98.1044,0
pde,org::eclipse::pde::internal::core::text::AbstractTextChangeListener,1.0,0,2,0,2.0,2,4.0,1.0,3,3,5.0,3.0,1.66667,44.0,41.0,14.6667,-39.0,0.0,-13.0,135.571,62.1143,0
pde,org::eclipse::pde::internal::ui::parts::CheckboxTablePart,6.0,13,4,15,10.0,1,32.0,6.0,11,6,53.0,12.0,4.81818,46.0,21.0,4.18182,7.0,7.0,0.636364,335.286,140.989,0
pde,org::eclipse::pde::internal::core::text::bundle::CompositeManifestHeader,63.0,18,4,120,78.0,4,210.0,16.0,22,5,682.0,191.0,31.0,134.0,94.0,6.09091,548.0,191.0,24.9091,151.0,38.9948,0
pde,org::eclipse::pde::internal::ui::editor::feature::RequiresSection,76.0,31,5,351,187.0,0,365.0,27.0,51,9,1064.0,200.0,20.8627,724.0,182.0,14.1961,340.0,119.0,6.66667,335.286,121.519,0
pde,org::eclipse::pde::internal::ui::editor::plugin::ManifestEditor,150.0,58,4,780,328.0,0,548.0,40.0,87,8,1353.0,182.0,15.5517,955.0,238.0,10.977,398.0,91.0,4.57471,227.429,85.472,0
pde,org::eclipse::pde::internal::ui::preferences::TabFolderLayout,8.0,1,1,3,9.0,0,30.0,3.0,4,2,127.0,54.0,31.75,21.0,21.0,5.25,106.0,54.0,26.5,149.286,17.5906,0
pde,org::eclipse::pde::internal::ui::editor::cheatsheet::simple::SimpleCSContentProvider,9.0,4,2,10,12.0,0,27.0,5.0,3,2,7.0,4.0,2.33333,7.0,6.0,2.33333,0.0,2.0,0.0,105.857,41.3469,0
pde,org::eclipse::pde::internal::ui::editor::cheatsheet::comp::details::CompCSTaskDetails,59.0,24,4,351,176.0,0,387.0,27.0,18,2,638.0,397.0,35.4444,210.0,136.0,11.6667,428.0,391.0,23.7778,99.2857,15.03,0
pde,org::eclipse::pde::internal::ui::util::SharedLabelProvider,52.0,48,1,105,73.0,3,156.0,15.0,34,8,306.0,51.0,9.0,193.0,64.0,5.67647,113.0,29.0,3.32353,335.286,160.338,0
pde,org::eclipse::pde::internal::core::product::Product,111.0,12,3,861,195.0,0,350.0,42.0,41,6,696.0,83.0,16.9756,345.0,36.0,8.41463,351.0,61.0,8.56098,191.143,47.6605,1
pde,org::eclipse::pde::internal::core::schema::SchemaRootElement,8.0,7,5,15,16.0,0,30.0,6.0,9,2,108.0,32.0,12.0,18.0,8.0,2.0,90.0,32.0,10.0,146.857,30.0556,0
pde,org::eclipse::pde::internal::ui::wizards::provisioner::update::UpdateSiteProvisionerEntry,3.0,0,1,3,3.0,0,10.0,3.0,1,1,0.0,0.0,0.0,0.0,0.0,0.0,0.0,0.0,0.0,83.2857,0.0,0
pde,org::eclipse::pde::internal::ui::editor::feature::FeatureAdvancedPage,3.0,7,2,3,17.0,0,43.0,3.0,17,7,190.0,66.0,11.1765,126.0,52.0,7.41176,64.0,60.0,3.76471,331.714,147.751,0
pde,org::eclipse::pde::internal::ui::util::PluginWorkingSet,27.0,10,1,28,56.0,0,160.0,8.0,17,5,219.0,71.0,12.8824,144.0,65.0,8.47059,75.0,35.0,4.41176,207.714,95.544,1
pde,org::eclipse::pde::internal::ui::views::plugins::JavaSearchActionGroup,21.0,9,1,10,46.0,0,71.0,5.0,5,2,37.0,26.0,7.4,69.0,52.0,13.8,-32.0,0.0,-6.4,108.143,35.4479,0
pde,org::eclipse::pde::internal::ui::editor::toc::TocSourcePage,18.0,12,4,78,34.0,0,59.0,13.0,16,3,292.0,94.0,18.25,78.0,27.0,4.875,214.0,94.0,13.375,60.2857,4.07877,0
pde,org::eclipse::pde::internal::ui::editor::toc::actions::TocAddAnchorAction,3.0,6,2,1,10.0,0,13.0,2.0,6,2,92.0,44.0,15.3333,8.0,4.0,1.33333,84.0,44.0,14.0,61.1429,1.98913,0
pde,org::eclipse::pde::internal::core::text::toc::TocDocumentHandler,3.0,2,3,3,6.0,0,10.0,3.0,6,3,187.0,126.0,31.1667,91.0,85.0,15.1667,96.0,126.0,16.0,59.5714,0.799083,0
pde,org::eclipse::pde::internal::ui::editor::ctxhelp::CtxHelpFormOutlinePage,9.0,7,3,6,12.0,0,27.0,4.0,1,1,0.0,0.0,0.0,0.0,0.0,0.0,0.0,0.0,0.0,33.4286,0.0,0
pde,org::eclipse::pde::internal::core::text::bundle::BundleModelFactory,19.0,21,1,1,36.0,0,45.0,2.0,7,3,212.0,75.0,30.2857,64.0,42.0,9.14286,148.0,75.0,21.1429,151.143,29.3241,0
pde,org::eclipse::pde::internal::ui::editor::feature::FeatureEditorContributor,9.0,4,3,28,18.0,0,34.0,8.0,15,6,100.0,33.0,6.66667,74.0,34.0,4.93333,26.0,21.0,1.73333,335.286,113.589,0
pde,org::eclipse::pde::internal::ui::nls::ModelChange,50.0,15,1,120,53.0,0,116.0,16.0,16,3,449.0,156.0,28.0625,122.0,38.0,7.625,327.0,156.0,20.4375,154.857,8.88673,0
pde,org::eclipse::pde::internal::core::PDECoreMessages,0.0,0,1,0,0.0,0,0.0,0.0,58,6,307.0,143.0,5.2931,98.0,12.0,1.68966,209.0,143.0,3.60345,178.857,68.9618,1
pde,org::eclipse::pde::internal::ui::wizards::feature::PluginListPage,20.0,11,2,15,42.0,0,119.0,6.0,19,6,206.0,109.0,10.8421,138.0,40.0,7.26316,68.0,99.0,3.57895,240.714,150.542,0
pde,org::eclipse::pde::internal::core::plugin::WorkspaceFragmentModel,4.0,11,8,6,8.0,1,14.0,4.0,12,7,47.0,21.0,3.91667,36.0,15.0,3.0,11.0,6.0,0.916667,335.286,134.495,0
pde,org::eclipse::pde::internal::core::builders::UpdateSiteBuilder,7.0,4,1,1,14.0,0,29.0,2.0,4,4,8.0,6.0,2.0,8.0,6.0,2.0,0.0,0.0,0.0,133.571,76.0178,1
pde,org::eclipse::pde::internal::core::product::SplashInfo,83.0,7,3,231,86.0,0,170.0,22.0,15,6,324.0,151.0,21.6,116.0,52.0,7.73333,208.0,150.0,13.8667,188.429,77.0463,0
pde,org::eclipse::pde::internal::ui::editor::site::MirrorsSection,18.0,8,3,66,53.0,0,87.0,12.0,7,3,47.0,23.0,6.71429,44.0,26.0,6.28571,3.0,8.0,0.428571,187.286,108.763,0
pde,org::eclipse::pde::internal::ui::editor::text::PackageHyperlink,4.0,6,3,1,12.0,0,19.0,2.0,6,3,6.0,2.0,1.0,21.0,18.0,3.5,-15.0,1.0,-2.5,118.0,30.2143,0
pde,org::eclipse::pde::internal::ui::wizards::product::UpdateSplashHandlerAction,85.0,15,1,630,153.0,0,425.0,36.0,2,2,124.0,124.0,62.0,185.0,185.0,92.5,-61.0,0.0,-30.5,76.0,41.8571,0
pde,org::eclipse::pde::internal::ui::editor::text::ColorManager,21.0,9,1,36,36.0,0,85.0,9.0,25,9,244.0,47.0,9.76,129.0,26.0,5.16,115.0,33.0,4.6,335.286,147.823,0
pde,org::eclipse::pde::internal::core::SourceLocation,9.0,6,1,28,12.0,0,28.0,8.0,16,7,44.0,10.0,2.75,86.0,30.0,5.375,-42.0,10.0,-2.625,328.143,117.25,0
pde,org::eclipse::pde::internal::ui::wizards::tools::UpdateBuildpathWizardPage,7.0,8,1,21,29.0,0,49.0,7.0,12,5,61.0,18.0,5.08333,97.0,41.0,8.08333,-36.0,5.0,-3.0,240.714,76.2295,0
pde,org::eclipse::pde::internal::ui::search::dependencies::DependencyExtentQuery,12.0,4,1,21,18.0,0,38.0,7.0,9,4,51.0,21.0,5.66667,24.0,15.0,2.66667,27.0,21.0,3.0,201.286,47.1204,0
pde,org::eclipse::pde::internal::ui::wizards::tools::UpdateClasspathJob,9.0,6,1,3,23.0,0,51.0,3.0,18,5,60.0,16.0,3.33333,59.0,23.0,3.27778,1.0,6.0,0.0555556,195.286,69.1167,0
pde,org::eclipse::pde::internal::ui::wizards::plugin::LibraryPluginJarsPage,20.0,10,1,28,67.0,0,197.0,8.0,11,4,133.0,72.0,12.0909,112.0,51.0,10.1818,21.0,45.0,1.90909,182.0,40.0462,0
pde,org::eclipse::pde::internal::ui::wizards::exports::ExportDestinationTab,25.0,11,2,55,53.0,2,146.0,11.0,7,3,429.0,207.0,61.2857,25.0,17.0,3.57143,404.0,207.0,57.7143,140.0,2.10589,1
pde,org::eclipse::pde::internal::ui::editor::product::ProductEditorContributor,1.0,0,2,0,1.0,0,3.0,1.0,5,3,13.0,10.0,2.6,4.0,2.0,0.8,9.0,10.0,1.8,189.571,18.8901,0
pde,org::eclipse::pde::internal::ui::editor::feature::FeatureReferencePage,4.0,6,2,6,18.0,0,52.0,4.0,18,7,192.0,82.0,10.6667,114.0,42.0,6.33333,78.0,70.0,4.33333,335.286,145.682,0
pde,org::eclipse::pde::internal::core::feature::FeatureImport,49.0,18,5,153,77.0,0,135.0,18.0,25,7,455.0,73.0,18.2,274.0,103.0,10.96,181.0,71.0,7.24,335.286,98.0553,0
pde,org::eclipse::pde::internal::ui::wizards::cheatsheet::RegisterCSWizard,7.0,4,1,10,14.0,0,32.0,5.0,3,2,16.0,15.0,5.33333,31.0,18.0,10.3333,-15.0,0.0,-5.0,97.4286,59.4196,0
pde,org::eclipse::pde::internal::ui::refactoring::FileRenameParticipant,4.0,2,2,1,8.0,0,17.0,2.0,3,1,12.0,10.0,4.0,3.0,3.0,1.0,9.0,10.0,3.0,98.2857,13.0714,0
pde,org::eclipse::pde::internal::core::PluginModelDelta,9.0,6,1,21,14.0,0,25.0,7.0,10,7,27.0,10.0,2.7,10.0,3.0,1.0,17.0,10.0,1.7,335.286,149.767,0
pde,org::eclipse::pde::internal::ui::correction::RemoveInternalDirectiveEntryResolution,6.0,4,3,6,8.0,0,18.0,4.0,3,3,11.0,7.0,3.66667,14.0,7.0,4.66667,-3.0,0.0,-1.0,126.143,33.5455,0
pde,org::eclipse::pde::internal::ui::editor::toc::TocDragAdapter,18.0,5,1,15,30.0,0,68.0,6.0,7,2,312.0,138.0,44.5714,49.0,34.0,7.0,263.0,138.0,37.5714,61.1429,3.24863,0
pde,org::eclipse::pde::internal::ui::util::TextUtil,42.0,10,1,15,45.0,0,115.0,6.0,3,2,8.0,7.0,2.66667,9.0,8.0,3.0,-1.0,0.0,-0.333333,72.7143,34.6071,0
pde,org::eclipse::pde::internal::ui::refactoring::RefactoringActionFactory,4.0,5,1,3,8.0,0,45.0,3.0,3,1,23.0,13.0,7.66667,17.0,17.0,5.66667,6.0,10.0,2.0,45.8571,7.92547,0
pde,org::eclipse::pde::internal::ui::editor::target::OverviewPage,13.0,7,2,55,42.0,0,71.0,11.0,16,5,117.0,72.0,7.3125,61.0,21.0,3.8125,56.0,59.0,3.5,144.857,59.0806,0
pde,org::eclipse::pde::internal::ui::views::dependencies::CallersTreeContentProvider,9.0,4,4,10,11.0,0,27.0,5.0,4,2,18.0,11.0,4.5,32.0,19.0,8.0,-14.0,0.0,-3.5,108.143,48.9444,0
pde,org::eclipse::pde::internal::ui::templates::ide::PreferencePageTemplate,17.0,13,5,66,42.0,0,78.0,12.0,3,2,24.0,22.0,8.0,36.0,34.0,12.0,-12.0,0.0,-4.0,95.5714,58.0357,0
pde,org::eclipse::pde::internal::ui::wizards::tools::ConvertJarsAction,15.0,5,1,6,43.0,0,69.0,4.0,3,2,22.0,14.0,7.33333,29.0,24.0,9.66667,-7.0,9.0,-2.33333,40.4286,5.01299,0
pde,org::eclipse::pde::internal::ui::editor::ctxhelp::details::CtxHelpContextDetails,11.0,4,4,28,29.0,0,77.0,8.0,1,1,0.0,0.0,0.0,0.0,0.0,0.0,0.0,0.0,0.0,33.4286,0.0,0
pde,org::eclipse::pde::internal::ui::editor::PDESourcePage,107.0,45,1,1275,180.0,2,369.0,51.0,89,8,1833.0,178.0,20.5955,1214.0,269.0,13.6404,619.0,115.0,6.95506,335.286,187.438,1
pde,org::eclipse::pde::internal::ui::editor::site::SynchronizePropertiesWizardPage,18.0,8,1,28,41.0,0,120.0,8.0,7,4,57.0,20.0,8.14286,90.0,34.0,12.8571,-33.0,0.0,-4.71429,194.0,103.602,0
pde,org::eclipse::pde::internal::core::builders::ExtensionsErrorReporter,181.0,47,3,325,363.0,1,525.0,26.0,35,5,440.0,106.0,12.5714,345.0,162.0,9.85714,95.0,78.0,2.71429,133.571,63.5704,0
pde,org::eclipse::pde::internal::ui::editor::site::SiteOutlinePage,23.0,13,3,10,37.0,0,65.0,5.0,11,7,122.0,97.0,11.0909,159.0,117.0,14.4545,-37.0,6.0,-3.36364,302.571,110.391,0
pde,org::eclipse::pde::internal::core::text::bundle::PackageObject,16.0,20,3,21,27.0,2,45.0,7.0,14,5,299.0,139.0,21.3571,153.0,72.0,10.9286,146.0,139.0,10.4286,151.143,24.6966,0
pde,org::eclipse::pde::internal::ui::templates::rcp::HelloNonUIRCPTemplate,12.0,12,5,55,35.0,0,60.0,11.0,3,2,26.0,24.0,8.66667,34.0,32.0,11.3333,-8.0,0.0,-2.66667,95.5714,58.0769,0
pde,org::eclipse::pde::internal::ui::util::FileValidator,3.0,12,1,1,6.0,0,8.0,2.0,5,4,20.0,10.0,4.0,17.0,12.0,3.4,3.0,10.0,0.6,188.429,48.4429,0
pde,org::eclipse::pde::internal::ui::templates::ide::CommonNavigatorTemplate,18.0,10,5,91,67.0,0,120.0,14.0,1,1,0.0,0.0,0.0,0.0,0.0,0.0,0.0,0.0,0.0,9.28571,0.0,0
pde,org::eclipse::pde::internal::ui::util::ModelModification,23.0,4,1,55,27.0,4,59.0,11.0,10,3,132.0,70.0,13.2,55.0,18.0,5.5,77.0,54.0,7.7,127.0,12.0433,0
pde,org::eclipse::pde::internal::ui::views::dependencies::HistoryDropDownAction,9.0,5,1,15,18.0,0,37.0,6.0,2,2,3.0,3.0,1.5,7.0,7.0,3.5,-4.0,0.0,-2.0,108.143,74.0,0
pde,org::eclipse::pde::internal::core::cheatsheet::comp::CompCSTaskObject,43.0,12,4,325,89.0,2,164.0,26.0,6,3,53.0,40.0,8.83333,57.0,54.0,9.5,-4.0,8.0,-0.666667,102.0,53.8032,0
pde,org::eclipse::pde::internal::ui::launcher::AbstractPluginBlock,83.0,24,1,528,187.0,2,436.0,33.0,42,6,1834.0,541.0,43.6667,612.0,166.0,14.5714,1222.0,541.0,29.0952,155.857,30.5993,1
pde,org::eclipse::pde::internal::core::text::plugin::PluginDocumentNodeFactory,24.0,12,2,45,48.0,0,76.0,10.0,14,5,487.0,203.0,34.7857,111.0,74.0,7.92857,376.0,203.0,26.8571,151.143,14.6624,0
pde,org::eclipse::pde::internal::core::text::toc::TocObject,23.0,18,4,105,35.0,3,81.0,15.0,12,4,685.0,399.0,57.0833,313.0,235.0,26.0833,372.0,399.0,31.0,59.5714,1.43733,0
pde,org::eclipse::pde::internal::ui::editor::plugin::PluginInputContextManager,31.0,11,2,78,49.0,0,92.0,13.0,12,5,107.0,32.0,8.91667,77.0,39.0,6.41667,30.0,23.0,2.5,227.429,73.526,0
pde,org::eclipse::pde::internal::ui::editor::product::SplashConfigurationSection,80.0,16,3,780,200.0,0,469.0,40.0,5,3,223.0,111.0,44.6,189.0,155.0,37.8,34.0,58.0,6.8,76.0,26.8917,1
pde,org::eclipse::pde::internal::ui::build::BuildSiteAction,13.0,12,1,10,39.0,0,67.0,5.0,21,5,207.0,55.0,9.85714,160.0,39.0,7.61905,47.0,37.0,2.2381,240.714,77.0476,0
pde,org::eclipse::pde::internal::ui::editor::target::TargetInputContextManager,3.0,2,2,1,4.0,0,7.0,2.0,2,2,1.0,1.0,0.5,2.0,2.0,1.0,-1.0,0.0,-0.5,144.857,110.714,0
pde,org::eclipse::pde::internal::runtime::spy::sections::ActiveHelpSection,29.0,6,1,10,57.0,0,132.0,5.0,12,1,228.0,120.0,19.0,120.0,32.0,10.0,108.0,88.0,9.0,51.8571,3.81892,0
pde,org::eclipse::pde::internal::ui::editor::cheatsheet::CSAbstractEditor,9.0,6,3,21,25.0,2,63.0,7.0,3,3,19.0,18.0,6.33333,23.0,21.0,7.66667,-4.0,0.0,-1.33333,56.1429,20.9624,0
pde,org::eclipse::pde::internal::ui::editor::plugin::rows::ReferenceAttributeRow,4.0,5,3,6,13.0,2,24.0,4.0,19,7,62.0,10.0,3.26316,64.0,20.0,3.36842,-2.0,10.0,-0.105263,227.429,90.4263,0
pde,org::eclipse::pde::ui::launcher::JUnitTabGroup,1.0,4,2,0,7.0,0,5.0,1.0,7,2,12.0,7.0,1.71429,39.0,20.0,5.57143,-27.0,7.0,-3.85714,104.429,27.1429,0
pde,org::eclipse::pde::internal::ui::build::BuildSiteJob,28.0,18,2,28,59.0,0,121.0,8.0,29,6,544.0,186.0,18.7586,311.0,99.0,10.7241,233.0,161.0,8.03448,230.714,48.3149,0
pde,org::eclipse::pde::internal::ui::editor::contentassist::XMLElementProposalComparator,3.0,3,1,3,6.0,0,12.0,3.0,2,2,4.0,4.0,2.0,5.0,5.0,2.5,-1.0,0.0,-0.5,61.4286,27.2857,0
pde,org::eclipse::pde::internal::core::RequiredPluginsInitializer,5.0,0,1,3,7.0,0,14.0,3.0,18,7,84.0,16.0,4.66667,60.0,28.0,3.33333,24.0,11.0,1.33333,313.571,154.308,0
pde,org::eclipse::pde::internal::ui::editor::ToggleLinkWithEditorAction,3.0,3,1,1,8.0,0,15.0,2.0,7,4,19.0,6.0,2.71429,24.0,10.0,3.42857,-5.0,0.0,-0.714286,203.0,76.8271,0
pde,org::eclipse::pde::internal::core::converter::PluginConverterParser,100.0,7,1,325,191.0,0,376.0,26.0,2,2,7.0,7.0,3.5,7.0,7.0,3.5,0.0,0.0,0.0,106.0,69.8571,1
pde,org::eclipse::pde::internal::ui::editor::cheatsheet::simple::details::SimpleCSCommandComboPart,22.0,4,2,91,44.0,0,107.0,14.0,2,2,21.0,21.0,10.5,25.0,25.0,12.5,-4.0,0.0,-2.0,70.2857,36.1429,0
pde,org::eclipse::pde::internal::ui::editor::plugin::rows::ClassAttributeRow,18.0,15,5,36,45.0,0,57.0,9.0,32,7,188.0,34.0,5.875,250.0,115.0,7.8125,-62.0,34.0,-1.9375,227.429,100.904,0
pde,org::eclipse::pde::internal::ui::correction::OptionalImportPackageResolution,6.0,4,3,6,10.0,0,19.0,4.0,4,3,16.0,10.0,4.0,9.0,8.0,2.25,7.0,10.0,1.75,150.429,52.0982,0
pde,org::eclipse::pde::internal::ui::editor::feature::FeatureInputContextManager,4.0,2,2,3,6.0,0,10.0,3.0,7,4,21.0,10.0,3.0,17.0,10.0,2.42857,4.0,10.0,0.571429,227.429,26.0408,0
pde,org::eclipse::pde::internal::ui::editor::plugin::JavaAttributeWizardPage,49.0,7,1,21,61.0,0,160.0,7.0,15,6,107.0,31.0,7.13333,112.0,49.0,7.46667,-5.0,15.0,-0.333333,227.429,112.838,1
pde,org::eclipse::pde::internal::ui::parts::MessageLine,13.0,2,1,6,23.0,0,42.0,4.0,6,6,34.0,13.0,5.66667,26.0,19.0,4.33333,8.0,10.0,1.33333,304.429,157.155,0
pde,org::eclipse::pde::internal::ui::parts::StructuredViewerPart,9.0,29,3,28,20.0,3,33.0,8.0,11,6,70.0,26.0,6.36364,74.0,27.0,6.72727,-4.0,4.0,-0.363636,335.286,150.545,0
pde,org::eclipse::pde::internal::ui::templates::ide::PopupMenuTemplate,13.0,14,5,45,39.0,0,91.0,10.0,3,2,36.0,32.0,12.0,63.0,61.0,21.0,-27.0,2.0,-9.0,95.5714,57.8571,0
pde,org::eclipse::pde::internal::core::util::SchemaUtil,5.0,13,1,1,17.0,0,37.0,2.0,6,3,31.0,17.0,5.16667,89.0,55.0,14.8333,-58.0,6.0,-9.66667,111.0,13.4332,0
pde,org::eclipse::pde::internal::ui::editor::toc::details::TocAnchorDetails,18.0,4,4,91,32.0,0,71.0,14.0,7,3,315.0,138.0,45.0,30.0,25.0,4.28571,285.0,138.0,40.7143,61.1429,3.50794,0
pde,org::eclipse::pde::internal::ui::editor::product::ArgumentsSection,17.0,14,3,78,63.0,0,124.0,13.0,16,6,374.0,149.0,23.375,273.0,98.0,17.0625,101.0,139.0,6.3125,186.714,57.0699,0
pde,org::eclipse::pde::internal::ui::correction::ExternalizeResolution,14.0,14,3,15,50.0,0,96.0,6.0,7,3,102.0,47.0,14.5714,38.0,25.0,5.42857,64.0,45.0,9.14286,128.857,52.2003,0
pde,org::eclipse::pde::internal::ui::correction::CreateJREBundleHeaderResolution,4.0,3,3,6,7.0,0,12.0,4.0,5,2,4.0,1.0,0.8,4.0,1.0,0.8,0.0,0.0,0.0,152.0,12.6429,0
pde,org::eclipse::pde::internal::ui::commands::CommandDetails,43.0,8,1,210,124.0,0,292.0,21.0,15,5,328.0,116.0,21.8667,311.0,148.0,20.7333,17.0,34.0,1.13333,104.857,28.5192,0
pde,org::eclipse::pde::internal::ui::correction::OrganizeRequireBundleResolution,4.0,2,3,6,6.0,0,13.0,4.0,6,3,16.0,10.0,2.66667,5.0,2.0,0.833333,11.0,10.0,1.83333,150.429,26.9732,0
pde,org::eclipse::pde::internal::ui::editor::actions::FormatAction,6.0,4,1,6,13.0,0,24.0,4.0,3,2,17.0,10.0,5.66667,9.0,9.0,3.0,8.0,10.0,2.66667,110.143,57.3445,0
pde,org::eclipse::pde::internal::ui::wizards::product::ProductDefinitionWizard,6.0,5,1,10,19.0,0,33.0,5.0,11,4,71.0,25.0,6.45455,29.0,12.0,2.63636,42.0,24.0,3.81818,188.0,22.0523,0
pde,org::eclipse::pde::internal::ui::editor::cheatsheet::simple::actions::SimpleCSAddStepAction,12.0,8,1,10,28.0,0,72.0,5.0,10,3,126.0,67.0,12.6,65.0,28.0,6.5,61.0,59.0,6.1,105.0,28.3016,0
pde,org::eclipse::pde::internal::ui::samples::ReviewPage,7.0,2,1,6,23.0,0,46.0,4.0,5,3,20.0,15.0,4.0,16.0,13.0,3.2,4.0,2.0,0.8,151.143,92.4929,0
pde,org::eclipse::pde::internal::core::site::SiteDescription,31.0,8,3,66,49.0,0,75.0,12.0,19,8,123.0,35.0,6.47368,69.0,13.0,3.63158,54.0,23.0,2.84211,302.571,139.639,0
pde,org::eclipse::pde::internal::ui::templates::ide::PropertyPageTemplate,13.0,13,5,45,40.0,0,70.0,10.0,3,2,33.0,29.0,11.0,50.0,48.0,16.6667,-17.0,2.0,-5.66667,95.5714,57.7922,0
pde,org::eclipse::pde::internal::runtime::spy::sections::ActiveDialogPageSection,5.0,4,1,1,19.0,0,44.0,2.0,5,1,24.0,13.0,4.8,24.0,15.0,4.8,0.0,4.0,0.0,45.2857,5.90476,0
pde,org::eclipse::pde::internal::core::NLResourceHelper,16.0,21,1,10,26.0,0,68.0,5.0,15,8,113.0,36.0,7.53333,103.0,51.0,6.86667,10.0,11.0,0.666667,335.286,89.7939,1
pde,org::eclipse::pde::internal::ui::editor::cheatsheet::comp::CompCSContentProvider,9.0,3,2,10,12.0,0,27.0,5.0,2,2,4.0,4.0,2.0,6.0,6.0,3.0,-2.0,0.0,-1.0,99.2857,65.1429,0
pde,org::eclipse::pde::internal::ui::editor::PDEDetailsSections,17.0,7,3,78,34.0,2,47.0,13.0,5,4,7.0,4.0,1.4,11.0,4.0,2.2,-4.0,0.0,-0.8,188.429,56.449,0
pde,org::eclipse::pde::internal::core::text::cheatsheet::simple::SimpleCSIntro,10.0,3,6,45,17.0,0,30.0,10.0,10,2,163.0,105.0,16.3,162.0,105.0,16.2,1.0,105.0,0.1,59.2857,0.366345,0
pde,org::eclipse::ui::internal::views::log::FilterDialog,30.0,6,1,66,53.0,0,226.0,12.0,5,2,204.0,132.0,40.8,74.0,55.0,14.8,130.0,130.0,26.0,49.4286,16.348,0
pde,org::eclipse::pde::internal::ui::editor::cheatsheet::comp::CompCSBlock,13.0,6,2,28,17.0,0,61.0,8.0,6,2,76.0,43.0,12.6667,64.0,32.0,10.6667,12.0,13.0,2.0,99.2857,35.2387,0
pde,org::eclipse::pde::internal::core::text::plugin::PluginBaseNode,63.0,10,4,253,145.0,2,222.0,23.0,14,5,994.0,407.0,71.0,114.0,65.0,8.14286,880.0,407.0,62.8571,151.143,16.6904,0
pde,org::eclipse::pde::internal::ui::search::dialogs::FilteredPluginArtifactsSelectionDialog,30.0,19,1,91,68.0,0,147.0,14.0,11,2,350.0,147.0,31.8182,188.0,133.0,17.0909,162.0,140.0,14.7273,39.5714,9.83918,0
pde,org::eclipse::pde::internal::core::text::DocumentTextNode,13.0,6,2,66,15.0,1,45.0,12.0,12,4,261.0,70.0,21.75,38.0,21.0,3.16667,223.0,70.0,18.5833,151.143,43.1483,0
pde,org::eclipse::pde::internal::ui::editor::XMLSourcePage,4.0,4,3,3,12.0,7,20.0,3.0,19,5,182.0,41.0,9.57895,158.0,69.0,8.31579,24.0,25.0,1.26316,272.857,86.0306,1
pde,org::eclipse::pde::internal::ui::search::dependencies::UnusedDependenciesJob,4.0,5,1,6,15.0,0,28.0,4.0,24,4,327.0,111.0,13.625,314.0,194.0,13.0833,13.0,84.0,0.541667,201.286,47.5806,0
pde,org::eclipse::pde::internal::ui::editor::text::TranslationHyperlink,22.0,11,2,10,25.0,0,73.0,5.0,5,3,44.0,22.0,8.8,17.0,11.0,3.4,27.0,17.0,5.4,117.429,36.8799,0
pde,org::eclipse::pde::internal::ui::PDEPerspective,7.0,0,1,21,17.0,0,58.0,7.0,24,7,149.0,75.0,6.20833,139.0,55.0,5.79167,10.0,20.0,0.416667,335.286,109.177,1
pde,org::eclipse::pde::internal::ui::editor::text::MultilineDamagerRepairer,3.0,1,1,3,3.0,0,9.0,3.0,2,2,4.0,4.0,2.0,7.0,7.0,3.5,-3.0,0.0,-1.5,148.429,114.286,0
pde,org::eclipse::pde::internal::ui::editor::PDEDetails,8.0,18,2,28,12.0,7,28.0,8.0,12,7,75.0,23.0,6.25,55.0,23.0,4.58333,20.0,23.0,1.66667,226.857,109.756,0
pde,org::eclipse::pde::internal::ui::views::plugins::PluginsLabelProvider,7.0,8,1,15,25.0,0,29.0,6.0,6,3,79.0,50.0,13.1667,90.0,45.0,15.0,-11.0,5.0,-1.83333,108.143,39.9132,0
pde,org::eclipse::pde::internal::ui::refactoring::BuildPropertiesChange,10.0,11,1,1,27.0,0,59.0,2.0,6,3,36.0,14.0,6.0,28.0,23.0,4.66667,8.0,10.0,1.33333,98.2857,36.7937,0
pde,org::eclipse::pde::internal::core::text::DocumentAttributeNode,20.0,4,2,190,25.0,0,97.0,20.0,10,2,73.0,32.0,7.3,41.0,17.0,4.1,32.0,32.0,3.2,63.8571,8.82192,0
pde,org::eclipse::pde::internal::ui::wizards::WizardCollectionElement,16.0,8,4,45,26.0,0,54.0,10.0,11,7,91.0,55.0,8.27273,65.0,48.0,5.90909,26.0,13.0,2.36364,335.286,226.597,0
pde,org::eclipse::pde::internal::ui::wizards::ctxhelp::RegisterCtxHelpOperation,42.0,28,1,55,92.0,0,207.0,11.0,1,1,0.0,0.0,0.0,0.0,0.0,0.0,0.0,0.0,0.0,22.7143,0.0,0
pde,org::eclipse::pde::internal::ui::preferences::PDECompilersConfigurationBlock,98.0,12,1,351,187.0,0,461.0,27.0,8,1,31.0,14.0,3.875,18.0,6.0,2.25,13.0,10.0,1.625,21.0,11.1336,0
pde,org::eclipse::pde::internal::core::EclipseHomeInitializer,2.0,2,1,1,6.0,0,11.0,2.0,25,7,197.0,45.0,7.88,188.0,47.0,7.52,9.0,24.0,0.36,335.0,62.794,1
pde,org::eclipse::pde::internal::ui::wizards::plugin::TemplateListSelectionPage,24.0,10,3,66,44.0,0,89.0,12.0,31,7,215.0,49.0,6.93548,135.0,52.0,4.35484,80.0,31.0,2.58065,227.0,75.6545,1
pde,org::eclipse::pde::internal::runtime::registry::PluginObjectAdapter,2.0,12,1,1,2.0,1,6.0,2.0,3,2,4.0,4.0,1.33333,0.0,0.0,0.0,4.0,4.0,1.33333,381.0,0.571429,0
pde,org::eclipse::pde::internal::core::site::SiteCategoryDefinition,20.0,11,3,45,43.0,0,62.0,10.0,16,7,79.0,18.0,4.9375,58.0,15.0,3.625,21.0,17.0,1.3125,302.571,80.8897,0
pde,org::eclipse::pde::internal::ui::launcher::OpenLogDialog,29.0,10,1,105,69.0,0,156.0,15.0,11,6,513.0,229.0,46.6364,425.0,239.0,38.6364,88.0,87.0,8.0,223.857,90.8243,0
pde,org::eclipse::pde::internal::core::product::AboutInfo,23.0,7,3,36,42.0,0,58.0,9.0,8,3,48.0,10.0,6.0,24.0,9.0,3.0,24.0,10.0,3.0,191.143,31.6012,0
pde,org::eclipse::pde::internal::ui::wizards::tools::OrganizeManifest,129.0,48,1,171,170.0,0,372.0,19.0,21,5,236.0,86.0,11.2381,333.0,141.0,15.8571,-97.0,30.0,-4.61905,134.286,54.7088,0
pde,org::eclipse::pde::internal::core::ExternalJavaSearchInitializer,1.0,1,1,0,3.0,0,8.0,1.0,9,6,37.0,20.0,4.11111,37.0,15.0,4.11111,0.0,5.0,0.0,225.286,121.344,0
pde,org::eclipse::pde::internal::ui::editor::schema::SchemaEditorContributor,5.0,3,3,10,11.0,0,19.0,5.0,16,7,90.0,35.0,5.625,42.0,7.0,2.625,48.0,35.0,3.0,335.286,82.0413,0
pde,org::eclipse::pde::internal::core::PDEAuxiliaryState,71.0,23,1,153,156.0,0,230.0,18.0,10,3,203.0,91.0,20.3,124.0,91.0,12.4,79.0,73.0,7.9,132.571,85.5735,0
pde,org::eclipse::pde::internal::ui::editor::plugin::BundleHyperlinkDetector,44.0,14,1,6,56.0,0,105.0,4.0,13,5,143.0,83.0,11.0,66.0,40.0,5.07692,77.0,69.0,5.92308,118.143,15.3197,0
pde,org::eclipse::pde::internal::core::SourceLocationManager,64.0,20,1,210,145.0,0,210.0,21.0,49,8,1106.0,220.0,22.5714,898.0,205.0,18.3265,208.0,129.0,4.2449,328.143,139.893,1
pde,org::eclipse::pde::internal::ui::views::dependencies::HistoryListAction,4.0,4,1,1,13.0,0,20.0,2.0,4,2,6.0,3.0,1.5,11.0,7.0,2.75,-5.0,0.0,-1.25,108.143,51.619,0
pde,org::eclipse::pde::internal::ui::util::SWTUtil,14.0,51,1,10,20.0,0,44.0,5.0,15,7,79.0,39.0,5.26667,84.0,28.0,5.6,-5.0,11.0,-0.333333,335.286,61.7107,0
pde,org::eclipse::ui::internal::views::log::EventDetailsDialogAction,17.0,2,1,10,19.0,0,41.0,5.0,5,1,36.0,21.0,7.2,27.0,19.0,5.4,9.0,6.0,1.8,49.4286,12.4167,0
pde,org::eclipse::pde::internal::core::FeatureModelManager,63.0,44,1,120,118.0,0,278.0,16.0,28,6,462.0,268.0,16.5,156.0,44.0,5.57143,306.0,224.0,10.9286,188.429,20.7536,0
pde,org::eclipse::pde::internal::ui::wizards::provisioner::ProvisionerListSelectionPage,11.0,4,1,15,24.0,0,88.0,6.0,10,3,276.0,116.0,27.6,30.0,25.0,3.0,246.0,116.0,24.6,92.8571,7.2707,1
pde,org::eclipse::pde::internal::ui::wizards::plugin::AbstractFieldData,28.0,10,1,378,28.0,2,84.0,28.0,17,6,122.0,30.0,7.17647,72.0,27.0,4.23529,50.0,11.0,2.94118,239.0,113.299,0
pde,org::eclipse::pde::internal::ui::templates::osgi::HelloOSGiNewWizard,3.0,2,6,3,6.0,0,10.0,3.0,3,3,4.0,3.0,1.33333,5.0,4.0,1.66667,-1.0,0.0,-0.333333,95.5714,51.3571,0
pde,org::eclipse::pde::internal::ui::editor::plugin::ExtensionDetails,41.0,18,4,171,88.0,0,210.0,19.0,29,7,337.0,117.0,11.6207,247.0,78.0,8.51724,90.0,78.0,3.10345,227.429,117.679,0
pde,org::eclipse::pde::internal::ui::correction::AddBundleClassPathMarkerResolution,5.0,1,3,3,9.0,0,17.0,3.0,2,2,3.0,3.0,1.5,6.0,6.0,3.0,-3.0,0.0,-1.5,49.0,14.8571,0
pde,org::eclipse::pde::internal::core::text::build::Build,26.0,16,2,36,60.0,0,98.0,9.0,7,3,330.0,147.0,47.1429,24.0,19.0,3.42857,306.0,147.0,43.7143,151.143,8.41169,0
pde,org::eclipse::pde::internal::ui::search::dependencies::AddNewBinaryDependenciesOperation,9.0,4,2,1,17.0,0,31.0,2.0,2,1,6.0,6.0,3.0,8.0,8.0,4.0,-2.0,0.0,-1.0,83.8571,49.7143,0
pde,org::eclipse::pde::internal::ui::correction::AddSourceBuildEntryResolution,11.0,6,3,6,21.0,0,43.0,4.0,6,3,25.0,10.0,4.16667,22.0,10.0,3.66667,3.0,10.0,0.5,130.857,48.68,0
pde,org::eclipse::pde::internal::ui::editor::product::ProductOutlinePage,8.0,5,3,6,10.0,0,22.0,4.0,5,4,24.0,10.0,4.8,18.0,10.0,3.6,6.0,10.0,1.2,188.143,59.0,0
pde,org::eclipse::pde::internal::ui::views::plugins::CopyToClipboardAction,13.0,4,1,10,28.0,0,45.0,5.0,2,2,26.0,26.0,13.0,32.0,32.0,16.0,-6.0,0.0,-3.0,108.143,74.0,0
pde,org::eclipse::pde::internal::ui::editor::build::AddLibraryDialog,12.0,2,1,55,27.0,0,82.0,11.0,19,6,231.0,106.0,12.1579,148.0,62.0,7.78947,83.0,75.0,4.36842,263.286,82.7761,0
pde,org::eclipse::pde::internal::ui::editor::NullUndoManager,11.0,0,1,36,11.0,0,24.0,9.0,10,6,25.0,8.0,2.5,24.0,4.0,2.4,1.0,4.0,0.1,335.286,118.171,1
pde,org::eclipse::pde::internal::ui::launcher::JREBlock,44.0,8,1,171,85.0,0,255.0,19.0,19,4,740.0,221.0,38.9474,191.0,65.0,10.0526,549.0,221.0,28.8947,156.429,42.3033,0
pde,org::eclipse::pde::internal::ui::templates::ide::MultiPageEditorTemplate,20.0,14,6,66,46.0,0,100.0,12.0,5,3,33.0,29.0,6.6,49.0,44.0,9.8,-16.0,0.0,-3.2,95.5714,54.5758,0
pde,org::eclipse::pde::internal::core::PDEExtensionRegistry,61.0,39,1,171,122.0,0,187.0,19.0,26,3,617.0,168.0,23.7308,653.0,263.0,25.1154,-36.0,52.0,-1.38462,132.571,73.066,0
pde,org::eclipse::pde::internal::runtime::PDERuntimeMessages,0.0,0,1,0,0.0,0,0.0,0.0,27,4,82.0,15.0,3.03704,123.0,61.0,4.55556,-41.0,15.0,-1.51852,178.714,117.416,1
pde,org::eclipse::pde::internal::core::text::ctxhelp::CtxHelpDescription,10.0,5,5,36,12.0,0,27.0,9.0,2,1,7.0,7.0,3.5,0.0,0.0,0.0,7.0,7.0,3.5,33.4286,1.28571,0
pde,org::eclipse::pde::internal::ui::editor::text::AnnotationHover,14.0,5,1,6,24.0,0,48.0,4.0,9,6,34.0,10.0,3.77778,33.0,16.0,3.66667,1.0,10.0,0.111111,300.571,72.8992,0
pde,org::eclipse::pde::internal::core::text::build::BuildEntry,37.0,21,2,190,82.0,0,156.0,20.0,11,5,460.0,146.0,41.8182,36.0,24.0,3.27273,424.0,146.0,38.5455,151.143,29.0764,0
pde,org::eclipse::pde::internal::ui::tests::macro::DefaultWidgetResolver,14.0,4,1,0,15.0,0,30.0,1.0,5,3,12.0,6.0,2.4,17.0,14.0,3.4,-5.0,6.0,-1.0,183.857,37.7857,0
pde,org::eclipse::pde::internal::ui::search::dependencies::UnusedImportsDialog,5.0,6,1,10,19.0,0,41.0,5.0,15,5,94.0,26.0,6.26667,68.0,18.0,4.53333,26.0,20.0,1.73333,201.286,73.2188,0
pde,org::eclipse::pde::internal::core::target::WorkspaceTargetModel,17.0,8,5,66,41.0,0,83.0,12.0,6,4,49.0,21.0,8.16667,29.0,17.0,4.83333,20.0,19.0,3.33333,144.857,86.6939,1
pde,org::eclipse::pde::internal::ui::launcher::LaunchConfigurationListener,6.0,4,1,6,10.0,0,17.0,4.0,8,3,37.0,11.0,4.625,22.0,5.0,2.75,15.0,10.0,1.875,205.571,76.6988,0
pde,org::eclipse::pde::internal::ui::editor::validation::AbstractControlValidator,26.0,6,1,136,32.0,1,99.0,17.0,4,2,148.0,117.0,37.0,71.0,37.0,17.75,77.0,84.0,19.25,84.8571,11.1988,0
pde,org::eclipse::pde::internal::ui::editor::build::BuildEditorContributor,4.0,0,3,6,4.0,0,12.0,4.0,11,7,51.0,12.0,4.63636,36.0,12.0,3.27273,15.0,8.0,1.36364,335.286,131.927,0
pde,org::eclipse::pde::internal::ui::preferences::SourceCodeLocationsPreferenceNode,1.0,0,2,1,2.0,0,3.0,2.0,9,4,24.0,10.0,2.66667,111.0,93.0,12.3333,-87.0,10.0,-9.66667,239.0,72.0536,1
pde,org::eclipse::pde::internal::ui::editor::plugin::ExtensionElementDetails,52.0,19,4,153,110.0,0,199.0,18.0,29,8,224.0,56.0,7.72414,181.0,73.0,6.24138,43.0,18.0,1.48276,227.429,123.196,0
pde,org::eclipse::pde::internal::ui::editor::plugin::ExecutionEnvironmentSection,113.0,27,5,595,207.0,0,501.0,35.0,25,6,575.0,188.0,23.0,258.0,205.0,10.32,317.0,181.0,12.68,143.571,78.0228,0
pde,org::eclipse::pde::internal::ui::samples::ProjectNamesPage,22.0,3,1,21,39.0,0,115.0,7.0,5,3,60.0,47.0,12.0,56.0,50.0,11.2,4.0,6.0,0.8,151.143,95.1357,0
pde,org::eclipse::pde::internal::ui::search::PluginSearchQuery,8.0,8,1,15,13.0,0,33.0,6.0,5,4,22.0,10.0,4.4,12.0,6.0,2.4,10.0,10.0,2.0,201.286,52.2467,0
pde,org::eclipse::pde::internal::ui::editor::target::TargetOutlinePage,17.0,9,3,6,21.0,0,50.0,4.0,11,4,126.0,51.0,11.4545,114.0,44.0,10.3636,12.0,10.0,1.09091,143.857,29.3878,0
pde,org::eclipse::pde::internal::ui::wizards::tools::UpdateBuildpathWizard,6.0,5,1,6,17.0,0,33.0,4.0,12,5,36.0,8.0,3.0,28.0,9.0,2.33333,8.0,3.0,0.666667,240.714,88.1389,0
pde,org::eclipse::pde::internal::ui::wizards::WizardTreeSelectionPage,14.0,9,2,36,43.0,1,123.0,9.0,18,7,259.0,162.0,14.3889,253.0,128.0,14.0556,6.0,34.0,0.333333,335.286,75.4093,0
pde,org::eclipse::pde::internal::ui::correction::ResolutionGenerator,47.0,31,1,15,69.0,0,118.0,6.0,39,4,284.0,70.0,7.28205,158.0,84.0,4.05128,126.0,41.0,3.23077,152.143,45.2912,0
pde,org::eclipse::pde::internal::ui::editor::cheatsheet::simple::SimpleCSEditorContributor,5.0,6,3,10,15.0,0,27.0,5.0,7,2,79.0,39.0,11.2857,33.0,20.0,4.71429,46.0,39.0,6.57143,105.857,40.7523,0
pde,org::eclipse::pde::internal::ui::correction::RenameProvidePackageResolution,4.0,2,3,6,6.0,0,12.0,4.0,2,2,1.0,1.0,0.5,1.0,1.0,0.5,0.0,0.0,0.0,59.0,24.8571,0
pde,org::eclipse::pde::internal::core::feature::FeatureURL,22.0,10,3,28,45.0,0,78.0,8.0,15,7,109.0,35.0,7.26667,83.0,29.0,5.53333,26.0,8.0,1.73333,335.286,155.125,0
pde,org::eclipse::pde::internal::ui::search::OpenPluginSearchPageAction,9.0,1,1,10,10.0,0,21.0,5.0,3,1,15.0,10.0,5.0,6.0,6.0,2.0,9.0,10.0,3.0,90.1429,34.8571,0
pde,org::eclipse::pde::internal::core::site::AbstractSiteModel,19.0,9,4,55,32.0,2,64.0,11.0,26,8,122.0,16.0,4.69231,101.0,24.0,3.88462,21.0,14.0,0.807692,302.571,85.3115,0
pde,org::eclipse::pde::internal::ui::editor::contentassist::VirtualSchemaObject,16.0,6,2,55,22.0,0,58.0,11.0,7,4,42.0,18.0,6.0,48.0,22.0,6.85714,-6.0,4.0,-0.857143,111.0,35.517,0
pde,org::eclipse::pde::internal::ui::editor::plugin::ResourceAttributeValue,4.0,1,1,6,5.0,1,13.0,4.0,6,4,23.0,16.0,3.83333,20.0,13.0,3.33333,3.0,3.0,0.5,227.429,148.894,0
pde,org::eclipse::pde::ui::templates::ComboChoiceOption,16.0,6,4,15,23.0,0,69.0,6.0,7,3,67.0,20.0,9.57143,21.0,13.0,3.0,46.0,19.0,6.57143,137.143,71.3326,0
pde,org::eclipse::pde::internal::ui::wizards::extension::NewExtensionPointMainPage,21.0,10,2,28,36.0,0,79.0,8.0,23,8,276.0,45.0,12.0,252.0,47.0,10.9565,24.0,32.0,1.04348,335.286,154.131,0
pde,org::eclipse::pde::internal::ui::editor::feature::FeatureIncludesPage,3.0,5,2,3,16.0,0,45.0,3.0,11,5,44.0,14.0,4.0,52.0,23.0,4.72727,-8.0,14.0,-0.727273,188.429,93.2013,0
pde,org::eclipse::pde::internal::ui::editor::toc::details::HelpEditorFilter,7.0,4,1,1,7.0,0,25.0,2.0,1,1,0.0,0.0,0.0,0.0,0.0,0.0,0.0,0.0,0.0,33.4286,0.0,0
pde,org::eclipse::pde::internal::ui::wizards::tools::ConvertProjectsAction,13.0,4,1,10,32.0,0,58.0,5.0,13,5,94.0,34.0,7.23077,88.0,23.0,6.76923,6.0,11.0,0.461538,213.286,30.4088,0
pde,org::eclipse::pde::internal::ui::elements::ListContentProvider,3.0,3,2,1,3.0,1,9.0,2.0,7,6,25.0,10.0,3.57143,19.0,8.0,2.71429,6.0,6.0,0.857143,335.286,167.829,0
pde,org::eclipse::pde::internal::core::text::plugin::PluginNode,6.0,2,5,10,10.0,0,15.0,5.0,4,2,96.0,46.0,24.0,2.0,2.0,0.5,94.0,46.0,23.5,151.143,5.06548,0
pde,org::eclipse::pde::internal::ui::parts::FormBrowser,7.0,2,1,6,10.0,0,44.0,4.0,11,6,92.0,23.0,8.36364,84.0,48.0,7.63636,8.0,12.0,0.727273,335.286,144.776,0
pde,org::eclipse::pde::internal::ui::wizards::target::TargetDefinitionFromPlatformOperation,22.0,17,2,36,74.0,0,103.0,9.0,7,3,53.0,18.0,7.57143,36.0,24.0,5.14286,17.0,18.0,2.42857,136.286,40.0943,1
pde,org::eclipse::pde::internal::ui::editor::text::PDEQuickAssistAssistant,2.0,4,1,1,6.0,0,16.0,2.0,12,4,145.0,37.0,12.0833,91.0,34.0,7.58333,54.0,26.0,4.5,130.857,85.5951,0
pde,org::eclipse::pde::internal::ui::editor::cheatsheet::simple::SimpleCSInputContext,11.0,8,4,15,30.0,0,60.0,6.0,5,2,119.0,54.0,23.8,123.0,100.0,24.6,-4.0,46.0,-0.8,105.857,47.3061,0
pde,org::eclipse::pde::internal::ui::correction::ExternalizeStringsResolution,5.0,3,2,10,8.0,0,22.0,5.0,6,3,40.0,25.0,6.66667,24.0,13.0,4.0,16.0,19.0,2.66667,130.429,11.8607,0
pde,org::eclipse::pde::internal::core::text::cheatsheet::simple::SimpleCSAction,18.0,4,7,66,30.0,0,59.0,12.0,9,2,233.0,160.0,25.8889,255.0,160.0,28.3333,-22.0,160.0,-2.44444,59.2857,0.896383,0
pde,org::eclipse::pde::internal::ui::wizards::toc::NewTocFileWizard,7.0,4,2,21,19.0,0,34.0,7.0,5,3,154.0,71.0,30.8,19.0,12.0,3.8,135.0,71.0,27.0,61.1429,2.33024,0
pde,org::eclipse::pde::internal::ui::editor::plugin::ImportPackageSection,148.0,41,5,561,289.0,0,564.0,34.0,67,6,2508.0,489.0,37.4328,1324.0,549.0,19.7612,1184.0,423.0,17.6716,181.0,52.4617,0
pde,org::eclipse::pde::internal::ui::editor::toc::TocFileValidator,8.0,3,1,6,17.0,0,34.0,4.0,7,4,372.0,174.0,53.1429,125.0,92.0,17.8571,247.0,174.0,35.2857,61.1429,2.46697,0
pde,org::eclipse::pde::internal::ui::wizards::provisioner::update::UpdateSiteProvisionerPage,14.0,5,1,28,44.0,0,136.0,8.0,9,3,118.0,26.0,13.1111,72.0,47.0,8.0,46.0,19.0,5.11111,83.2857,8.51574,0
pde,org::eclipse::pde::internal::ui::editor::toc::TocDropAdapter,30.0,5,1,66,35.0,0,114.0,12.0,11,4,574.0,223.0,52.1818,123.0,95.0,11.1818,451.0,223.0,41.0,61.1429,5.70508,0
pde,org::eclipse::pde::internal::ui::templates::ide::DecoratorTemplate,32.0,17,5,136,81.0,0,177.0,17.0,5,4,59.0,56.0,11.8,84.0,81.0,16.8,-25.0,0.0,-5.0,95.5714,57.2784,0
pde,org::eclipse::pde::internal::runtime::OverlayIcon,29.0,0,1,21,21.0,0,80.0,7.0,9,6,188.0,116.0,20.8889,177.0,116.0,19.6667,11.0,6.0,1.22222,362.0,297.757,0
pde,org::eclipse::pde::internal::core::text::bundle::RequireBundleObject,24.0,14,3,36,57.0,0,91.0,9.0,6,4,60.0,30.0,10.0,40.0,32.0,6.66667,20.0,24.0,3.33333,150.429,84.6548,0
pde,org::eclipse::pde::internal::ui::editor::target::LocationsSection,47.0,21,5,210,118.0,0,208.0,21.0,14,4,156.0,56.0,11.1429,136.0,74.0,9.71429,20.0,21.0,1.42857,137.143,65.6273,0
pde,org::eclipse::pde::internal::ui::search::dependencies::CalculateUsesAction,5.0,2,1,6,8.0,0,41.0,4.0,2,1,8.0,8.0,4.0,14.0,14.0,7.0,-6.0,0.0,-3.0,83.8571,49.7143,0
pde,org::eclipse::pde::internal::ui::editor::target::TargetDefinitionSection,24.0,15,3,120,89.0,0,191.0,16.0,14,4,327.0,142.0,23.3571,174.0,69.0,12.4286,153.0,137.0,10.9286,144.286,29.5933,0
pde,org::eclipse::pde::internal::ui::editor::cheatsheet::comp::CompCSInputContext,11.0,9,3,15,26.0,0,53.0,6.0,3,2,13.0,9.0,4.33333,23.0,21.0,7.66667,-10.0,2.0,-3.33333,99.2857,46.1099,0
pde,org::eclipse::pde::internal::ui::editor::toc::TocTreeSection,178.0,37,5,1225,341.0,0,828.0,50.0,23,5,3117.0,1110.0,135.522,802.0,376.0,34.8696,2315.0,1110.0,100.652,61.1429,4.58729,0
pde,org::eclipse::pde::internal::ui::refactoring::RefactoringPluginInfo,7.0,5,2,10,10.0,0,19.0,5.0,3,1,14.0,10.0,4.66667,4.0,4.0,1.33333,10.0,10.0,3.33333,45.8571,5.4898,0
pde,org::eclipse::pde::internal::core::util::IdUtil,57.0,25,1,28,45.0,0,85.0,8.0,13,5,162.0,53.0,12.4615,59.0,40.0,4.53846,103.0,53.0,7.92308,181.143,97.9771,1
pde,org::eclipse::pde::internal::ui::editor::feature::PluginDetailsSection,26.0,12,3,91,68.0,0,173.0,14.0,9,5,76.0,25.0,8.44444,74.0,26.0,8.22222,2.0,22.0,0.222222,188.429,99.1654,0
pde,org::eclipse::pde::internal::ui::tests::macro::ToggleStructuredCommand,7.0,5,3,10,9.0,2,19.0,5.0,4,3,9.0,6.0,2.25,14.0,6.0,3.5,-5.0,1.0,-1.25,183.857,100.286,0
pde,org::eclipse::pde::internal::core::target::LocationInfo,12.0,4,3,21,20.0,0,36.0,7.0,7,3,41.0,15.0,5.85714,22.0,8.0,3.14286,19.0,10.0,2.71429,144.0,20.1185,0
pde,org::eclipse::pde::internal::ui::nls::ExternalizeStringsWizard,2.0,2,1,1,5.0,0,12.0,2.0,9,3,104.0,45.0,11.5556,24.0,19.0,2.66667,80.0,45.0,8.88889,154.857,9.81319,0
pde,org::eclipse::pde::internal::ui::templates::osgi::OSGiSimpleLogServiceNewWizard,3.0,2,6,3,6.0,0,12.0,3.0,2,2,3.0,3.0,1.5,4.0,4.0,2.0,-1.0,0.0,-0.5,95.5714,58.5714,0
pde,org::eclipse::pde::internal::core::text::cheatsheet::simple::SimpleCSItem,31.0,3,6,465,62.0,0,97.0,31.0,13,3,463.0,293.0,35.6154,501.0,293.0,38.5385,-38.0,293.0,-2.92308,59.2857,1.1623,0
pde,org::eclipse::pde::internal::ui::editor::cheatsheet::simple::details::SimpleCSSubItemDetails,12.0,9,4,28,42.0,0,123.0,8.0,24,3,215.0,27.0,8.95833,461.0,279.0,19.2083,-246.0,22.0,-10.25,104.286,20.0897,0
pde,org::eclipse::pde::internal::core::builders::BuildErrorReporter,131.0,31,2,136,214.0,0,441.0,17.0,38,5,636.0,112.0,16.7368,415.0,83.0,10.9211,221.0,59.0,5.81579,133.571,33.6534,0
pde,org::eclipse::pde::internal::core::schema::SchemaAttribute,57.0,21,3,190,101.0,0,180.0,20.0,34,8,446.0,243.0,13.1176,417.0,176.0,12.2647,29.0,67.0,0.852941,335.286,160.52,0
pde,org::eclipse::pde::internal::ui::wizards::site::NewSiteProjectCreationOperation,16.0,11,1,28,53.0,0,390.0,8.0,14,4,133.0,35.0,9.5,118.0,48.0,8.42857,15.0,12.0,1.07143,194.143,49.3136,0
pde,org::eclipse::pde::ui::launcher::OSGiLaunchConfigurationDelegate,3.0,2,1,0,10.0,0,15.0,1.0,3,2,13.0,9.0,4.33333,18.0,16.0,6.0,-5.0,2.0,-1.66667,104.429,48.9231,1
pde,org::eclipse::pde::internal::core::cheatsheet::comp::CompCSModel,14.0,10,4,36,30.0,1,62.0,9.0,3,2,12.0,11.0,4.0,17.0,17.0,5.66667,-5.0,1.0,-1.66667,102.0,61.0238,0
pde,org::eclipse::pde::internal::core::text::cheatsheet::simple::SimpleCSPerformWhen,9.0,3,6,36,17.0,0,29.0,9.0,9,2,131.0,98.0,14.5556,135.0,98.0,15.0,-4.0,98.0,-0.444444,59.2857,0.994547,0
pde,org::eclipse::pde::internal::core::AbstractModelManager,7.0,8,1,10,11.0,2,21.0,5.0,8,4,126.0,60.0,15.75,24.0,13.0,3.0,102.0,60.0,12.75,92.5714,11.1236,0
pde,org::eclipse::pde::internal::ui::editor::schema::SchemaInputContextManager,4.0,2,2,3,6.0,0,10.0,3.0,7,4,21.0,10.0,3.0,23.0,16.0,3.28571,-2.0,10.0,-0.285714,227.429,26.0408,0
pde,org::eclipse::pde::internal::ui::editor::schema::SchemaSpecSection,11.0,8,3,36,44.0,0,79.0,9.0,25,8,297.0,89.0,11.88,315.0,129.0,12.6,-18.0,26.0,-0.72,335.286,162.38,0
pde,org::eclipse::pde::internal::core::builders::XMLErrorReporter,66.0,25,1,406,136.0,2,260.0,29.0,15,3,217.0,61.0,14.4667,119.0,65.0,7.93333,98.0,52.0,6.53333,133.571,32.6182,0
pde,org::eclipse::pde::internal::core::product::ProductModelFactory,12.0,12,1,66,23.0,0,36.0,12.0,14,4,78.0,13.0,5.57143,27.0,13.0,1.92857,51.0,12.0,3.64286,191.143,47.3278,1
pde,org::eclipse::pde::internal::ui::editor::actions::PDEActionConstants,0.0,0,1,0,0.0,0,0.0,0.0,5,4,5.0,2.0,1.0,3.0,2.0,0.6,2.0,2.0,0.4,110.143,29.6857,0
pde,org::eclipse::pde::internal::ui::editor::plugin::NewElementAction,5.0,9,1,3,17.0,0,27.0,3.0,25,7,250.0,142.0,10.0,377.0,122.0,15.08,-127.0,23.0,-5.08,227.429,56.7046,0
pde,org::eclipse::pde::internal::ui::editor::schema::SchemaSourcePage,10.0,6,4,45,19.0,0,39.0,10.0,20,8,138.0,25.0,6.9,88.0,14.0,4.4,50.0,21.0,2.5,335.286,155.316,0
pde,org::eclipse::pde::internal::ui::editor::text::PDEWordFinder,11.0,3,1,1,10.0,0,45.0,2.0,2,2,13.0,13.0,6.5,16.0,16.0,8.0,-3.0,0.0,-1.5,92.2857,58.1429,0
pde,org::eclipse::pde::internal::ui::editor::ctxhelp::CtxHelpEditor,49.0,16,3,300,82.0,0,186.0,25.0,3,1,72.0,55.0,24.0,8.0,6.0,2.66667,64.0,53.0,21.3333,33.4286,11.8611,0
pde,org::eclipse::pde::internal::ui::nls::ExternalizeStringsLabelProvider,9.0,3,1,6,11.0,0,26.0,4.0,10,3,129.0,64.0,12.9,33.0,21.0,3.3,96.0,64.0,9.6,154.857,7.37542,0
pde,org::eclipse::pde::internal::ui::util::OverlayIcon,3.0,0,2,1,4.0,0,9.0,2.0,7,6,20.0,10.0,2.85714,17.0,4.0,2.42857,3.0,6.0,0.428571,335.286,134.5,0
pde,org::eclipse::pde::internal::ui::parts::StatusInfo,17.0,0,1,136,20.0,0,59.0,17.0,7,6,47.0,28.0,6.71429,38.0,29.0,5.42857,9.0,10.0,1.28571,304.429,192.79,0
pde,org::eclipse::pde::internal::core::RequiredPluginsClasspathContainer,108.0,18,2,190,199.0,0,343.0,20.0,101,7,1457.0,263.0,14.4257,811.0,103.0,8.0297,646.0,247.0,6.39604,313.571,150.749,0
pde,org::eclipse::pde::internal::ui::tests::macro::WindowCommandTarget,3.0,3,2,3,6.0,1,10.0,3.0,2,2,2.0,2.0,1.0,2.0,2.0,1.0,0.0,0.0,0.0,183.857,148.0,0
pde,org::eclipse::pde::internal::ui::editor::feature::URLDetailsSection,45.0,13,3,153,84.0,0,176.0,18.0,4,3,18.0,9.0,4.5,48.0,26.0,12.0,-30.0,0.0,-7.5,188.429,80.5714,0
pde,org::eclipse::pde::internal::ui::editor::context::XMLInputContext,102.0,14,3,253,245.0,7,440.0,23.0,33,7,312.0,65.0,9.45454,252.0,80.0,7.63636,60.0,26.0,1.81818,227.429,124.027,0
pde,org::eclipse::pde::internal::ui::wizards::feature::CreateFeatureProjectOperation,4.0,10,2,1,11.0,1,16.0,2.0,4,2,13.0,10.0,3.25,4.0,2.0,1.0,9.0,10.0,2.25,133.429,21.7253,0
pde,org::eclipse::pde::internal::ui::editor::cheatsheet::simple::SimpleCSBlock,14.0,7,2,28,18.0,0,67.0,8.0,10,2,163.0,51.0,16.3,120.0,33.0,12.0,43.0,37.0,4.3,105.857,21.4733,0
pde,org::eclipse::pde::internal::ui::editor::plugin::ExtensionAttributePointDectector,32.0,10,1,66,39.0,0,123.0,12.0,5,2,58.0,26.0,11.6,109.0,60.0,21.8,-51.0,0.0,-10.2,95.0,31.399,0
pde,org::eclipse::pde::internal::core::text::bundle::ExecutionEnvironment,3.0,4,3,3,5.0,0,9.0,3.0,6,4,9.0,4.0,1.5,4.0,2.0,0.666667,5.0,3.0,0.833333,143.571,54.0159,0
pde,org::eclipse::pde::internal::ui::editor::contentassist::TypeCompletionProposal,14.0,4,1,66,22.0,0,68.0,12.0,13,4,128.0,46.0,9.84615,49.0,17.0,3.76923,79.0,45.0,6.07692,117.429,12.1808,0
pde,org::eclipse::pde::internal::ui::correction::RemoveImportPackageResolution,5.0,3,3,6,9.0,0,16.0,4.0,4,3,15.0,10.0,3.75,7.0,6.0,1.75,8.0,10.0,2.0,150.429,47.819,0
pde,org::eclipse::pde::internal::ui::util::TemplateFileGenerator,107.0,17,1,120,187.0,0,387.0,16.0,4,2,93.0,81.0,23.25,134.0,127.0,33.5,-41.0,6.0,-10.25,77.1429,37.5668,0
pde,org::eclipse::pde::internal::ui::wizards::product::TextEditUtilities,20.0,5,1,21,59.0,0,82.0,7.0,11,4,52.0,14.0,4.72727,41.0,18.0,3.72727,11.0,10.0,1.0,187.429,79.2912,0
pde,org::eclipse::pde::internal::ui::commands::CommandCopyFilter,8.0,1,1,36,19.0,0,25.0,9.0,3,2,51.0,47.0,17.0,45.0,41.0,15.0,6.0,6.0,2.0,104.857,66.1317,0
pde,org::eclipse::pde::internal::ui::correction::UnsupportedSingletonDirectiveResolution,6.0,3,3,6,7.0,0,19.0,4.0,3,2,5.0,3.0,1.66667,7.0,5.0,2.33333,-2.0,0.0,-0.666667,126.571,55.4571,0
pde,org::eclipse::pde::internal::ui::wizards::cheatsheet::RegisterSimpleCSWizardPage,3.0,3,2,3,5.0,0,9.0,3.0,3,2,17.0,14.0,5.66667,3.0,3.0,1.0,14.0,14.0,4.66667,97.4286,12.3445,0
pde,org::eclipse::pde::internal::core::cheatsheet::comp::CompCSTaskGroup,40.0,9,5,171,70.0,0,147.0,19.0,4,2,81.0,29.0,20.25,33.0,33.0,8.25,48.0,29.0,12.0,102.0,23.1517,0
pde,org::eclipse::pde::internal::core::product::JREInfo,35.0,6,3,21,65.0,0,104.0,7.0,10,1,272.0,97.0,27.2,227.0,153.0,22.7,45.0,75.0,4.5,84.5714,28.0924,0
pde,org::eclipse::pde::internal::ui::wizards::product::RemoveSplashHandlerBindingAction,33.0,9,1,78,44.0,0,137.0,13.0,3,2,93.0,47.0,31.0,68.0,64.0,22.6667,25.0,43.0,8.33333,76.0,24.6743,0
pde,org::eclipse::pde::internal::ui::editor::text::XMLWhitespaceDetector,4.0,2,1,1,2.0,0,3.0,2.0,6,5,7.0,3.0,1.16667,8.0,3.0,1.33333,-1.0,0.0,-0.166667,241.0,62.9592,0
pde,org::eclipse::pde::internal::ui::editor::SourceOutlinePage,20.0,2,2,45,36.0,0,95.0,10.0,23,7,232.0,64.0,10.087,131.0,30.0,5.69565,101.0,64.0,4.3913,227.429,99.9187,0
pde,org::eclipse::pde::internal::ui::editor::plugin::JavaAttributeWizard,17.0,5,1,21,35.0,1,71.0,7.0,15,6,166.0,53.0,11.0667,153.0,57.0,10.2,13.0,10.0,0.866667,227.429,101.021,0
pde,org::eclipse::pde::internal::core::ExtensionDeltaEvent,5.0,1,1,10,5.0,0,18.0,5.0,4,2,73.0,35.0,18.25,3.0,3.0,0.75,70.0,35.0,17.5,64.0,5.87084,0
pde,org::eclipse::pde::internal::core::text::bundle::FragmentHostHeader,5.0,5,5,10,10.0,0,15.0,5.0,5,2,86.0,41.0,17.2,4.0,4.0,0.8,82.0,41.0,16.4,151.0,5.54651,0
pde,org::eclipse::pde::internal::ui::editor::PDEProjectionViewer,17.0,1,1,10,15.0,0,57.0,5.0,2,2,17.0,17.0,8.5,25.0,25.0,12.5,-8.0,0.0,-4.0,92.2857,58.1429,0
pde,org::eclipse::pde::internal::core::build::BuildModelFactory,2.0,3,1,1,4.0,0,8.0,2.0,7,6,27.0,10.0,3.85714,19.0,8.0,2.71429,8.0,6.0,1.14286,335.286,169.429,0
pde,org::eclipse::pde::internal::core::PDEManager,23.0,15,1,15,36.0,0,69.0,6.0,13,4,254.0,102.0,19.5385,66.0,19.0,5.07692,188.0,102.0,14.4615,154.143,12.8639,0
pde,org::eclipse::pde::internal::ui::editor::target::LocationDialog,28.0,11,1,78,64.0,0,148.0,13.0,14,4,103.0,36.0,7.35714,91.0,52.0,6.5,12.0,18.0,0.857143,137.143,63.9806,0
pde,org::eclipse::pde::internal::ui::refactoring::PDERefactor,2.0,5,1,1,2.0,0,7.0,2.0,2,1,2.0,2.0,1.0,2.0,2.0,1.0,0.0,0.0,0.0,58.8571,24.7143,0
pde,org::eclipse::pde::internal::ui::views::dependencies::CalleesTreeContentProvider,11.0,3,4,10,12.0,0,35.0,5.0,6,2,35.0,17.0,5.83333,35.0,14.0,5.83333,0.0,5.0,0.0,108.143,42.6857,0
pde,org::eclipse::pde::internal::ui::editor::build::BuildPage,16.0,17,2,45,58.0,0,102.0,10.0,25,8,320.0,157.0,12.8,186.0,46.0,7.44,134.0,147.0,5.36,335.286,146.28,0
pde,org::eclipse::pde::internal::ui::wizards::tools::OrganizeManifestsAction,13.0,5,1,10,22.0,0,43.0,5.0,8,3,48.0,12.0,6.0,37.0,18.0,4.625,11.0,10.0,1.375,135.0,49.6696,0
pde,org::eclipse::pde::internal::ui::editor::cheatsheet::simple::details::SimpleCSDetails,11.0,8,4,21,27.0,0,81.0,7.0,17,2,126.0,25.0,7.41176,104.0,29.0,6.11765,22.0,20.0,1.29412,104.286,27.9819,0
pde,org::eclipse::pde::internal::ui::editor::plugin::ManifestSourcePage,28.0,18,4,78,55.0,0,101.0,13.0,47,7,468.0,68.0,9.95745,347.0,73.0,7.38298,121.0,28.0,2.57447,227.429,118.513,0
pde,org::eclipse::pde::internal::core::util::PropertiesUtil,37.0,13,1,15,56.0,0,156.0,6.0,15,5,187.0,72.0,12.4667,104.0,44.0,6.93333,83.0,60.0,5.53333,258.857,114.778,0
pde,org::eclipse::pde::internal::ui::editor::contentassist::display::HTML2TextReader,72.0,7,3,78,95.0,0,216.0,13.0,3,2,56.0,55.0,18.6667,67.0,66.0,22.3333,-11.0,0.0,-3.66667,110.857,75.3597,0
pde,org::eclipse::pde::ui::launcher::TracingTab,12.0,6,2,55,29.0,0,43.0,11.0,15,4,572.0,388.0,38.1333,357.0,329.0,23.8,215.0,388.0,14.3333,156.571,6.12712,0
pde,org::eclipse::pde::internal::ui::refactoring::RenamePluginProcessor,27.0,10,1,78,74.0,0,108.0,13.0,8,2,169.0,94.0,21.125,286.0,147.0,35.75,-117.0,37.0,-14.625,79.8571,15.2443,0
pde,org::eclipse::pde::internal::ui::correction::AddDefaultExecutionEnvironmentResolution,6.0,1,3,3,10.0,0,23.0,3.0,4,2,12.0,8.0,3.0,19.0,15.0,4.75,-7.0,0.0,-1.75,50.4286,9.33333,0
pde,org::eclipse::pde::internal::core::ClasspathUtilCore,53.0,39,1,91,99.0,0,146.0,14.0,103,8,1628.0,163.0,15.8058,2218.0,411.0,21.534,-590.0,56.0,-5.72815,295.429,85.5675,0
pde,org::eclipse::pde::internal::ui::editor::actions::CollapseAction,6.0,2,1,3,7.0,0,27.0,3.0,6,3,71.0,56.0,11.8333,27.0,10.0,4.5,44.0,50.0,7.33333,110.143,15.7706,0
pde,org::eclipse::pde::ui::templates::PluginReference,13.0,24,2,28,13.0,0,36.0,8.0,7,2,39.0,19.0,5.57143,22.0,11.0,3.14286,17.0,8.0,2.42857,43.4286,3.8315,0
pde,org::eclipse::pde::internal::ui::launcher::VMHelper,9.0,8,1,3,15.0,0,29.0,3.0,15,3,193.0,40.0,12.8667,240.0,62.0,16.0,-47.0,39.0,-3.13333,153.429,101.376,0
pde,org::eclipse::pde::internal::ui::refactoring::BundleManifestChange,45.0,20,1,78,104.0,0,183.0,13.0,23,4,692.0,179.0,30.087,578.0,115.0,25.1304,114.0,115.0,4.95652,158.286,21.4661,1
pde,org::eclipse::pde::internal::core::builders::SchemaTransformer,93.0,20,1,253,172.0,0,347.0,23.0,14,5,500.0,381.0,35.7143,393.0,280.0,28.0714,107.0,101.0,7.64286,335.286,214.931,1
pde,org::eclipse::pde::internal::core::natures::PDE,3.0,4,1,3,9.0,0,24.0,3.0,3,3,7.0,6.0,2.33333,13.0,12.0,4.33333,-6.0,0.0,-2.0,133.571,84.3878,0
pde,org::eclipse::pde::internal::ui::views::plugins::ImportActionGroup,19.0,5,1,10,31.0,0,51.0,5.0,5,3,46.0,20.0,9.2,78.0,31.0,15.6,-32.0,0.0,-6.4,108.143,44.8416,0
pde,org::eclipse::pde::internal::ui::refactoring::PluginManifestChange,35.0,19,1,10,61.0,0,111.0,5.0,17,4,227.0,50.0,13.3529,192.0,68.0,11.2941,35.0,36.0,2.05882,158.286,46.5261,0
pde,org::eclipse::pde::internal::core::target::TargetPlugin,9.0,6,3,21,14.0,0,26.0,7.0,4,3,27.0,16.0,6.75,4.0,3.0,1.0,23.0,13.0,5.75,144.0,16.8201,0
pde,org::eclipse::pde::internal::ui::wizards::cheatsheet::CSCategoryTrackerUtil,8.0,2,1,21,18.0,0,42.0,7.0,2,2,20.0,20.0,10.0,21.0,21.0,10.5,-1.0,0.0,-0.5,96.0,61.8571,0
pde,org::eclipse::pde::internal::ui::wizards::toc::RegisterTocOperation,50.0,30,1,136,123.0,0,304.0,17.0,3,2,121.0,90.0,40.3333,155.0,145.0,51.6667,-34.0,21.0,-11.3333,53.1429,14.4616,0
pde,org::eclipse::pde::internal::ui::search::PluginSearchPage,49.0,4,1,136,96.0,0,240.0,17.0,27,7,279.0,64.0,10.3333,344.0,120.0,12.7407,-65.0,15.0,-2.40741,305.286,154.25,0
pde,org::eclipse::pde::core::ModelChangedEvent,8.0,4,1,21,7.0,1,26.0,7.0,14,6,141.0,48.0,10.0714,106.0,73.0,7.57143,35.0,48.0,2.5,335.286,84.8956,1
pde,org::eclipse::pde::internal::ui::wizards::imports::BaseImportWizardSecondPage,45.0,17,1,105,94.0,2,162.0,15.0,37,6,368.0,78.0,9.94595,254.0,49.0,6.86486,114.0,78.0,3.08108,275.429,56.6002,1
pde,org::eclipse::pde::internal::ui::views::dependencies::DependenciesViewListPage,7.0,3,2,6,10.0,0,31.0,4.0,7,2,62.0,37.0,8.85714,55.0,36.0,7.85714,7.0,34.0,1.0,108.143,38.8387,0
pde,org::eclipse::pde::internal::ui::wizards::Category,7.0,2,1,6,11.0,0,23.0,4.0,8,7,51.0,28.0,6.375,41.0,25.0,5.125,10.0,6.0,1.25,335.286,212.451,0
pde,org::eclipse::pde::internal::ui::editor::plugin::ExportPackageVisibilitySection,62.0,23,5,171,118.0,0,251.0,19.0,30,6,928.0,216.0,30.9333,364.0,226.0,12.1333,564.0,216.0,18.8,180.571,47.9244,0
pde,org::eclipse::pde::internal::ui::editor::feature::DataSection,57.0,23,5,253,154.0,0,265.0,23.0,32,7,472.0,167.0,14.75,406.0,110.0,12.6875,66.0,57.0,2.0625,335.286,117.171,0
pde,org::eclipse::pde::internal::ui::wizards::tools::OrganizeManifestsWizardPage,36.0,8,1,120,95.0,0,283.0,16.0,10,4,221.0,94.0,22.1,132.0,59.0,13.2,89.0,65.0,8.9,135.0,75.8093,0
pde,org::eclipse::pde::internal::ui::editor::plugin::rows::ButtonAttributeRow,4.0,3,4,6,9.0,3,22.0,4.0,5,3,20.0,11.0,4.0,16.0,9.0,3.2,4.0,2.0,0.8,109.286,49.9,0
pde,org::eclipse::pde::internal::core::cheatsheet::comp::CompCSOnCompletion,3.0,2,5,3,4.0,0,10.0,3.0,2,2,1.0,1.0,0.5,2.0,2.0,1.0,-1.0,0.0,-0.5,102.0,65.8571,0
pde,org::eclipse::pde::internal::ui::editor::PDEDragAdapter,39.0,7,1,66,49.0,0,179.0,12.0,4,2,67.0,36.0,16.75,58.0,50.0,14.5,9.0,17.0,2.25,55.1429,12.3667,0
pde,org::eclipse::pde::internal::core::TargetPlatformResetJob,6.0,13,1,3,25.0,0,31.0,3.0,7,3,27.0,13.0,3.85714,22.0,13.0,3.14286,5.0,2.0,0.714286,72.5714,20.0317,0
pde,org::eclipse::pde::internal::ui::editor::feature::FeatureInputContext,15.0,13,4,45,42.0,0,93.0,10.0,14,7,63.0,22.0,4.5,59.0,32.0,4.21429,4.0,11.0,0.285714,227.429,114.15,1
pde,org::eclipse::pde::internal::ui::tests::macro::XMLDefaultHandler,15.0,9,1,55,44.0,0,60.0,11.0,4,3,114.0,102.0,28.5,115.0,109.0,28.75,-1.0,6.0,-0.25,179.0,133.52,0
pde,org::eclipse::pde::internal::ui::editor::text::PluginXMLTextHover,48.0,20,2,45,80.0,0,125.0,10.0,9,3,150.0,51.0,16.6667,112.0,63.0,12.4444,38.0,18.0,4.22222,106.286,28.0886,0
pde,org::eclipse::pde::internal::ui::search::ClassSearchParticipant,66.0,20,1,91,99.0,0,188.0,14.0,14,4,173.0,63.0,12.3571,220.0,110.0,15.7143,-47.0,10.0,-3.35714,151.429,51.9075,1
pde,org::eclipse::pde::internal::core::feature::IdentifiableObject,7.0,11,3,10,14.0,3,23.0,5.0,13,7,43.0,11.0,3.30769,29.0,5.0,2.23077,14.0,7.0,1.07692,335.286,101.947,0
pde,org::eclipse::pde::internal::ui::editor::text::PluginXMLConfiguration,9.0,5,3,6,13.0,0,26.0,4.0,9,3,34.0,17.0,3.77778,25.0,16.0,2.77778,9.0,16.0,1.0,112.286,17.4034,0
pde,org::eclipse::pde::internal::core::plugin::AbbreviatedFragmentModel,2.0,1,9,1,4.0,0,8.0,2.0,2,2,8.0,8.0,4.0,9.0,9.0,4.5,-1.0,0.0,-0.5,96.0,59.8571,0
pde,org::eclipse::pde::internal::ui::wizards::extension::NewExtensionPointWizard,5.0,4,2,6,11.0,1,21.0,4.0,13,7,67.0,20.0,5.15385,44.0,8.0,3.38462,23.0,13.0,1.76923,335.286,126.104,0
pde,org::eclipse::pde::internal::ui::tests::macro::MacroInstruction,10.0,5,1,21,11.0,2,31.0,7.0,2,2,36.0,36.0,18.0,36.0,36.0,18.0,0.0,0.0,0.0,179.0,143.143,0
pde,org::eclipse::pde::internal::core::plugin::WorkspacePluginModelBase,24.0,14,7,153,43.0,3,92.0,18.0,30,8,164.0,51.0,5.46667,161.0,69.0,5.36667,3.0,35.0,0.1,335.286,137.362,1
pde,org::eclipse::pde::internal::ui::wizards::plugin::NewFragmentProjectWizard,8.0,12,2,21,30.0,0,60.0,7.0,19,7,174.0,85.0,9.15789,85.0,24.0,4.47368,89.0,76.0,4.68421,240.714,47.1034,0
pde,org::eclipse::pde::internal::ui::editor::FormEntryAdapter,11.0,20,2,36,22.0,10,33.0,9.0,10,5,52.0,15.0,5.2,32.0,6.0,3.2,20.0,11.0,2.0,227.429,82.8819,0
pde,org::eclipse::pde::internal::ui::editor::plugin::PluginInputContext,25.0,13,4,21,60.0,0,99.0,7.0,20,7,118.0,25.0,5.9,107.0,33.0,5.35,11.0,12.0,0.55,227.429,75.0387,0
pde,org::eclipse::pde::internal::ui::correction::AppendSeperatorBuildEntryResolution,3.0,3,3,3,6.0,0,13.0,3.0,4,2,11.0,10.0,2.75,5.0,4.0,1.25,6.0,10.0,1.5,130.857,11.9091,0
pde,org::eclipse::pde::internal::core::target::EnvironmentInfo,48.0,5,3,120,71.0,0,96.0,16.0,3,3,17.0,10.0,5.66667,8.0,8.0,2.66667,9.0,10.0,3.0,138.429,48.5882,0
pde,org::eclipse::pde::internal::core::plugin::PluginObject,63.0,33,2,496,76.0,4,162.0,32.0,47,8,294.0,36.0,6.25532,248.0,45.0,5.2766,46.0,20.0,0.978723,335.286,154.517,0
pde,org::eclipse::pde::internal::ui::util::AbstractOverlayIcon,29.0,0,1,28,23.0,2,79.0,8.0,7,6,22.0,11.0,3.14286,14.0,5.0,2.0,8.0,6.0,1.14286,335.286,133.468,0
pde,org::eclipse::pde::internal::ui::tests::macro::ExpansionCommand,12.0,3,4,21,19.0,0,36.0,7.0,4,3,22.0,11.0,5.5,15.0,10.0,3.75,7.0,6.0,1.75,183.857,108.636,0
pde,org::eclipse::pde::internal::ui::editor::product::IntroSection,41.0,24,3,105,115.0,0,194.0,15.0,34,4,399.0,90.0,11.7353,393.0,71.0,11.5588,6.0,78.0,0.176471,158.286,45.0279,1
pde,org::eclipse::pde::internal::ui::wizards::exports::ProductConfigurationSection,49.0,8,1,66,84.0,0,183.0,12.0,13,4,581.0,254.0,44.6923,88.0,73.0,6.76923,493.0,254.0,37.9231,140.0,10.5815,0
pde,org::eclipse::pde::internal::core::BinaryRepositoryProvider,15.0,2,1,45,20.0,0,51.0,10.0,17,7,98.0,23.0,5.76471,94.0,51.0,5.52941,4.0,13.0,0.235294,302.0,130.593,1
pde,org::eclipse::pde::internal::core::util::PatternConstructor,7.0,13,1,6,16.0,0,24.0,4.0,5,4,36.0,19.0,7.2,26.0,16.0,5.2,10.0,15.0,2.0,192.0,71.6508,0
pde,org::eclipse::pde::internal::ui::editor::plugin::ManifestHyperlinkDetector,22.0,17,2,6,43.0,0,77.0,4.0,16,4,192.0,47.0,12.0,164.0,48.0,10.25,28.0,40.0,1.75,118.143,19.2046,0
pde,org::eclipse::pde::internal::ui::views::plugins::PluginsView,139.0,44,1,820,284.0,0,739.0,41.0,13,2,572.0,186.0,44.0,475.0,278.0,36.5385,97.0,72.0,7.46154,108.143,50.7845,1
pde,org::eclipse::pde::internal::ui::tests::macro::ModifyCommand,23.0,7,2,36,41.0,0,78.0,9.0,5,3,22.0,9.0,4.4,16.0,6.0,3.2,6.0,5.0,1.2,183.857,78.2013,0
pde,org::eclipse::pde::internal::ui::nls::GetNonExternalizedStringsAction,7.0,7,1,10,17.0,0,33.0,5.0,10,3,225.0,93.0,22.5,68.0,34.0,6.8,157.0,93.0,15.7,154.0,11.4775,0
pde,org::eclipse::pde::internal::ui::wizards::tools::OrganizeManifestsWizard,3.0,3,1,3,9.0,0,16.0,3.0,9,4,36.0,10.0,4.0,46.0,24.0,5.11111,-10.0,10.0,-1.11111,135.0,43.4921,0
pde,org::eclipse::pde::internal::ui::editor::cheatsheet::comp::CompCSEditor,19.0,7,4,120,36.0,0,69.0,16.0,9,3,62.0,22.0,6.88889,29.0,20.0,3.22222,33.0,22.0,3.66667,99.2857,19.9816,0
pde,org::eclipse::pde::internal::ui::templates::osgi::OSGiSimpleLogServiceTemplate,8.0,3,5,28,14.0,0,30.0,8.0,2,2,16.0,16.0,8.0,25.0,25.0,12.5,-9.0,0.0,-4.5,95.5714,58.5714,0
pde,org::eclipse::pde::internal::ui::editor::toc::TocInputContext,10.0,8,4,15,30.0,0,50.0,6.0,8,3,356.0,126.0,44.5,131.0,106.0,16.375,225.0,126.0,28.125,61.1429,2.66132,0
pde,org::eclipse::pde::internal::ui::editor::feature::SynchronizeVersionsWizard,3.0,3,1,3,8.0,0,14.0,3.0,10,7,40.0,17.0,4.0,34.0,16.0,3.4,6.0,6.0,0.6,335.286,192.589,0
pde,org::eclipse::pde::internal::core::text::DocumentElementNode,109.0,51,2,2080,195.0,3,457.0,65.0,8,2,240.0,123.0,30.0,235.0,146.0,29.375,5.0,23.0,0.625,56.4286,11.6048,1
pde,org::eclipse::pde::internal::ui::templates::rcp::HelloRCPNewWizard,2.0,2,6,1,5.0,0,7.0,2.0,2,2,2.0,2.0,1.0,2.0,2.0,1.0,0.0,0.0,0.0,95.5714,58.5714,0
pde,org::eclipse::pde::internal::core::ClasspathHelper,85.0,28,1,45,181.0,0,277.0,10.0,29,4,667.0,165.0,23.0,471.0,127.0,16.2414,196.0,117.0,6.75862,183.0,87.0685,0
pde,org::eclipse::pde::ui::launcher::EclipseApplicationLaunchConfiguration,43.0,16,2,45,137.0,0,188.0,10.0,45,5,1358.0,384.0,30.1778,809.0,241.0,17.9778,549.0,384.0,12.2,156.571,16.6716,0
pde,org::eclipse::pde::internal::ui::parts::SharedPartWithButtons,25.0,40,2,66,34.0,2,71.0,12.0,15,7,167.0,39.0,11.1333,136.0,43.0,9.06667,31.0,14.0,2.06667,335.286,196.612,0
pde,org::eclipse::pde::internal::ui::editor::text::AnnotationModelFactory,2.0,2,1,0,4.0,0,7.0,1.0,5,3,5.0,2.0,1.0,6.0,2.0,1.2,-1.0,0.0,-0.2,151.429,55.8286,0
pde,org::eclipse::pde::internal::ui::search::dependencies::DependencyExtentOperation,25.0,9,1,15,45.0,0,90.0,6.0,20,4,99.0,29.0,4.95,92.0,57.0,4.6,7.0,17.0,0.35,201.286,84.8211,0
pde,org::eclipse::pde::internal::ui::wizards::toc::RegisterTocWizard,5.0,3,1,10,13.0,0,27.0,5.0,2,2,13.0,13.0,6.5,16.0,16.0,8.0,-3.0,0.0,-1.5,53.1429,19.0,0
pde,org::eclipse::ui::internal::views::log::LogViewLabelProvider,31.0,9,1,21,34.0,0,89.0,7.0,8,1,113.0,34.0,14.125,87.0,32.0,10.875,26.0,23.0,3.25,49.4286,10.3603,0
pde,org::eclipse::pde::core::plugin::ModelEntry,26.0,25,1,36,39.0,1,78.0,9.0,7,3,127.0,87.0,18.1429,34.0,25.0,4.85714,93.0,87.0,13.2857,85.2857,11.5861,0
pde,org::eclipse::pde::internal::ui::search::dialogs::PluginArtifactSearchHandler,6.0,4,1,1,17.0,0,26.0,2.0,3,2,15.0,12.0,5.0,14.0,7.0,4.66667,1.0,5.0,0.333333,39.5714,8.85714,1
pde,org::eclipse::pde::internal::core::TargetWeaver,23.0,10,1,6,37.0,0,76.0,4.0,4,3,14.0,14.0,3.5,87.0,39.0,21.75,-73.0,5.0,-18.25,20.2857,0.285714,0
pde,org::eclipse::pde::internal::ui::parts::PDESourceViewer,28.0,11,1,66,52.0,0,139.0,12.0,2,2,30.0,30.0,15.0,43.0,43.0,21.5,-13.0,0.0,-6.5,60.1429,26.0,0
pde,org::eclipse::pde::internal::ui::editor::plugin::ExtensionPointDetails,38.0,14,3,136,82.0,0,272.0,17.0,26,9,264.0,72.0,10.1538,254.0,104.0,9.76923,10.0,28.0,0.384615,227.429,101.446,1
pde,org::eclipse::pde::internal::ui::templates::ide::HelloWorldCmdNewWizard,3.0,2,6,3,6.0,0,10.0,3.0,2,2,2.0,2.0,1.0,2.0,2.0,1.0,0.0,0.0,0.0,72.1429,35.1429,0
pde,org::eclipse::pde::internal::ui::editor::plugin::LoopDialog,5.0,4,1,10,15.0,0,38.0,5.0,13,6,79.0,19.0,6.07692,53.0,22.0,4.07692,26.0,9.0,2.0,227.429,129.101,0
pde,org::eclipse::pde::internal::ui::editor::plugin::MissingResourcePage,3.0,2,2,1,6.0,0,17.0,2.0,3,2,13.0,10.0,4.33333,7.0,7.0,2.33333,6.0,10.0,2.0,124.286,21.6813,0
pde,org::eclipse::pde::internal::ui::editor::cheatsheet::simple::actions::SimpleCSRemoveSubStepAction,11.0,4,1,10,16.0,0,46.0,5.0,4,2,82.0,55.0,20.5,33.0,22.0,8.25,49.0,50.0,12.25,105.0,14.7422,0
pde,org::eclipse::pde::internal::ui::wizards::exports::BaseExportWizardPage,53.0,17,2,406,126.0,2,199.0,29.0,79,7,2331.0,256.0,29.5063,2386.0,453.0,30.2025,-55.0,132.0,-0.696202,297.571,88.0706,1
pde,org::eclipse::pde::internal::ui::editor::site::CategoryDetailsSection,49.0,14,3,136,104.0,0,217.0,17.0,10,4,106.0,55.0,10.6,138.0,53.0,13.8,-32.0,4.0,-3.2,194.571,49.8814,0
pde,org::eclipse::pde::internal::ui::wizards::imports::FeatureImportOperation,35.0,18,1,36,98.0,0,176.0,9.0,23,9,263.0,59.0,11.4348,235.0,92.0,10.2174,28.0,45.0,1.21739,299.429,122.481,0
pde,org::eclipse::pde::internal::ui::editor::schema::DocSection,54.0,17,3,190,123.0,0,239.0,20.0,42,9,785.0,242.0,18.6905,837.0,212.0,19.9286,-52.0,30.0,-1.2381,335.286,86.4495,0
pde,org::eclipse::pde::internal::ui::editor::OpenManifestAction,12.0,3,1,10,19.0,0,53.0,5.0,9,2,42.0,14.0,4.66667,40.0,28.0,4.44444,2.0,14.0,0.222222,128.143,50.9252,0
pde,org::eclipse::pde::internal::core::plugin::IdentifiablePluginObject,7.0,6,3,10,12.0,3,22.0,5.0,13,8,61.0,23.0,4.69231,41.0,19.0,3.15385,20.0,13.0,1.53846,335.286,207.827,0
pde,org::eclipse::pde::internal::ui::editor::feature::URLSection,37.0,23,5,171,128.0,0,236.0,19.0,18,6,515.0,266.0,28.6111,485.0,289.0,26.9444,30.0,83.0,1.66667,335.286,117.004,0
pde,org::eclipse::pde::internal::ui::search::dependencies::AddNewDependenciesOperation,93.0,27,1,153,209.0,2,329.0,18.0,14,3,172.0,85.0,12.2857,205.0,138.0,14.6429,-33.0,22.0,-2.35714,128.429,57.289,1
pde,org::eclipse::pde::internal::ui::editor::cheatsheet::simple::actions::SimpleCSRemoveStepAction,8.0,3,1,10,11.0,0,38.0,5.0,4,2,40.0,34.0,10.0,10.0,8.0,2.5,30.0,33.0,7.5,105.0,13.6643,0
pde,org::eclipse::pde::internal::ui::search::dependencies::CalculateUsesOperation,38.0,10,1,45,80.0,0,151.0,10.0,5,2,41.0,31.0,8.2,54.0,52.0,10.8,-13.0,6.0,-2.6,84.0,38.3798,0
pde,org::eclipse::pde::internal::ui::launcher::OSGiMigrationDelegate,7.0,3,2,1,18.0,0,19.0,2.0,3,2,19.0,17.0,6.33333,23.0,20.0,7.66667,-4.0,0.0,-1.33333,71.5714,6.2406,0
pde,org::eclipse::pde::internal::ui::editor::ctxhelp::details::CtxHelpCommandDetails,11.0,4,4,28,25.0,0,54.0,8.0,1,1,0.0,0.0,0.0,0.0,0.0,0.0,0.0,0.0,0.0,33.4286,0.0,0
pde,org::eclipse::pde::internal::ui::ShowErrorInStackTraceConsoleAction,9.0,2,1,3,10.0,0,24.0,3.0,1,1,0.0,0.0,0.0,0.0,0.0,0.0,0.0,0.0,0.0,4.42857,0.0,0
pde,org::eclipse::pde::internal::ui::editor::AbstractFoldingStructureProvider,14.0,2,2,21,33.0,3,53.0,7.0,5,2,199.0,93.0,39.8,19.0,18.0,3.8,180.0,93.0,36.0,122.429,5.79756,0
pde,org::eclipse::pde::internal::ui::wizards::WizardElement,32.0,17,3,91,42.0,0,103.0,14.0,18,7,227.0,103.0,12.6111,163.0,90.0,9.05556,64.0,30.0,3.55556,335.286,119.741,0
pde,org::eclipse::pde::internal::ui::editor::text::ArgumentRule,4.0,2,1,3,7.0,0,16.0,3.0,2,2,3.0,3.0,1.5,8.0,8.0,4.0,-5.0,0.0,-2.5,147.571,113.429,0
pde,org::eclipse::pde::internal::ui::correction::RemoveLazyLoadingDirectiveResolution,3.0,2,3,3,5.0,0,10.0,3.0,2,2,5.0,5.0,2.5,9.0,9.0,4.5,-4.0,0.0,-2.0,36.0,3.0,0
pde,org::eclipse::pde::internal::ui::views::dependencies::HistoryListDialog,14.0,5,1,36,36.0,0,140.0,9.0,6,2,38.0,34.0,6.33333,64.0,60.0,10.6667,-26.0,0.0,-4.33333,108.143,68.5188,0
pde,org::eclipse::pde::internal::ui::tests::macro::RecordAction,9.0,3,1,28,24.0,0,31.0,8.0,4,3,6.0,3.0,1.5,10.0,4.0,2.5,-4.0,0.0,-1.0,183.857,133.0,0
pde,org::eclipse::pde::internal::ui::tests::macro::CommandTarget,7.0,10,1,10,9.0,3,21.0,5.0,4,3,10.0,5.0,2.5,7.0,3.0,1.75,3.0,2.0,0.75,183.857,119.6,0
pde,org::eclipse::pde::internal::ui::search::PreviewReferenceAction,7.0,3,1,6,10.0,0,21.0,4.0,8,6,40.0,13.0,5.0,35.0,20.0,4.375,5.0,10.0,0.625,294.0,95.9214,0
pde,org::eclipse::pde::internal::ui::editor::target::ContentPage,4.0,5,2,6,13.0,0,22.0,4.0,5,3,23.0,10.0,4.6,11.0,10.0,2.2,12.0,10.0,2.4,85.4286,29.4472,0
pde,org::eclipse::pde::internal::ui::wizards::extension::BaseExtensionPointMainPage,49.0,23,1,210,126.0,2,385.0,21.0,54,10,1084.0,181.0,20.0741,901.0,140.0,16.6852,183.0,124.0,3.38889,335.286,140.557,0
pde,org::eclipse::pde::internal::ui::wizards::exports::JNLPTab,15.0,1,1,45,28.0,0,85.0,10.0,7,3,309.0,137.0,44.1429,42.0,37.0,6.0,267.0,137.0,38.1429,140.0,9.98104,0
pde,org::eclipse::pde::internal::core::plugin::WorkspaceExtensionsModel,23.0,10,7,171,41.0,0,82.0,19.0,25,8,152.0,49.0,6.08,179.0,67.0,7.16,-27.0,24.0,-1.08,258.857,78.625,1
pde,org::eclipse::pde::internal::ui::editor::text::XMLPartitionScanner,1.0,3,1,0,6.0,0,6.0,1.0,12,6,25.0,4.0,2.08333,36.0,15.0,3.0,-11.0,3.0,-0.916667,241.0,72.7657,0
pde,org::eclipse::pde::internal::ui::nls::ModelChangeFile,7.0,5,1,15,7.0,0,20.0,6.0,7,3,87.0,32.0,12.4286,8.0,4.0,1.14286,79.0,32.0,11.2857,154.857,13.8966,0
pde,org::eclipse::pde::internal::core::builders::FragmentErrorReporter,6.0,4,5,3,12.0,0,19.0,3.0,3,3,10.0,9.0,3.33333,11.0,10.0,3.66667,-1.0,0.0,-0.333333,133.571,88.3,0
pde,org::eclipse::pde::internal::ui::correction::UpdateClasspathResolution,4.0,2,2,6,7.0,0,17.0,4.0,5,4,14.0,10.0,2.8,4.0,2.0,0.8,10.0,10.0,2.0,125.286,18.4898,0
pde,org::eclipse::pde::internal::ui::editor::plugin::DependencyAnalysisSection,15.0,8,3,10,31.0,0,59.0,5.0,29,6,184.0,35.0,6.34483,223.0,41.0,7.68966,-39.0,30.0,-1.34483,227.429,64.1933,1
pde,org::eclipse::pde::internal::core::AbstractModel,28.0,37,3,210,47.0,7,78.0,21.0,37,9,352.0,83.0,9.51351,319.0,74.0,8.62162,33.0,17.0,0.891892,335.286,139.881,0
pde,org::eclipse::pde::internal::ui::editor::context::ManifestDocumentSetupParticipant,3.0,4,1,3,7.0,0,10.0,3.0,7,3,66.0,26.0,9.42857,7.0,5.0,1.0,59.0,26.0,8.42857,150.0,6.27489,0
pde,org::eclipse::pde::internal::core::PDEState,88.0,30,2,435,220.0,0,343.0,30.0,141,7,3012.0,537.0,21.3617,2790.0,656.0,19.7872,222.0,446.0,1.57447,233.143,68.9672,1
pde,org::eclipse::pde::internal::ui::editor::plugin::BlankQuery,6.0,4,1,15,10.0,0,19.0,6.0,4,3,16.0,10.0,4.0,10.0,8.0,2.5,6.0,10.0,1.5,131.286,26.875,0
pde,org::eclipse::pde::internal::ui::editor::cheatsheet::simple::SimpleCSMasterTreeSection,177.0,32,5,703,325.0,0,788.0,38.0,25,3,1322.0,560.0,52.88,609.0,327.0,24.36,713.0,559.0,28.52,99.2857,41.9115,0
pde,org::eclipse::pde::internal::ui::correction::UpdateActivationResolution,11.0,7,3,6,30.0,0,50.0,4.0,3,1,45.0,28.0,15.0,28.0,22.0,9.33333,17.0,11.0,5.66667,34.2857,0.8,0
pde,org::eclipse::pde::internal::core::P2Utils,36.0,11,1,6,90.0,0,170.0,4.0,14,4,408.0,126.0,29.1429,147.0,30.0,10.5,261.0,103.0,18.6429,43.8571,19.9919,1
pde,org::eclipse::pde::internal::core::feature::FeatureObject,32.0,26,2,253,51.0,5,104.0,23.0,25,6,157.0,25.0,6.28,147.0,48.0,5.88,10.0,23.0,0.4,335.286,106.793,0
pde,org::eclipse::pde::internal::core::schema::StorageSchemaDescriptor,13.0,3,1,36,18.0,0,40.0,9.0,9,6,72.0,37.0,8.0,42.0,12.0,4.66667,30.0,25.0,3.33333,294.143,101.081,0
pde,org::eclipse::pde::internal::ui::editor::product::FeatureSection,86.0,32,5,465,195.0,0,350.0,31.0,36,6,628.0,150.0,17.4444,271.0,92.0,7.52778,357.0,97.0,9.91667,188.571,58.167,1
pde,org::eclipse::pde::internal::ui::editor::PDEHyperlinkDetector,10.0,0,1,10,10.0,3,29.0,5.0,5,3,20.0,11.0,4.0,24.0,15.0,4.8,-4.0,0.0,-0.8,56.4286,13.7786,0
pde,org::eclipse::pde::internal::core::cheatsheet::comp::CompCSParam,21.0,5,4,105,31.0,0,71.0,15.0,5,3,17.0,8.0,3.4,15.0,13.0,3.0,2.0,8.0,0.4,102.0,32.1092,0
pde,org::eclipse::pde::internal::ui::editor::MultiSourceEditor,8.0,11,2,3,17.0,8,31.0,3.0,9,5,26.0,10.0,2.88889,23.0,12.0,2.55556,3.0,10.0,0.333333,227.429,60.044,0
pde,org::eclipse::pde::internal::ui::wizards::provisioner::update::UpdateSiteProvisionerWizard,6.0,5,3,6,19.0,0,33.0,4.0,9,3,133.0,104.0,14.7778,49.0,29.0,5.44444,84.0,100.0,9.33333,88.1429,10.247,0
pde,org::eclipse::pde::internal::ui::editor::context::InputContext,87.0,79,1,780,147.0,2,376.0,40.0,33,6,547.0,144.0,16.5758,345.0,125.0,10.4545,202.0,144.0,6.12121,227.429,97.2126,0
pde,org::eclipse::pde::internal::ui::editor::ctxhelp::details::CtxHelpDescriptionDetails,11.0,4,4,28,24.0,0,46.0,8.0,1,1,0.0,0.0,0.0,0.0,0.0,0.0,0.0,0.0,0.0,33.4286,0.0,0
pde,org::eclipse::pde::internal::core::text::cheatsheet::simple::SimpleCSDescription,7.0,3,5,21,11.0,0,21.0,7.0,9,2,118.0,75.0,13.1111,120.0,75.0,13.3333,-2.0,75.0,-0.222222,59.2857,0.784504,0
pde,org::eclipse::pde::internal::ui::commands::CommandComposerDialog,10.0,2,1,28,27.0,0,56.0,8.0,16,5,143.0,56.0,8.9375,103.0,39.0,6.4375,40.0,43.0,2.5,104.286,22.3427,0
pde,org::eclipse::pde::internal::ui::editor::ctxhelp::CtxHelpInputContextManager,3.0,2,2,1,4.0,0,10.0,2.0,1,1,0.0,0.0,0.0,0.0,0.0,0.0,0.0,0.0,0.0,33.4286,0.0,0
pde,org::eclipse::pde::internal::ui::editor::schema::NewReferenceAction,4.0,4,1,1,10.0,0,16.0,2.0,14,6,64.0,19.0,4.57143,51.0,19.0,3.64286,13.0,10.0,0.928571,335.286,163.783,0
pde,org::eclipse::pde::internal::core::builders::PDEBuilderHelper,11.0,6,1,1,18.0,0,38.0,2.0,3,1,22.0,18.0,7.33333,6.0,6.0,2.0,16.0,18.0,5.33333,51.2857,4.62338,0
pde,org::eclipse::pde::internal::ui::build::FeatureExportJob,7.0,5,1,15,28.0,3,53.0,6.0,25,5,125.0,18.0,5.0,723.0,632.0,28.92,-598.0,12.0,-23.92,170.286,38.0983,0
pde,org::eclipse::pde::internal::ui::editor::site::DescriptionSection,29.0,10,3,91,82.0,0,156.0,14.0,20,8,218.0,56.0,10.9,418.0,245.0,20.9,-200.0,31.0,-10.0,257.429,108.011,0
pde,org::eclipse::pde::internal::ui::editor::site::SiteEditorContributor,2.0,0,3,1,2.0,0,6.0,2.0,13,5,66.0,19.0,5.07692,100.0,39.0,7.69231,-34.0,10.0,-2.61538,302.571,30.6255,0
pde,org::eclipse::pde::internal::ui::preferences::CompilersPreferencePage,15.0,2,1,36,28.0,0,74.0,9.0,33,8,508.0,107.0,15.3939,548.0,302.0,16.6061,-40.0,72.0,-1.21212,301.286,101.663,0
pde,org::eclipse::pde::internal::ui::editor::schema::AbstractSchemaDetails,70.0,22,3,595,117.0,5,313.0,35.0,30,4,907.0,271.0,30.2333,217.0,74.0,7.23333,690.0,271.0,23.0,147.0,27.359,0
pde,org::eclipse::pde::internal::ui::wizards::exports::AbstractExportWizardPage,1.0,1,1,3,3.0,3,3.0,3.0,5,3,55.0,26.0,11.0,3.0,2.0,0.6,52.0,26.0,10.4,140.0,4.41558,0
pde,org::eclipse::pde::internal::ui::wizards::PluginSelectionDialog,27.0,22,1,36,61.0,0,95.0,9.0,15,6,147.0,56.0,9.8,98.0,28.0,6.53333,49.0,55.0,3.26667,246.571,158.308,0
pde,org::eclipse::pde::internal::ui::editor::plugin::PluginFoldingStructureProvider,5.0,3,3,1,11.0,0,21.0,2.0,5,3,179.0,83.0,35.8,20.0,14.0,4.0,159.0,83.0,31.8,122.429,7.58579,0
pde,org::eclipse::pde::internal::ui::templates::ide::HelloWorldTemplate,13.0,12,5,55,35.0,0,81.0,11.0,2,2,21.0,21.0,10.5,32.0,32.0,16.0,-11.0,0.0,-5.5,95.5714,58.5714,0
pde,org::eclipse::pde::internal::core::product::IntroInfo,9.0,5,3,10,12.0,0,22.0,5.0,3,2,6.0,5.0,2.0,4.0,3.0,1.33333,2.0,2.0,0.666667,158.286,31.5476,0
pde,org::eclipse::pde::internal::ui::templates::PDETemplateSection,21.0,27,4,36,47.0,25,63.0,9.0,7,4,29.0,17.0,4.14286,31.0,23.0,4.42857,-2.0,3.0,-0.285714,95.5714,38.9261,0
pde,org::eclipse::pde::internal::ui::editor::text::ChangeAwareSourceViewerConfiguration,22.0,11,1,66,39.0,3,98.0,12.0,16,5,256.0,58.0,16.0,70.0,46.0,4.375,186.0,58.0,11.625,149.857,52.9375,0
pde,org::eclipse::pde::internal::core::ant::ExportBuildListener,8.0,1,1,21,9.0,0,17.0,7.0,3,3,2.0,1.0,0.666667,2.0,1.0,0.666667,0.0,0.0,0.0,128.143,46.3571,0
pde,org::eclipse::ui::internal::views::log::Activator,6.0,5,1,15,11.0,0,44.0,6.0,3,1,9.0,7.0,3.0,6.0,6.0,2.0,3.0,2.0,1.0,49.4286,10.7778,0
pde,org::eclipse::pde::internal::core::text::cheatsheet::simple::SimpleCSCommand,9.0,3,7,36,14.0,0,28.0,9.0,9,2,180.0,136.0,20.0,223.0,136.0,24.7778,-43.0,136.0,-4.77778,59.2857,0.650794,0
pde,org::eclipse::pde::ui::templates::NewPluginTemplateWizard,4.0,1,5,6,6.0,18,12.0,4.0,13,6,89.0,43.0,6.84615,84.0,30.0,6.46154,5.0,30.0,0.384615,333.143,68.5746,0
pde,org::eclipse::pde::internal::ui::editor::toc::TocContentProvider,9.0,4,2,10,12.0,0,27.0,5.0,6,2,157.0,75.0,26.1667,9.0,6.0,1.5,148.0,75.0,24.6667,61.1429,2.09736,0
pde,org::eclipse::pde::internal::ui::editor::target::OpenTargetProfileAction,4.0,3,1,1,7.0,0,20.0,2.0,4,2,12.0,4.0,3.0,8.0,4.0,2.0,4.0,2.0,1.0,138.429,48.9524,0
pde,org::eclipse::pde::internal::runtime::spy::sections::ActivePartSection,9.0,9,1,1,38.0,0,80.0,2.0,8,1,42.0,10.0,5.25,58.0,18.0,7.25,-16.0,9.0,-2.0,52.2857,19.0714,0
pde,org::eclipse::pde::internal::ui::editor::contentassist::XMLCompletionProposal,93.0,19,1,210,134.0,0,405.0,21.0,32,5,2019.0,637.0,63.0937,843.0,299.0,26.3438,1176.0,637.0,36.75,114.857,7.78051,1
pde,org::eclipse::pde::ui::launcher::ConfigurationTab,12.0,3,2,45,27.0,0,52.0,10.0,19,5,602.0,394.0,31.6842,330.0,300.0,17.3684,272.0,394.0,14.3158,156.571,6.30043,0
pde,org::eclipse::pde::internal::ui::wizards::exports::JARSigningTab,18.0,2,1,45,30.0,0,117.0,10.0,8,3,401.0,181.0,50.125,50.0,44.0,6.25,351.0,181.0,43.875,140.0,8.57214,0
pde,org::eclipse::pde::internal::ui::views::plugins::PluginsDragAdapter,10.0,3,1,6,19.0,0,49.0,4.0,2,2,11.0,11.0,5.5,13.0,13.0,6.5,-2.0,0.0,-1.0,108.143,74.0,0
pde,org::eclipse::pde::internal::ui::tests::macro::MacroCommand,13.0,10,1,45,18.0,7,37.0,10.0,4,2,63.0,33.0,15.75,31.0,30.0,7.75,32.0,26.0,8.0,183.857,79.9728,0
pde,org::eclipse::pde::internal::ui::wizards::exports::FeatureExportWizardPage,33.0,9,3,153,70.0,0,97.0,18.0,43,8,541.0,87.0,12.5814,352.0,60.0,8.18605,189.0,62.0,4.39535,297.571,116.69,0
pde,org::eclipse::pde::internal::ui::parts::SharedPart,8.0,6,1,15,13.0,1,30.0,6.0,11,6,41.0,9.0,3.72727,46.0,16.0,4.18182,-5.0,4.0,-0.454545,335.286,137.794,0
pde,org::eclipse::pde::internal::core::builders::ManifestConsistencyChecker,56.0,18,1,55,101.0,0,230.0,11.0,22,5,571.0,224.0,25.9545,348.0,158.0,15.8182,223.0,165.0,10.1364,335.286,249.617,1
pde,org::eclipse::pde::internal::core::plugin::AbstractExtensionsModel,15.0,6,6,78,42.0,1,60.0,13.0,38,7,161.0,31.0,4.23684,175.0,37.0,4.60526,-14.0,21.0,-0.368421,258.857,100.646,0
pde,org::eclipse::pde::internal::ui::editor::contentassist::XMLContentAssistText,19.0,3,1,15,19.0,0,82.0,6.0,2,2,12.0,12.0,6.0,18.0,18.0,9.0,-6.0,0.0,-3.0,110.0,75.8571,0
pde,org::eclipse::pde::internal::ui::editor::cheatsheet::simple::actions::SimpleCSPreviewAction,6.0,7,1,6,15.0,0,39.0,4.0,2,2,11.0,11.0,5.5,20.0,20.0,10.0,-9.0,0.0,-4.5,64.4286,30.2857,0
pde,org::eclipse::pde::internal::core::plugin::AbbreviatedPluginModel,2.0,1,9,1,4.0,0,8.0,2.0,2,2,9.0,9.0,4.5,10.0,10.0,5.0,-1.0,0.0,-0.5,96.0,59.8571,0
pde,org::eclipse::pde::ui::launcher::AbstractPDELaunchConfiguration,39.0,16,1,171,112.0,2,180.0,19.0,31,3,911.0,304.0,29.3871,262.0,95.0,8.45161,649.0,304.0,20.9355,155.429,31.7155,1
pde,org::eclipse::pde::internal::core::text::cheatsheet::simple::SimpleCSOnCompletion,7.0,3,5,21,10.0,0,21.0,7.0,9,3,117.0,73.0,13.0,115.0,73.0,12.7778,2.0,73.0,0.222222,59.2857,1.02564,0
pde,org::eclipse::pde::internal::core::text::bundle::BundleLocalizationHeader,3.0,3,5,3,5.0,0,9.0,3.0,4,2,64.0,31.0,16.0,2.0,2.0,0.5,62.0,31.0,15.5,151.0,3.79688,0
pde,org::eclipse::pde::internal::core::feature::FeatureChild,56.0,14,4,325,123.0,0,208.0,26.0,28,7,525.0,93.0,18.75,227.0,64.0,8.10714,298.0,71.0,10.6429,331.714,69.1657,0
pde,org::eclipse::pde::internal::ui::search::FindPluginReferencesAction,8.0,4,1,6,18.0,0,28.0,4.0,15,6,78.0,16.0,5.2,83.0,30.0,5.53333,-5.0,10.0,-0.333333,305.0,108.108,0
pde,org::eclipse::pde::internal::ui::wizards::cheatsheet::NewCategoryNameDialog,13.0,1,1,78,32.0,0,80.0,13.0,3,3,28.0,18.0,9.33333,22.0,22.0,7.33333,6.0,10.0,2.0,97.4286,69.9694,0
pde,org::eclipse::pde::internal::core::text::cheatsheet::simple::SimpleCSSubItem,12.0,5,6,66,22.0,0,38.0,12.0,9,2,154.0,121.0,17.1111,160.0,121.0,17.7778,-6.0,121.0,-0.666667,59.2857,0.538033,0
pde,org::eclipse::pde::internal::core::ExternalFeatureModelManager,38.0,16,1,136,69.0,0,132.0,17.0,9,5,93.0,55.0,10.3333,54.0,24.0,6.0,39.0,31.0,4.33333,187.143,67.298,1
pde,org::eclipse::pde::internal::ui::editor::toc::TocHTMLTitleUtil,4.0,7,1,1,18.0,0,39.0,2.0,4,2,145.0,62.0,36.25,25.0,25.0,6.25,120.0,62.0,30.0,59.0,3.90542,0
pde,org::eclipse::pde::internal::ui::launcher::JUnitProgramBlock,11.0,5,2,15,24.0,0,38.0,6.0,11,2,182.0,75.0,16.5455,32.0,18.0,2.90909,150.0,75.0,13.6364,156.429,16.0526,0
pde,org::eclipse::pde::internal::ui::preferences::OSGiFrameworkPreferencePage,6.0,4,1,15,20.0,0,79.0,6.0,8,3,39.0,28.0,4.875,63.0,44.0,7.875,-24.0,3.0,-3.0,104.429,61.1245,1
pde,org::eclipse::pde::internal::ui::editor::build::BuildContentsSection,127.0,22,5,465,181.0,2,396.0,31.0,28,7,1082.0,181.0,38.6429,952.0,236.0,34.0,130.0,98.0,4.64286,263.429,53.422,0
pde,org::eclipse::pde::ui::launcher::AbstractLauncherTab,5.0,6,1,15,11.0,6,17.0,6.0,10,3,168.0,56.0,16.8,29.0,17.0,2.9,139.0,56.0,13.9,156.0,14.6463,0
pde,org::eclipse::pde::internal::ui::editor::product::ConfigurationSection,33.0,19,3,120,107.0,0,226.0,16.0,22,6,447.0,107.0,20.3182,170.0,58.0,7.72727,277.0,102.0,12.5909,189.429,66.4506,0
pde,org::eclipse::pde::internal::ui::search::SearchResult,25.0,10,1,55,45.0,1,77.0,11.0,14,4,61.0,19.0,4.35714,48.0,20.0,3.42857,13.0,10.0,0.928571,201.286,70.5035,0
pde,org::eclipse::pde::internal::ui::templates::ide::EditorTemplate,20.0,15,6,66,47.0,0,91.0,12.0,5,3,26.0,23.0,5.2,42.0,38.0,8.4,-16.0,0.0,-3.2,95.5714,55.3571,0
pde,org::eclipse::pde::internal::ui::editor::site::CategorySection,122.0,34,5,741,273.0,0,595.0,39.0,46,8,1922.0,460.0,41.7826,1239.0,292.0,26.9348,683.0,304.0,14.8478,302.286,111.785,0
pde,org::eclipse::pde::internal::ui::wizards::toc::TocWizardPage,7.0,3,2,10,12.0,0,33.0,5.0,7,2,221.0,100.0,31.5714,60.0,42.0,8.57143,161.0,100.0,23.0,61.1429,2.87072,0
pde,org::eclipse::pde::internal::ui::samples::ShowTargetPlatformAction,1.0,2,1,0,5.0,0,14.0,1.0,2,2,4.0,4.0,2.0,6.0,6.0,3.0,-2.0,0.0,-1.0,151.143,117.0,0
pde,org::eclipse::pde::internal::ui::templates::ide::ImportWizardTemplate,17.0,13,5,78,47.0,0,114.0,13.0,3,2,41.0,39.0,13.6667,70.0,68.0,23.3333,-29.0,0.0,-9.66667,95.5714,58.2578,0
pde,org::eclipse::pde::internal::ui::wizards::cheatsheet::NewCSFileWizard,8.0,3,1,15,19.0,1,39.0,6.0,2,2,11.0,11.0,5.5,14.0,14.0,7.0,-3.0,0.0,-1.5,98.0,63.8571,0
pde,org::eclipse::pde::internal::ui::editor::toc::TocEditor,58.0,15,3,435,96.0,0,236.0,30.0,12,5,827.0,301.0,68.9167,139.0,98.0,11.5833,688.0,301.0,57.3333,61.1429,5.90672,0
pde,org::eclipse::pde::internal::ui::editor::site::ArchivePage,3.0,7,2,3,15.0,0,23.0,3.0,21,9,122.0,42.0,5.80952,86.0,15.0,4.09524,36.0,27.0,1.71429,302.571,110.289,0
pde,org::eclipse::pde::internal::ui::editor::feature::FeatureDependenciesPage,4.0,6,2,6,18.0,0,45.0,4.0,12,4,47.0,14.0,3.91667,50.0,17.0,4.16667,-3.0,14.0,-0.25,188.429,89.0882,0
pde,org::eclipse::pde::internal::ui::wizards::exports::AbstractExportTab,13.0,7,1,21,29.0,2,37.0,7.0,6,3,157.0,73.0,26.1667,15.0,12.0,2.5,142.0,73.0,23.6667,140.0,5.80983,1
pde,org::eclipse::pde::internal::core::text::ctxhelp::CtxHelpTopic,13.0,8,5,45,17.0,0,38.0,10.0,1,1,0.0,0.0,0.0,0.0,0.0,0.0,0.0,0.0,0.0,33.4286,0.0,0
pde,org::eclipse::pde::internal::ui::wizards::toc::RegisterTocWizardPage,35.0,13,1,153,73.0,0,162.0,18.0,3,2,54.0,38.0,18.0,121.0,68.0,40.3333,-67.0,0.0,-22.3333,53.1429,13.7513,0
pde,org::eclipse::pde::internal::core::plugin::PluginReference,12.0,6,1,15,12.0,1,35.0,6.0,18,9,90.0,26.0,5.0,49.0,20.0,2.72222,41.0,10.0,2.27778,335.286,184.081,0
pde,org::eclipse::pde::internal::core::target::TargetJRE,34.0,5,3,45,50.0,0,106.0,10.0,3,3,40.0,30.0,13.3333,30.0,30.0,10.0,10.0,10.0,3.33333,138.429,79.4643,1
pde,org::eclipse::pde::internal::ui::compare::ManifestStructureCreator,28.0,7,1,91,60.0,0,138.0,14.0,12,3,301.0,65.0,25.0833,273.0,123.0,22.75,28.0,59.0,2.33333,144.429,45.9606,0
pde,org::eclipse::pde::internal::core::SourceLocationKey,10.0,2,1,3,9.0,0,23.0,3.0,0,0,0.0,0.0,0.0,0.0,0.0,0.0,0.0,0.0,0.0,0.0,0.0,1
pde,org::eclipse::pde::internal::core::text::plugin::PluginExtensionPointNode,16.0,10,4,66,34.0,0,47.0,12.0,13,5,243.0,91.0,18.6923,29.0,10.0,2.23077,214.0,91.0,16.4615,151.143,20.1869,1
pde,org::eclipse::pde::internal::core::plugin::ExternalFragmentModel,3.0,4,8,6,7.0,0,11.0,4.0,14,8,53.0,23.0,3.78571,43.0,15.0,3.07143,10.0,8.0,0.714286,335.286,110.288,0
pde,org::eclipse::pde::internal::ui::preferences::PDEPreferencesUtil,2.0,1,1,0,4.0,0,15.0,1.0,7,3,11.0,4.0,1.57143,16.0,7.0,2.28571,-5.0,1.0,-0.714286,153.429,77.3507,0
pde,org::eclipse::pde::internal::core::XMLCopyrightHandler,12.0,1,1,36,11.0,0,24.0,9.0,4,2,16.0,10.0,4.0,8.0,7.0,2.0,8.0,10.0,2.0,92.4286,22.0179,0
pde,org::eclipse::pde::internal::ui::wizards::plugin::FragmentContentPage,37.0,12,2,91,87.0,0,270.0,14.0,29,7,599.0,124.0,20.6552,322.0,72.0,11.1034,277.0,88.0,9.55172,240.714,93.6301,1
pde,org::eclipse::pde::internal::core::builders::DefaultSAXParser,2.0,6,1,0,6.0,0,19.0,1.0,3,3,4.0,2.0,1.33333,3.0,2.0,1.0,1.0,1.0,0.333333,116.143,50.0714,0
pde,org::eclipse::pde::internal::ui::views::dependencies::StateViewPage,42.0,12,1,136,98.0,0,236.0,17.0,12,3,310.0,141.0,25.8333,182.0,129.0,15.1667,128.0,114.0,10.6667,74.0,13.7263,1
pde,org::eclipse::pde::internal::ui::correction::java::QuickFixProcessor,36.0,6,1,21,58.0,0,145.0,7.0,6,2,177.0,147.0,29.5,54.0,29.0,9.0,123.0,126.0,20.5,53.2857,20.3519,0
pde,org::eclipse::pde::internal::ui::parts::TablePart,6.0,27,4,15,10.0,4,31.0,6.0,13,6,48.0,10.0,3.69231,48.0,14.0,3.69231,0.0,4.0,0.0,335.286,163.009,0
pde,org::eclipse::pde::internal::ui::wizards::tools::ConvertProjectToPluginOperation,42.0,23,1,45,96.0,0,195.0,10.0,3,2,22.0,20.0,7.33333,51.0,46.0,17.0,-29.0,0.0,-9.66667,46.0,12.5065,0
pde,org::eclipse::pde::internal::ui::editor::schema::SchemaElementDetails,17.0,8,4,15,33.0,0,107.0,6.0,31,4,474.0,112.0,15.2903,209.0,67.0,6.74194,265.0,112.0,8.54839,147.0,21.0199,0
pde,org::eclipse::pde::internal::core::text::bundle::ImportPackageHeader,6.0,13,6,10,13.0,0,20.0,5.0,13,3,120.0,38.0,9.23077,40.0,23.0,3.07692,80.0,38.0,6.15385,151.143,25.1155,0
pde,org::eclipse::pde::internal::ui::views::dependencies::HistoryAction,3.0,5,1,3,11.0,0,24.0,3.0,2,2,6.0,6.0,3.0,11.0,11.0,5.5,-5.0,0.0,-2.5,108.143,74.0,0
pde,org::eclipse::pde::internal::core::bundle::WorkspaceBundlePluginModelBase,29.0,14,8,55,39.0,2,70.0,11.0,6,2,29.0,14.0,4.83333,19.0,17.0,3.16667,10.0,9.0,1.66667,105.857,63.2808,0
pde,org::eclipse::pde::internal::ui::preferences::ManifestSyntaxColorTab,4.0,4,2,6,12.0,0,27.0,4.0,15,2,157.0,61.0,10.4667,45.0,12.0,3.0,112.0,61.0,7.46667,149.143,2.64422,0
pde,org::eclipse::pde::internal::ui::editor::schema::FilteredSchemaAttributeSelectionDialog,25.0,17,1,91,57.0,0,106.0,14.0,3,1,79.0,70.0,26.3333,6.0,6.0,2.0,73.0,64.0,24.3333,29.2857,3.4774,0
pde,org::eclipse::pde::internal::ui::parts::EditableTablePart,11.0,18,5,21,21.0,0,35.0,7.0,17,6,116.0,41.0,6.82353,94.0,21.0,5.52941,22.0,20.0,1.29412,335.286,109.248,0
pde,org::eclipse::pde::internal::ui::tests::macro::MacroManager,46.0,22,1,190,95.0,0,220.0,20.0,7,3,100.0,41.0,14.2857,87.0,44.0,12.4286,13.0,11.0,1.85714,183.857,51.4429,0
pde,org::eclipse::pde::internal::ui::editor::outline::QuickOutlineMouseMoveListener,9.0,2,1,1,15.0,0,32.0,2.0,2,2,16.0,16.0,8.0,18.0,18.0,9.0,-2.0,0.0,-1.0,92.2857,58.1429,0
pde,org::eclipse::pde::internal::ui::launcher::PDEMigrationDelegate,8.0,5,1,1,14.0,1,26.0,2.0,3,2,25.0,17.0,8.33333,18.0,17.0,6.0,7.0,16.0,2.33333,69.0,28.9314,0
pde,org::eclipse::pde::internal::ui::editor::toc::TocFoldingStructureProvider,5.0,3,3,1,11.0,0,21.0,2.0,5,3,139.0,64.0,27.8,18.0,13.0,3.6,121.0,64.0,24.2,58.4286,1.18602,0
pde,org::eclipse::pde::internal::core::text::plugin::PluginDocumentHandler,26.0,10,2,36,52.0,0,102.0,9.0,17,4,319.0,104.0,18.7647,161.0,91.0,9.47059,158.0,72.0,9.29412,151.143,37.1738,0
pde,org::eclipse::pde::internal::ui::correction::ChooseManifestClassResolution,4.0,4,3,3,8.0,0,13.0,3.0,9,3,21.0,10.0,2.33333,8.0,2.0,0.888889,13.0,10.0,1.44444,128.286,15.1905,0
pde,org::eclipse::pde::internal::ui::parts::TreePart,7.0,8,4,21,13.0,1,34.0,7.0,12,6,53.0,11.0,4.41667,49.0,15.0,4.08333,4.0,4.0,0.333333,335.286,170.819,0
pde,org::eclipse::pde::internal::core::text::plugin::PluginImportNode,28.0,4,4,78,42.0,0,75.0,13.0,10,5,307.0,131.0,30.7,16.0,12.0,1.6,291.0,131.0,29.1,151.143,11.6361,0
pde,org::eclipse::pde::internal::ui::preferences::TargetEnvironmentTab,50.0,14,1,120,132.0,0,280.0,16.0,20,4,1011.0,314.0,50.55,263.0,93.0,13.15,748.0,314.0,37.4,149.143,18.2035,1
pde,org::eclipse::pde::internal::core::plugin::PluginBase,70.0,18,4,325,133.0,2,222.0,26.0,63,8,742.0,85.0,11.7778,711.0,148.0,11.2857,31.0,69.0,0.492063,335.286,135.849,0
pde,org::eclipse::ui::internal::views::log::OpenLogDialog,29.0,12,1,105,69.0,0,156.0,15.0,3,1,216.0,214.0,72.0,240.0,238.0,80.0,-24.0,0.0,-8.0,49.4286,13.3056,0
pde,org::eclipse::ui::internal::views::log::EventDetailsDialog,98.0,16,1,703,208.0,0,638.0,38.0,13,3,491.0,161.0,37.7692,377.0,179.0,29.0,114.0,93.0,8.76923,49.4286,13.7495,0
pde,org::eclipse::pde::internal::ui::editor::product::WindowImagesSection,22.0,20,3,91,76.0,0,130.0,14.0,28,6,529.0,142.0,18.8929,382.0,117.0,13.6429,147.0,112.0,5.25,189.286,49.7132,0
pde,org::eclipse::pde::internal::ui::wizards::extension::NewExtensionWizard,12.0,7,2,21,28.0,0,45.0,7.0,15,7,117.0,28.0,7.8,91.0,22.0,6.06667,26.0,14.0,1.73333,335.286,145.156,0
pde,org::eclipse::pde::internal::ui::editor::contentassist::TypeContentProposalListener,5.0,2,1,6,6.0,0,16.0,4.0,2,2,4.0,4.0,2.0,9.0,9.0,4.5,-5.0,0.0,-2.5,94.4286,60.2857,0
pde,org::eclipse::pde::internal::ui::editor::ctxhelp::CtxHelpInputContext,10.0,8,4,15,30.0,0,50.0,6.0,1,1,0.0,0.0,0.0,0.0,0.0,0.0,0.0,0.0,0.0,33.4286,0.0,0
pde,org::eclipse::pde::ui::launcher::EclipseLauncherTabGroup,5.0,2,2,1,12.0,0,24.0,2.0,7,3,41.0,24.0,5.85714,18.0,13.0,2.57143,23.0,24.0,3.28571,104.429,42.7247,0
pde,org::eclipse::pde::internal::ui::editor::contentassist::TypeFieldAssistDisposer,5.0,4,1,1,5.0,0,20.0,2.0,2,2,6.0,6.0,3.0,9.0,9.0,4.5,-3.0,0.0,-1.5,94.4286,60.2857,0
pde,org::eclipse::pde::internal::ui::editor::cheatsheet::comp::details::CompCSDetails,14.0,7,4,45,34.0,0,75.0,10.0,14,2,142.0,31.0,10.1429,82.0,30.0,5.85714,60.0,25.0,4.28571,99.2857,21.5412,0
pde,org::eclipse::pde::internal::core::TargetPlatformHelper,125.0,75,1,325,227.0,0,379.0,26.0,25,5,400.0,90.0,16.0,478.0,171.0,19.12,-78.0,89.0,-3.12,85.2857,39.0829,1
pde,org::eclipse::pde::ui::launcher::OSGiLauncherTabGroup,2.0,6,1,1,12.0,0,9.0,2.0,2,2,3.0,3.0,1.5,14.0,14.0,7.0,-11.0,0.0,-5.5,104.429,70.2857,1
pde,org::eclipse::pde::internal::ui::wizards::cheatsheet::BaseCSCreationOperation,8.0,5,1,10,13.0,2,42.0,5.0,5,3,27.0,13.0,5.4,21.0,19.0,4.2,6.0,13.0,1.2,98.0,44.8677,0
pde,org::eclipse::pde::internal::ui::templates::ide::PropertyPageNewWizard,3.0,2,6,3,6.0,0,10.0,3.0,2,2,2.0,2.0,1.0,1.0,1.0,0.5,1.0,1.0,0.5,95.5714,58.5714,0
pde,org::eclipse::pde::internal::ui::editor::text::SourceInformationProvider,25.0,6,1,45,26.0,0,59.0,10.0,3,3,13.0,12.0,4.33333,67.0,46.0,22.3333,-54.0,0.0,-18.0,106.143,67.5275,0
pde,org::eclipse::pde::internal::ui::wizards::plugin::PluginFieldData,13.0,6,2,78,17.0,1,37.0,13.0,14,6,104.0,27.0,7.42857,73.0,23.0,5.21429,31.0,20.0,2.21429,239.0,95.2527,0
pde,org::eclipse::pde::internal::ui::editor::toc::actions::TocAddTopicAction,3.0,5,2,1,10.0,0,15.0,2.0,6,2,88.0,41.0,14.6667,8.0,5.0,1.33333,80.0,41.0,13.3333,61.1429,2.32143,0
pde,org::eclipse::pde::internal::runtime::registry::DiagnosticsDialog,3.0,0,1,3,5.0,0,11.0,3.0,2,1,2.0,2.0,1.0,4.0,4.0,2.0,-2.0,0.0,-1.0,43.5714,7.42857,0
pde,org::eclipse::pde::ui::templates::AbstractTemplateSection,99.0,52,1,378,175.0,1,384.0,28.0,45,8,866.0,152.0,19.2444,544.0,140.0,12.0889,322.0,132.0,7.15556,333.286,147.271,0
pde,org::eclipse::pde::internal::core::text::toc::TocModel,8.0,13,6,15,11.0,0,30.0,6.0,5,2,179.0,86.0,35.8,8.0,8.0,1.6,171.0,86.0,34.2,59.5714,1.56584,0
pde,org::eclipse::pde::internal::ui::editor::schema::SchemaElementReferenceDetails,7.0,3,4,10,24.0,0,60.0,5.0,15,3,243.0,98.0,16.2,65.0,35.0,4.33333,178.0,98.0,11.8667,147.0,11.0864,0
pde,org::eclipse::pde::internal::ui::editor::toc::details::TocAbstractDetails,23.0,14,3,325,76.0,4,98.0,26.0,6,3,493.0,212.0,82.1667,48.0,47.0,8.0,445.0,212.0,74.1667,61.1429,3.77021,0
pde,org::eclipse::pde::internal::ui::wizards::ResizableWizardDialog,1.0,3,1,0,2.0,0,4.0,1.0,5,5,11.0,4.0,2.2,11.0,5.0,2.2,0.0,1.0,0.0,287.143,170.935,0
pde,org::eclipse::pde::internal::ui::editor::plugin::ManifestEditorContributor,9.0,4,3,21,16.0,0,28.0,7.0,11,5,90.0,41.0,8.18182,35.0,12.0,3.18182,55.0,38.0,5.0,227.429,95.8063,0
pde,org::eclipse::pde::internal::ui::wizards::exports::PluginExportWizard,12.0,14,3,15,43.0,0,71.0,6.0,57,7,549.0,109.0,9.63158,516.0,108.0,9.05263,33.0,96.0,0.578947,297.571,52.1124,1
pde,org::eclipse::pde::internal::ui::wizards::exports::ProductExportWizardPage,28.0,5,2,210,73.0,0,147.0,21.0,29,7,693.0,123.0,23.8966,909.0,304.0,31.3448,-216.0,96.0,-7.44828,182.286,46.6689,1
pde,org::eclipse::pde::internal::core::feature::ExternalFeatureModel,12.0,6,6,36,16.0,0,32.0,9.0,8,7,48.0,23.0,6.0,18.0,6.0,2.25,30.0,23.0,3.75,331.0,177.854,0
pde,org::eclipse::pde::internal::ui::editor::feature::FeatureSourcePage,7.0,3,4,21,9.0,0,23.0,7.0,16,7,100.0,22.0,6.25,60.0,15.0,3.75,40.0,18.0,2.5,335.286,146.501,0
pde,org::eclipse::pde::internal::ui::editor::toc::TocPage,33.0,18,2,55,65.0,0,130.0,11.0,9,3,485.0,174.0,53.8889,105.0,65.0,11.6667,380.0,174.0,42.2222,61.1429,4.16789,0
pde,org::eclipse::pde::internal::ui::samples::SampleEditor,18.0,8,1,66,52.0,0,122.0,12.0,5,3,78.0,42.0,15.6,70.0,58.0,14.0,8.0,24.0,1.6,151.143,70.5458,0
pde,org::eclipse::pde::internal::ui::editor::SourceViewerConfigurationFactory,5.0,6,1,0,8.0,0,15.0,1.0,3,3,11.0,6.0,3.66667,11.0,10.0,3.66667,0.0,5.0,0.0,118.143,41.3117,1
pde,org::eclipse::pde::internal::ui::search::PluginSearchActionGroup,31.0,16,1,36,54.0,0,95.0,9.0,26,8,320.0,49.0,12.3077,176.0,63.0,6.76923,144.0,49.0,5.53846,305.286,102.246,0
pde,org::eclipse::pde::internal::ui::correction::java::FindClassResolutionsOperation,23.0,9,1,10,47.0,0,77.0,5.0,2,2,3.0,3.0,1.5,3.0,3.0,1.5,0.0,0.0,0.0,32.4286,0.142857,0
pde,org::eclipse::pde::internal::ui::editor::cheatsheet::simple::details::SimpleCSHelpDetails,16.0,10,5,21,47.0,0,239.0,7.0,15,2,341.0,107.0,22.7333,207.0,79.0,13.8,134.0,89.0,8.93333,104.143,30.0637,0
pde,org::eclipse::pde::internal::ui::util::PDELabelUtility,39.0,9,1,15,64.0,0,173.0,6.0,7,3,205.0,91.0,29.2857,52.0,26.0,7.42857,153.0,91.0,21.8571,78.1429,19.0132,0
pde,org::eclipse::pde::internal::ui::editor::plugin::ExtensionPointsSection,49.0,29,5,171,135.0,0,259.0,19.0,40,8,535.0,123.0,13.375,499.0,105.0,12.475,36.0,65.0,0.9,227.429,95.6828,0
pde,org::eclipse::pde::internal::ui::templates::rcp::IntroNewWizard,2.0,2,6,1,5.0,0,7.0,2.0,3,3,9.0,8.0,3.0,9.0,8.0,3.0,0.0,0.0,0.0,95.5714,55.3651,0
pde,org::eclipse::pde::internal::core::text::plugin::FragmentModel,5.0,5,7,10,6.0,0,14.0,5.0,4,2,104.0,50.0,26.0,4.0,4.0,1.0,100.0,50.0,25.0,151.143,4.6978,0
pde,org::eclipse::pde::internal::core::text::build::BuildModelFactory,2.0,2,1,1,3.0,0,6.0,2.0,6,3,71.0,33.0,11.8333,7.0,4.0,1.16667,64.0,33.0,10.6667,151.143,5.67807,0
pde,org::eclipse::pde::internal::ui::wizards::site::OpenProjectWizardAction,3.0,5,1,1,11.0,0,17.0,2.0,12,6,35.0,10.0,2.91667,24.0,6.0,2.0,11.0,10.0,0.916667,228.0,74.551,0
pde,org::eclipse::pde::internal::core::target::ImplicitDependenciesInfo,21.0,10,3,36,54.0,0,62.0,9.0,3,3,17.0,10.0,5.66667,10.0,10.0,3.33333,7.0,10.0,2.33333,139.286,49.4454,0
pde,org::eclipse::pde::internal::core::TargetPDERegistryStrategy,2.0,1,2,1,2.0,0,6.0,2.0,4,2,54.0,26.0,13.5,3.0,3.0,0.75,51.0,26.0,12.75,54.4286,0.814815,0
pde,org::eclipse::ui::internal::views::log::ImportLogAction,19.0,5,1,21,39.0,0,102.0,7.0,6,1,45.0,18.0,7.5,28.0,14.0,4.66667,17.0,11.0,2.83333,32.0,4.02857,0
pde,org::eclipse::pde::internal::core::builders::ExtensionPointSchemaBuilder,30.0,14,1,45,80.0,0,134.0,10.0,11,5,219.0,175.0,19.9091,202.0,158.0,18.3636,17.0,17.0,1.54545,335.286,197.595,1
pde,org::eclipse::pde::internal::core::ant::PluginExportTask,5.0,5,2,1,20.0,0,27.0,2.0,7,4,17.0,8.0,2.42857,12.0,5.0,1.71429,5.0,7.0,0.714286,128.143,44.9244,0
pde,org::eclipse::pde::internal::ui::wizards::toc::TocHTMLWizardPage,11.0,4,1,15,21.0,0,47.0,6.0,4,3,22.0,9.0,5.5,20.0,14.0,5.0,2.0,5.0,0.5,55.1429,15.7727,0
pde,org::eclipse::pde::internal::ui::editor::text::JavaHyperlink,5.0,2,2,1,8.0,0,22.0,2.0,4,2,13.0,8.0,3.25,30.0,20.0,7.5,-17.0,2.0,-4.25,118.143,6.59341,0
pde,org::eclipse::pde::internal::ui::editor::plugin::GeneralInfoSection,50.0,22,3,406,179.0,2,272.0,29.0,40,8,729.0,135.0,18.225,1144.0,444.0,28.6,-415.0,134.0,-10.375,227.429,75.826,0
pde,org::eclipse::pde::internal::core::bundle::BundleFragment,21.0,11,6,45,47.0,0,75.0,10.0,19,6,157.0,31.0,8.26316,94.0,48.0,4.94737,63.0,28.0,3.31579,227.429,58.9445,0
pde,org::eclipse::pde::internal::ui::wizards::ListUtil,1.0,0,1,0,1.0,0,3.0,1.0,14,7,146.0,52.0,10.4286,70.0,35.0,5.0,76.0,52.0,5.42857,335.286,145.402,0
pde,org::eclipse::pde::internal::ui::launcher::EclipsePluginValidationOperation,24.0,14,2,28,54.0,0,77.0,8.0,5,3,123.0,103.0,24.6,32.0,28.0,6.4,91.0,103.0,18.2,77.4286,5.98026,0
pde,org::eclipse::pde::internal::core::schema::DocumentSection,16.0,4,3,15,14.0,0,49.0,6.0,15,9,109.0,44.0,7.26667,62.0,20.0,4.13333,47.0,42.0,3.13333,335.286,198.967,0
pde,org::eclipse::pde::internal::ui::templates::ide::ViewTemplate,30.0,17,5,105,82.0,0,146.0,15.0,6,4,106.0,59.0,17.6667,80.0,58.0,13.3333,26.0,23.0,4.33333,95.5714,47.3086,0
pde,org::eclipse::pde::internal::ui::util::PluginAdapter,6.0,3,1,1,12.0,0,19.0,2.0,2,1,4.0,4.0,2.0,4.0,4.0,2.0,0.0,0.0,0.0,81.0,46.8571,0
pde,org::eclipse::pde::internal::ui::wizards::site::NewSiteProjectCreationPage,13.0,4,1,6,20.0,0,75.0,4.0,18,5,127.0,33.0,7.05556,132.0,45.0,7.33333,-5.0,9.0,-0.277778,223.0,51.1507,0
pde,org::eclipse::pde::internal::ui::editor::target::TargetErrorDialog,6.0,5,2,6,15.0,0,42.0,4.0,4,4,58.0,39.0,14.5,26.0,26.0,6.5,32.0,13.0,8.0,132.286,84.9631,0
pde,org::eclipse::pde::internal::ui::editor::plugin::FormFilteredTree,12.0,6,1,21,26.0,0,91.0,7.0,16,5,152.0,32.0,9.5,56.0,26.0,3.5,96.0,32.0,6.0,106.429,39.2096,1
pde,org::eclipse::pde::internal::core::ClasspathComputer,78.0,22,1,136,140.0,0,253.0,17.0,12,2,826.0,242.0,68.8333,268.0,86.0,22.3333,558.0,156.0,46.5,178.571,45.7523,0
pde,org::eclipse::pde::internal::ui::preferences::SyntaxColorTab,13.0,4,1,66,47.0,2,152.0,12.0,16,2,822.0,293.0,51.375,249.0,60.0,15.5625,573.0,293.0,35.8125,149.143,7.71794,1
pde,org::eclipse::pde::internal::ui::correction::OrganizeImportPackageResolution,4.0,2,3,6,6.0,0,13.0,4.0,6,3,17.0,10.0,2.83333,7.0,3.0,1.16667,10.0,10.0,1.66667,150.429,32.2269,0
pde,org::eclipse::pde::internal::runtime::registry::RegistryFilteredTree,4.0,1,1,3,9.0,0,38.0,3.0,4,1,36.0,23.0,9.0,29.0,25.0,7.25,7.0,9.0,1.75,96.4286,61.6032,1
pde,org::eclipse::pde::internal::ui::editor::validation::TextValidator,16.0,8,2,36,33.0,0,76.0,9.0,2,2,13.0,13.0,6.5,14.0,14.0,7.0,-1.0,0.0,-0.5,83.8571,49.7143,0
pde,org::eclipse::pde::ui::templates::StringOption,15.0,6,3,28,27.0,0,58.0,8.0,14,8,147.0,51.0,10.5,97.0,48.0,6.92857,50.0,51.0,3.57143,333.143,110.344,0
pde,org::eclipse::pde::internal::ui::wizards::imports::ExternalPluginLibrariesFilter,5.0,1,1,0,4.0,0,16.0,1.0,3,2,2.0,1.0,0.666667,2.0,1.0,0.666667,0.0,0.0,0.0,59.0,12.4286,0
pde,org::eclipse::pde::internal::ui::elements::TreeContentProvider,13.0,2,3,28,12.0,0,35.0,8.0,7,6,55.0,38.0,7.85714,41.0,30.0,5.85714,14.0,8.0,2.0,335.286,238.678,0
pde,org::eclipse::pde::internal::ui::editor::plugin::BundleFoldingStructureProvider,4.0,2,3,1,9.0,0,16.0,2.0,4,2,144.0,66.0,36.0,17.0,17.0,4.25,127.0,66.0,31.75,122.429,9.25595,0
pde,org::eclipse::pde::internal::ui::refactoring::RenameExtensionPointProcessor,33.0,9,1,120,68.0,0,110.0,16.0,3,1,36.0,25.0,12.0,49.0,48.0,16.3333,-13.0,10.0,-4.33333,45.8571,9.05159,0
pde,org::eclipse::pde::internal::core::text::bundle::RequireBundleHeader,21.0,16,5,21,41.0,0,73.0,7.0,15,3,310.0,98.0,20.6667,73.0,29.0,4.86667,237.0,98.0,15.8,151.143,19.8433,0
pde,org::eclipse::pde::internal::ui::editor::text::XMLTagScanner,8.0,2,2,6,14.0,0,29.0,4.0,18,8,156.0,24.0,8.66667,126.0,23.0,7.0,30.0,20.0,1.66667,241.0,86.6639,0
pde,org::eclipse::pde::internal::ui::launcher::PDELogFileProvider,4.0,4,1,1,13.0,0,34.0,2.0,3,2,5.0,3.0,1.66667,2.0,1.0,0.666667,3.0,2.0,1.0,32.0,10.4286,0
pde,org::eclipse::pde::internal::core::plugin::PluginExtension,52.0,19,5,91,101.0,0,161.0,14.0,33,8,446.0,119.0,13.5152,310.0,110.0,9.39394,136.0,51.0,4.12121,335.286,170.02,0
pde,org::eclipse::pde::internal::ui::wizards::feature::FeatureData,5.0,5,1,6,7.0,0,13.0,4.0,10,5,66.0,29.0,6.6,44.0,11.0,4.4,22.0,18.0,2.2,240.714,44.1126,0
pde,org::eclipse::pde::internal::ui::editor::contentassist::display::InfoControlTextPresenter,16.0,6,1,3,29.0,0,100.0,3.0,3,2,20.0,13.0,6.66667,47.0,30.0,15.6667,-27.0,0.0,-9.0,110.857,78.8643,0
pde,org::eclipse::pde::internal::ui::editor::PDEFormEditor,167.0,151,1,2775,315.0,2,624.0,75.0,65,8,993.0,127.0,15.2769,544.0,156.0,8.36923,449.0,74.0,6.90769,227.429,97.9691,0
pde,org::eclipse::pde::internal::core::FeatureTable,24.0,7,1,36,67.0,0,108.0,9.0,3,2,15.0,10.0,5.0,10.0,10.0,3.33333,5.0,10.0,1.66667,187.429,51.9524,0
pde,org::eclipse::pde::internal::ui::wizards::product::ProductFromExtensionOperation,10.0,8,2,3,24.0,0,41.0,3.0,11,4,49.0,10.0,4.45455,41.0,12.0,3.72727,8.0,10.0,0.727273,190.143,74.1283,0
pde,org::eclipse::pde::internal::ui::correction::RemoveStaticProjectReferences,7.0,1,2,10,6.0,0,25.0,5.0,10,3,117.0,44.0,11.7,24.0,13.0,2.4,93.0,44.0,9.3,150.571,9.17094,0
pde,org::eclipse::pde::internal::ui::parts::WizardCheckboxTablePart,23.0,21,5,153,48.0,6,93.0,18.0,16,7,72.0,12.0,4.5,80.0,29.0,5.0,-8.0,8.0,-0.5,335.286,173.083,0
pde,org::eclipse::pde::internal::ui::editor::product::AboutSection,19.0,19,3,91,79.0,0,142.0,14.0,29,6,377.0,109.0,13.0,224.0,61.0,7.72414,153.0,104.0,5.27586,189.286,60.9003,0
pde,org::eclipse::pde::internal::ui::correction::java::JavaResolutionFactory,9.0,5,1,15,17.0,0,126.0,6.0,1,1,0.0,0.0,0.0,0.0,0.0,0.0,0.0,0.0,0.0,32.4286,0.0,0
pde,org::eclipse::pde::internal::ui::editor::schema::SchemaOtherAttributeDetails,2.0,1,5,1,2.0,0,5.0,2.0,1,1,0.0,0.0,0.0,0.0,0.0,0.0,0.0,0.0,0.0,60.1429,0.0,0
pde,org::eclipse::pde::internal::ui::refactoring::FileMoveParticipant,1.0,0,3,0,1.0,0,3.0,1.0,3,1,10.0,10.0,3.33333,1.0,1.0,0.333333,9.0,10.0,3.0,98.2857,2.85714,0
pde,org::eclipse::pde::internal::ui::editor::FoldingStructureProviderFactory,4.0,4,1,0,4.0,0,12.0,1.0,6,2,80.0,32.0,13.3333,7.0,5.0,1.16667,73.0,32.0,12.1667,122.429,15.6821,0
pde,org::eclipse::pde::internal::ui::editor::feature::FeatureSpecSection,71.0,26,3,231,183.0,0,460.0,22.0,37,8,1158.0,340.0,31.2973,907.0,294.0,24.5135,251.0,122.0,6.78378,335.286,97.0822,0
pde,org::eclipse::pde::internal::ui::nls::ModelChangeLabelProvider,17.0,9,3,15,35.0,0,51.0,6.0,6,2,266.0,158.0,44.3333,108.0,87.0,18.0,158.0,158.0,26.3333,154.857,4.83942,0
pde,org::eclipse::pde::internal::ui::editor::text::PDEMarkerAnnotationModel,2.0,2,1,1,3.0,0,6.0,2.0,3,2,5.0,4.0,1.66667,4.0,3.0,1.33333,1.0,1.0,0.333333,130.857,78.0571,0
pde,org::eclipse::pde::internal::ui::wizards::cheatsheet::CSFileWizardPage,7.0,1,2,10,12.0,1,76.0,5.0,6,3,37.0,27.0,6.16667,94.0,44.0,15.6667,-57.0,4.0,-9.5,98.0,52.583,0
pde,org::eclipse::pde::internal::ui::editor::toc::TocBlock,16.0,7,2,28,21.0,0,68.0,8.0,9,3,323.0,143.0,35.8889,47.0,32.0,5.22222,276.0,143.0,30.6667,61.1429,4.77444,0
pde,org::eclipse::pde::internal::ui::editor::plugin::rows::ExtensionAttributeRow,32.0,19,1,171,47.0,2,84.0,19.0,21,7,187.0,33.0,8.90476,181.0,60.0,8.61905,6.0,30.0,0.285714,227.429,107.274,0
pde,org::eclipse::pde::internal::core::exports::FeatureBasedExportOperation,10.0,7,2,15,37.0,2,53.0,6.0,7,3,15.0,8.0,2.14286,17.0,8.0,2.42857,-2.0,0.0,-0.285714,128.143,62.0476,1
pde,org::eclipse::pde::internal::ui::wizards::product::ProductDefinitonWizardPage,45.0,16,1,190,97.0,0,198.0,20.0,23,4,314.0,69.0,13.6522,185.0,66.0,8.04348,129.0,53.0,5.6087,188.0,47.8644,1
pde,org::eclipse::pde::internal::ui::wizards::tools::OrganizeManifestsProcessor,73.0,13,1,300,100.0,0,233.0,25.0,4,3,95.0,66.0,23.75,73.0,65.0,18.25,22.0,18.0,5.5,58.8571,24.6,0
pde,org::eclipse::pde::internal::ui::editor::plugin::PluginExportAction,6.0,7,1,3,19.0,0,36.0,3.0,9,5,44.0,14.0,4.88889,39.0,16.0,4.33333,5.0,3.0,0.555556,227.429,51.1688,0
pde,org::eclipse::pde::internal::ui::elements::DefaultTableProvider,0.0,2,2,0,1.0,11,0.0,1.0,8,6,23.0,8.0,2.875,19.0,5.0,2.375,4.0,4.0,0.5,335.286,108.323,0
pde,org::eclipse::pde::internal::ui::editor::product::OverviewPage,16.0,13,3,36,53.0,0,62.0,9.0,35,7,277.0,50.0,7.91429,278.0,85.0,7.94286,-1.0,40.0,-0.0285714,189.571,47.7602,1
pde,org::eclipse::pde::internal::ui::editor::site::FeatureDetailsSection,35.0,7,3,136,72.0,0,152.0,17.0,9,4,70.0,32.0,7.77778,105.0,31.0,11.6667,-35.0,1.0,-3.88889,194.571,42.9,0
pde,org::eclipse::pde::internal::ui::parts::TreeMessageDialog,5.0,1,1,10,7.0,1,23.0,5.0,3,3,18.0,10.0,6.0,13.0,13.0,4.33333,5.0,10.0,1.66667,132.286,46.3175,0
pde,org::eclipse::pde::internal::ui::editor::contentassist::display::JavaDocCommentReader,12.0,1,2,10,11.0,0,42.0,5.0,3,2,23.0,22.0,7.66667,26.0,25.0,8.66667,-3.0,0.0,-1.0,110.857,73.4161,0
pde,org::eclipse::pde::internal::ui::parts::PluginVersionPart,59.0,12,1,153,103.0,0,210.0,18.0,13,5,405.0,188.0,31.1538,251.0,212.0,19.3077,154.0,96.0,11.8462,136.143,81.5577,0
pde,org::eclipse::pde::internal::ui::launcher::OSGiBundleBlock,87.0,15,2,253,150.0,0,338.0,23.0,19,3,1266.0,427.0,66.6316,411.0,127.0,21.6316,855.0,427.0,45.0,107.857,24.159,0
pde,org::eclipse::pde::internal::core::cheatsheet::comp::CompCSDataObject,15.0,7,4,91,24.0,2,50.0,14.0,6,3,29.0,18.0,4.83333,16.0,12.0,2.66667,13.0,16.0,2.16667,102.0,23.8473,0
pde,org::eclipse::pde::internal::ui::editor::cheatsheet::comp::details::CompCSEnclosingTextDetails,39.0,12,5,253,122.0,0,274.0,23.0,16,3,564.0,249.0,35.25,458.0,174.0,28.625,106.0,189.0,6.625,99.2857,29.9248,0
pde,org::eclipse::pde::internal::ui::search::FindDeclarationsAction,7.0,6,2,1,21.0,0,27.0,2.0,15,8,80.0,18.0,5.33333,82.0,29.0,5.46667,-2.0,10.0,-0.133333,305.0,115.632,0
pde,org::eclipse::pde::internal::ui::editor::product::ProductInputContext,12.0,9,3,21,34.0,0,59.0,7.0,9,5,41.0,13.0,4.55556,26.0,20.0,2.88889,15.0,12.0,1.66667,189.571,93.1533,0
pde,org::eclipse::pde::internal::core::text::build::PropertiesTextChangeListener,8.0,5,4,1,13.0,0,25.0,2.0,8,3,32.0,16.0,4.0,64.0,52.0,8.0,-32.0,12.0,-4.0,135.571,52.7589,0
pde,org::eclipse::pde::internal::ui::wizards::exports::PluginExportWizardPage,21.0,8,3,36,33.0,0,51.0,9.0,43,7,433.0,166.0,10.0698,382.0,168.0,8.88372,51.0,166.0,1.18605,297.571,56.8298,0
pde,org::eclipse::pde::internal::ui::editor::toc::TocHyperlinkDetector,13.0,6,2,1,24.0,0,39.0,2.0,6,3,30.0,12.0,5.0,40.0,22.0,6.66667,-10.0,10.0,-1.66667,58.1429,23.3905,0
pde,org::eclipse::pde::internal::ui::launcher::TracingBlock,53.0,15,1,210,130.0,0,282.0,21.0,13,4,866.0,384.0,66.6154,108.0,59.0,8.30769,758.0,384.0,58.3077,156.0,14.1886,1
pde,org::eclipse::pde::internal::core::schema::SchemaAnnotationHandler,19.0,6,2,21,21.0,0,54.0,7.0,5,4,37.0,20.0,7.4,44.0,22.0,8.8,-7.0,2.0,-1.4,111.0,54.0695,0
pde,org::eclipse::pde::internal::core::feature::FeatureURLElement,24.0,6,3,45,36.0,0,76.0,10.0,15,7,168.0,68.0,11.2,125.0,57.0,8.33333,43.0,20.0,2.86667,335.286,75.5978,0
pde,org::eclipse::pde::internal::ui::wizards::ctxhelp::RegisterCtxHelpWizard,3.0,4,1,3,11.0,0,21.0,3.0,1,1,0.0,0.0,0.0,0.0,0.0,0.0,0.0,0.0,0.0,22.7143,0.0,0
pde,org::eclipse::pde::internal::core::plugin::PluginElement,68.0,19,5,153,150.0,0,228.0,18.0,32,9,618.0,196.0,19.3125,531.0,176.0,16.5937,87.0,60.0,2.71875,335.286,142.466,1
pde,org::eclipse::pde::internal::ui::PDEPluginImages,6.0,5,1,10,15.0,0,33.0,5.0,115,9,513.0,145.0,4.46087,404.0,145.0,3.51304,109.0,9.0,0.947826,335.286,177.571,1
pde,org::eclipse::pde::internal::ui::editor::plugin::FragmentGeneralInfoSection,53.0,15,4,231,153.0,0,315.0,22.0,27,6,795.0,173.0,29.4444,191.0,89.0,7.07407,604.0,173.0,22.3704,181.429,34.1743,0
pde,org::eclipse::pde::internal::ui::tests::macro::BooleanSelectionCommand,36.0,9,2,55,69.0,0,119.0,11.0,6,3,58.0,38.0,9.66667,50.0,39.0,8.33333,8.0,8.0,1.33333,183.857,114.448,0
pde,org::eclipse::pde::internal::core::text::bundle::ManifestHeader,18.0,24,3,153,27.0,2,58.0,18.0,12,3,452.0,211.0,37.6667,138.0,97.0,11.5,314.0,211.0,26.1667,151.143,12.7911,0
pde,org::eclipse::pde::internal::ui::editor::cheatsheet::simple::SimpleCSCommandManager,24.0,4,1,66,32.0,0,75.0,12.0,2,2,22.0,22.0,11.0,31.0,31.0,15.5,-9.0,0.0,-4.5,70.2857,36.1429,0
pde,org::eclipse::ui::internal::views::log::LogFilesManager,5.0,4,1,3,11.0,0,21.0,3.0,3,1,15.0,14.0,5.0,6.0,5.0,2.0,9.0,9.0,3.0,32.0,0.847619,0
pde,org::eclipse::pde::internal::core::schema::SchemaCompositor,42.0,12,4,55,78.0,0,154.0,11.0,27,7,250.0,72.0,9.25926,162.0,45.0,6.0,88.0,63.0,3.25926,335.286,135.562,0
pde,org::eclipse::pde::internal::ui::editor::product::ConfigurationPage,8.0,8,2,10,19.0,0,30.0,5.0,22,7,74.0,11.0,3.36364,50.0,15.0,2.27273,24.0,10.0,1.09091,189.286,58.583,0
pde,org::eclipse::pde::internal::core::text::cheatsheet::simple::SimpleCSRepeatedSubItem,8.0,3,6,28,13.0,0,27.0,8.0,9,2,120.0,90.0,13.3333,123.0,90.0,13.6667,-3.0,90.0,-0.333333,59.2857,0.845238,0
pde,org::eclipse::pde::internal::ui::refactoring::PDEMoveParticipant,9.0,4,1,21,24.0,3,28.0,7.0,8,2,79.0,28.0,9.875,46.0,27.0,5.75,33.0,25.0,4.125,158.0,46.358,0
pde,org::eclipse::pde::internal::ui::templates::ide::PopupMenuNewWizard,3.0,2,6,3,6.0,0,10.0,3.0,2,2,2.0,2.0,1.0,1.0,1.0,0.5,1.0,1.0,0.5,95.5714,58.5714,0
pde,org::eclipse::pde::internal::core::feature::WorkspaceFeatureModel,25.0,12,6,120,49.0,0,106.0,16.0,33,9,229.0,124.0,6.93939,201.0,119.0,6.09091,28.0,10.0,0.848485,335.286,138.53,1
pde,org::eclipse::pde::internal::core::ant::BaseExportTask,12.0,2,1,45,21.0,2,57.0,10.0,7,4,59.0,21.0,8.42857,33.0,16.0,4.71429,26.0,20.0,3.71429,128.143,40.3632,0
pde,org::eclipse::pde::internal::ui::wizards::plugin::FragmentFieldData,6.0,2,2,21,7.0,0,18.0,7.0,8,5,24.0,10.0,3.0,18.0,6.0,2.25,6.0,10.0,0.75,239.0,77.75,0
pde,org::eclipse::pde::internal::ui::preferences::JavaArgumentsTab,10.0,4,1,21,22.0,0,96.0,7.0,12,3,95.0,20.0,7.91667,37.0,25.0,3.08333,58.0,15.0,4.83333,145.143,36.0857,1
pde,org::eclipse::pde::internal::core::cheatsheet::comp::CompCSObject,17.0,15,3,210,49.0,5,68.0,21.0,6,3,64.0,32.0,10.6667,54.0,39.0,9.0,10.0,8.0,1.66667,102.0,43.5804,0
pde,org::eclipse::ui::internal::views::log::LogReader,57.0,14,1,15,90.0,0,180.0,6.0,10,1,145.0,53.0,14.5,113.0,46.0,11.3,32.0,11.0,3.2,49.4286,9.86798,0
pde,org::eclipse::pde::internal::ui::editor::feature::FeatureEditorMatchingStrategy,9.0,2,1,0,19.0,0,28.0,1.0,10,4,91.0,30.0,9.1,81.0,28.0,8.1,10.0,15.0,1.0,177.143,54.0377,0
pde,org::eclipse::pde::ui::launcher::AbstractPDELaunchConfigurationTabGroup,14.0,5,1,3,25.0,2,66.0,3.0,14,3,57.0,20.0,4.07143,51.0,28.0,3.64286,6.0,6.0,0.428571,104.0,43.2682,0
pde,org::eclipse::pde::internal::ui::correction::java::UnresolvedImportFixProcessor,2.0,3,1,0,9.0,0,12.0,1.0,7,1,174.0,74.0,24.8571,346.0,206.0,49.4286,-172.0,17.0,-24.5714,51.1429,9.73153,0
pde,org::eclipse::pde::internal::ui::templates::rcp::HelloRCPTemplate,19.0,13,5,91,67.0,0,108.0,14.0,6,4,36.0,30.0,6.0,35.0,32.0,5.83333,1.0,3.0,0.166667,95.5714,52.9246,0
pde,org::eclipse::pde::internal::core::schema::IncludedSchemaDescriptor,23.0,8,1,36,42.0,0,71.0,9.0,25,8,190.0,65.0,7.6,137.0,45.0,5.48,53.0,22.0,2.12,294.857,111.928,0
pde,org::eclipse::pde::internal::ui::wizards::templates::NewExtensionTemplateWizard,12.0,10,3,21,35.0,0,73.0,7.0,2,2,7.0,7.0,3.5,15.0,15.0,7.5,-8.0,0.0,-4.0,95.5714,61.4286,0
pde,org::eclipse::pde::internal::ui::util::LocaleUtil,6.0,5,1,1,18.0,0,29.0,2.0,1,1,0.0,0.0,0.0,0.0,0.0,0.0,0.0,0.0,0.0,26.2857,0.0,1
pde,org::eclipse::pde::internal::ui::editor::PDEStorageDocumentProvider,7.0,2,1,3,7.0,0,18.0,3.0,4,3,6.0,4.0,1.5,8.0,6.0,2.0,-2.0,0.0,-0.5,147.571,83.0476,1
pde,org::eclipse::pde::internal::ui::editor::FormLayoutFactory,16.0,95,1,66,23.0,0,212.0,12.0,5,2,261.0,153.0,52.2,230.0,168.0,46.0,31.0,40.0,6.2,85.8571,31.9425,0
pde,org::eclipse::pde::internal::core::text::ctxhelp::CtxHelpCommand,11.0,7,5,45,15.0,0,30.0,10.0,2,2,1.0,1.0,0.5,1.0,1.0,0.5,0.0,0.0,0.0,33.4286,24.4286,0
pde,org::eclipse::pde::internal::core::text::cheatsheet::simple::SimpleCSDocumentTextNode,2.0,5,3,1,5.0,0,7.0,2.0,4,2,56.0,51.0,14.0,57.0,51.0,14.25,-1.0,51.0,-0.25,58.4286,1.9898,0
pde,org::eclipse::pde::internal::core::bundle::WorkspaceBundleFragmentModel,3.0,3,9,3,6.0,0,11.0,3.0,2,2,1.0,1.0,0.5,2.0,2.0,1.0,-1.0,0.0,-0.5,105.857,69.7143,0
pde,org::eclipse::pde::internal::ui::editor::build::BuildUtil,3.0,4,1,0,7.0,0,10.0,1.0,5,4,6.0,4.0,1.2,7.0,4.0,1.4,-1.0,0.0,-0.2,263.429,98.2381,0
pde,org::eclipse::pde::internal::ui::wizards::plugin::ContentPage,26.0,12,1,105,51.0,2,113.0,15.0,42,8,496.0,153.0,11.8095,700.0,239.0,16.6667,-204.0,37.0,-4.85714,239.0,54.5207,1
pde,org::eclipse::pde::internal::core::site::SiteArchive,16.0,5,3,45,30.0,0,48.0,10.0,15,7,63.0,10.0,4.2,51.0,8.0,3.4,12.0,10.0,0.8,302.571,92.4603,0
pde,org::eclipse::pde::internal::core::FileAdapter,20.0,9,1,55,25.0,1,50.0,11.0,18,8,90.0,26.0,5.0,69.0,26.0,3.83333,21.0,10.0,1.16667,335.286,119.943,0
pde,org::eclipse::pde::internal::runtime::registry::RegistryBrowserContentProvider,52.0,14,1,55,65.0,0,164.0,11.0,3,2,4.0,4.0,1.33333,0.0,0.0,0.0,4.0,4.0,1.33333,381.0,0.571429,0
pde,org::eclipse::pde::internal::runtime::PDERuntimePluginImages,6.0,5,1,10,16.0,0,30.0,5.0,5,2,53.0,39.0,10.6,38.0,34.0,7.6,15.0,6.0,3.0,381.0,1.91914,0
pde,org::eclipse::pde::internal::ui::views::dependencies::CallersListContentProvider,8.0,3,4,1,18.0,0,34.0,2.0,3,2,16.0,12.0,5.33333,17.0,9.0,5.66667,-1.0,4.0,-0.333333,108.143,43.25,0
pde,org::eclipse::pde::internal::ui::editor::product::ProductEditor,25.0,18,4,190,57.0,0,89.0,20.0,30,6,199.0,41.0,6.63333,107.0,34.0,3.56667,92.0,33.0,3.06667,191.143,58.7078,0
pde,org::eclipse::pde::internal::ui::editor::cheatsheet::comp::details::CompCSConclusionTextListener,16.0,7,1,45,26.0,0,67.0,10.0,7,2,73.0,35.0,10.4286,39.0,26.0,5.57143,34.0,33.0,4.85714,98.0,37.2094,0
pde,org::eclipse::pde::internal::ui::templates::ide::BaseEditorTemplate,2.0,1,5,1,2.0,2,6.0,2.0,3,3,3.0,2.0,1.0,3.0,2.0,1.0,0.0,0.0,0.0,95.5714,48.9524,0
pde,org::eclipse::pde::internal::core::text::plugin::PluginObjectNode,50.0,25,3,406,78.0,6,145.0,29.0,29,5,729.0,239.0,25.1379,129.0,42.0,4.44828,600.0,239.0,20.6897,151.143,30.9688,0
pde,org::eclipse::pde::internal::core::target::AdditionalDirectory,6.0,4,3,10,10.0,0,18.0,5.0,4,3,15.0,10.0,3.75,6.0,5.0,1.5,9.0,10.0,2.25,137.143,33.4667,0
pde,org::eclipse::pde::ui::templates::OptionTemplateSection,37.0,35,3,153,65.0,1,113.0,18.0,22,8,745.0,263.0,33.8636,515.0,148.0,23.4091,230.0,115.0,10.4545,333.286,43.4,0
pde,org::eclipse::pde::internal::core::util::PDETextHelper,57.0,34,1,66,87.0,0,283.0,12.0,8,3,584.0,191.0,73.0,210.0,120.0,26.25,374.0,188.0,46.75,104.286,14.3733,0
pde,org::eclipse::pde::internal::ui::templates::ide::SplashHandlersTemplate,45.0,13,5,378,93.0,0,214.0,28.0,8,2,101.0,63.0,12.625,131.0,109.0,16.375,-30.0,15.0,-3.75,77.1429,26.9661,0
pde,org::eclipse::pde::internal::ui::editor::toc::TocFormOutlinePage,10.0,8,3,10,15.0,0,30.0,5.0,5,2,207.0,93.0,41.4,24.0,22.0,4.8,183.0,93.0,36.6,60.2857,3.31608,0
pde,org::eclipse::pde::internal::ui::editor::ctxhelp::details::CtxHelpRemoveAction,13.0,2,1,15,13.0,0,43.0,6.0,1,1,0.0,0.0,0.0,0.0,0.0,0.0,0.0,0.0,0.0,33.4286,0.0,0
pde,org::eclipse::pde::internal::ui::templates::ide::MultiPageEditorNewWizard,3.0,3,6,3,7.0,0,10.0,3.0,2,2,2.0,2.0,1.0,3.0,3.0,1.5,-1.0,0.0,-0.5,95.5714,58.5714,0
pde,org::eclipse::pde::internal::runtime::registry::PluginAdapter,2.0,4,3,1,4.0,0,16.0,2.0,1,1,0.0,0.0,0.0,0.0,0.0,0.0,0.0,0.0,0.0,20.0,0.0,0
pde,org::eclipse::pde::internal::ui::editor::actions::ActionMenu,9.0,1,1,10,11.0,0,26.0,5.0,2,2,4.0,4.0,2.0,7.0,7.0,3.5,-3.0,0.0,-1.5,56.1429,22.0,0
pde,org::eclipse::pde::internal::core::text::plugin::XMLTextChangeListener,105.0,11,3,210,226.0,0,411.0,21.0,15,5,399.0,68.0,26.6,155.0,70.0,10.3333,244.0,66.0,16.2667,129.429,35.7744,0
pde,org::eclipse::pde::internal::ui::compare::PluginContentMergeViewer,10.0,6,1,15,17.0,0,45.0,6.0,4,2,27.0,18.0,6.75,14.0,12.0,3.5,13.0,17.0,3.25,59.0,8.60317,0
pde,org::eclipse::pde::internal::ui::editor::plugin::MatchSection,46.0,15,3,120,101.0,0,215.0,16.0,30,7,428.0,117.0,14.2667,630.0,231.0,21.0,-202.0,30.0,-6.73333,227.429,57.474,0
pde,org::eclipse::pde::internal::ui::editor::JarEntryFile,11.0,6,1,28,25.0,0,36.0,8.0,10,4,47.0,13.0,4.7,25.0,14.0,2.5,22.0,10.0,2.2,204.0,58.8723,0
pde,org::eclipse::pde::internal::core::JavaElementChangeListener,50.0,14,1,91,93.0,0,147.0,14.0,15,5,122.0,29.0,8.13333,77.0,34.0,5.13333,45.0,19.0,3.0,196.571,67.8677,0
pde,org::eclipse::pde::ui::launcher::AbstractLaunchShortcut,14.0,4,1,36,34.0,2,65.0,9.0,7,2,137.0,74.0,19.5714,51.0,31.0,7.28571,86.0,73.0,12.2857,104.429,12.7768,0
pde,org::eclipse::pde::internal::runtime::spy::handlers::SpyHandler,6.0,1,1,1,7.0,0,15.0,2.0,4,1,19.0,8.0,4.75,9.0,7.0,2.25,10.0,7.0,2.5,52.4286,17.5188,0
pde,org::eclipse::pde::internal::ui::editor::cheatsheet::comp::CompCSPage,21.0,15,2,28,48.0,0,95.0,8.0,10,3,120.0,29.0,12.0,75.0,48.0,7.5,45.0,29.0,4.5,99.2857,26.8655,0
pde,org::eclipse::pde::internal::ui::templates::osgi::HelloOSGiServiceNewWizard,3.0,2,6,3,6.0,0,10.0,3.0,2,2,3.0,3.0,1.5,4.0,4.0,2.0,-1.0,0.0,-0.5,95.5714,58.5714,0
pde,org::eclipse::pde::internal::ui::wizards::exports::ProductDestinationGroup,16.0,5,3,10,26.0,0,84.0,5.0,10,3,273.0,125.0,27.3,33.0,24.0,3.3,240.0,125.0,24.0,140.0,5.87075,1
pde,org::eclipse::pde::internal::ui::search::FindReferencesAction,12.0,7,2,3,31.0,0,38.0,3.0,21,9,92.0,16.0,4.38095,82.0,31.0,3.90476,10.0,10.0,0.47619,305.0,143.0,0
pde,org::eclipse::pde::internal::ui::wizards::exports::FeatureExportWizard,15.0,17,3,21,54.0,0,84.0,7.0,67,8,659.0,107.0,9.83582,575.0,182.0,8.58209,84.0,88.0,1.25373,297.571,58.0098,1
pde,org::eclipse::pde::internal::ui::elements::ElementLabelProvider,5.0,2,1,3,7.0,1,15.0,3.0,6,6,34.0,17.0,5.66667,26.0,15.0,4.33333,8.0,6.0,1.33333,335.286,200.097,0
pde,org::eclipse::pde::internal::core::util::PDEXMLHelper,35.0,19,1,66,59.0,0,138.0,12.0,7,4,90.0,44.0,12.8571,14.0,13.0,2.0,76.0,44.0,10.8571,116.143,52.9079,0
pde,org::eclipse::pde::internal::ui::editor::ModelDataTransfer,10.0,15,1,15,21.0,0,62.0,6.0,11,7,46.0,13.0,4.18182,41.0,18.0,3.72727,5.0,4.0,0.454545,335.286,155.776,0
pde,org::eclipse::pde::internal::core::ModelProviderEvent,9.0,5,1,15,6.0,0,22.0,6.0,8,6,52.0,31.0,6.5,45.0,31.0,5.625,7.0,6.0,0.875,335.286,217.591,0
pde,org::eclipse::pde::internal::ui::properties::CompilersPropertyPage,13.0,2,1,36,38.0,0,75.0,9.0,15,5,180.0,85.0,12.0,234.0,118.0,15.6,-54.0,4.0,-3.6,201.0,150.579,0
pde,org::eclipse::pde::internal::ui::launcher::RunWorkbenchAction,1.0,2,1,0,4.0,0,9.0,1.0,7,5,17.0,7.0,2.42857,18.0,9.0,2.57143,-1.0,1.0,-0.142857,227.857,115.252,0
pde,org::eclipse::pde::internal::ui::preferences::EditorPreferencePage,8.0,6,1,28,32.0,0,70.0,8.0,38,7,902.0,276.0,23.7368,838.0,303.0,22.0526,64.0,224.0,1.68421,326.571,168.697,1
pde,org::eclipse::pde::internal::core::build::BuildModel,10.0,14,4,6,28.0,2,41.0,4.0,14,7,137.0,61.0,9.78571,123.0,51.0,8.78571,14.0,10.0,1.0,335.286,106.508,0
pde,org::eclipse::pde::internal::ui::views::dependencies::CalleesContentProvider,16.0,3,3,3,20.0,2,47.0,3.0,7,2,119.0,52.0,17.0,54.0,21.0,7.71429,65.0,31.0,9.28571,108.143,38.0936,0
pde,org::eclipse::pde::internal::ui::editor::schema::SchemaPreviewLauncher,6.0,3,1,1,14.0,0,46.0,2.0,3,3,40.0,37.0,13.3333,8.0,8.0,2.66667,32.0,37.0,10.6667,70.0,2.82143,0
pde,org::eclipse::pde::internal::ui::tests::macro::MacroPlugin,6.0,15,1,15,18.0,0,43.0,6.0,4,3,39.0,28.0,9.75,37.0,28.0,9.25,2.0,2.0,0.5,183.857,124.077,0
pde,org::eclipse::pde::internal::ui::editor::contentassist::TypeContentProposal,8.0,3,1,21,8.0,0,27.0,7.0,2,2,7.0,7.0,3.5,8.0,8.0,4.0,-1.0,0.0,-0.5,94.4286,60.2857,0
pde,org::eclipse::pde::internal::ui::correction::RemoveExportPackageResolution,5.0,3,3,6,9.0,0,16.0,4.0,4,3,16.0,10.0,4.0,9.0,8.0,2.25,7.0,10.0,1.75,150.429,52.0982,0
pde,org::eclipse::pde::internal::ui::correction::RemoveBuildEntryResolution,6.0,3,3,3,8.0,0,20.0,3.0,4,2,11.0,10.0,2.75,5.0,4.0,1.25,6.0,10.0,1.5,130.857,11.9091,0
pde,org::eclipse::pde::internal::ui::editor::product::BrandingPage,4.0,7,2,6,15.0,0,24.0,4.0,24,7,112.0,34.0,4.66667,66.0,19.0,2.75,46.0,34.0,1.91667,189.571,44.4732,0
pde,org::eclipse::pde::internal::ui::editor::plugin::ManifestOutlinePage,19.0,7,3,3,19.0,0,37.0,3.0,13,5,68.0,18.0,5.23077,63.0,16.0,4.84615,5.0,18.0,0.384615,227.429,53.8655,0
pde,org::eclipse::pde::internal::ui::parts::ComboPart,32.0,16,1,120,47.0,2,92.0,16.0,18,5,131.0,28.0,7.27778,55.0,20.0,3.05556,76.0,18.0,4.22222,227.429,109.435,1
pde,org::eclipse::pde::ui::templates::RadioChoiceOption,16.0,6,4,15,30.0,0,72.0,6.0,6,2,48.0,17.0,8.0,30.0,14.0,5.0,18.0,17.0,3.0,137.143,17.2708,0
pde,org::eclipse::pde::internal::core::PDEClasspathContainer,32.0,12,1,36,68.0,1,97.0,9.0,35,6,406.0,112.0,11.6,253.0,46.0,7.22857,153.0,68.0,4.37143,225.286,65.3638,0
pde,org::eclipse::pde::internal::ui::launcher::LaunchArgumentsHelper,75.0,28,1,120,156.0,0,280.0,16.0,33,5,796.0,225.0,24.1212,232.0,80.0,7.0303,564.0,225.0,17.0909,155.714,30.9934,1
pde,org::eclipse::pde::internal::ui::wizards::imports::PluginImportWizard,28.0,11,1,55,60.0,0,115.0,11.0,53,8,603.0,82.0,11.3774,585.0,93.0,11.0377,18.0,53.0,0.339623,335.286,140.258,1
pde,org::eclipse::pde::internal::core::product::ProductPlugin,7.0,4,3,10,12.0,0,19.0,5.0,12,5,42.0,10.0,3.5,38.0,13.0,3.16667,4.0,10.0,0.333333,191.143,54.4354,1
pde,org::eclipse::pde::internal::ui::compare::PluginStructureCreator,35.0,12,1,105,65.0,0,152.0,15.0,5,4,43.0,26.0,8.6,45.0,37.0,9.0,-2.0,7.0,-0.4,59.0,20.4917,0
pde,org::eclipse::pde::internal::ui::editor::ctxhelp::details::CtxHelpTopicDetails,16.0,11,4,55,56.0,0,95.0,11.0,1,1,0.0,0.0,0.0,0.0,0.0,0.0,0.0,0.0,0.0,33.4286,0.0,0
pde,org::eclipse::pde::internal::ui::wizards::plugin::NewLibraryPluginCreationPage,41.0,11,1,153,94.0,0,296.0,18.0,31,5,352.0,94.0,11.3548,259.0,68.0,8.35484,93.0,84.0,3.0,182.0,103.049,1
pde,org::eclipse::pde::internal::core::PluginModelManager,142.0,48,1,528,274.0,0,504.0,33.0,137,9,2209.0,577.0,16.1241,1461.0,416.0,10.6642,748.0,161.0,5.45985,335.286,182.492,1
pde,org::eclipse::pde::internal::ui::correction::RemoveSeperatorBuildEntryResolution,3.0,4,3,3,8.0,0,13.0,3.0,4,2,11.0,10.0,2.75,5.0,4.0,1.25,6.0,10.0,1.5,130.857,11.9091,0
pde,org::eclipse::pde::internal::ui::nls::ExternalizeStringsWizardPage,57.0,20,1,171,135.0,0,378.0,19.0,34,4,1678.0,563.0,49.3529,567.0,132.0,16.6765,1111.0,563.0,32.6765,154.857,9.12728,0
pde,org::eclipse::pde::internal::ui::editor::product::ProductInfoSection,42.0,23,3,276,174.0,0,325.0,24.0,49,7,935.0,148.0,19.0816,398.0,101.0,8.12245,537.0,143.0,10.9592,189.571,84.8982,1
pde,org::eclipse::pde::internal::core::schema::SchemaType,5.0,2,1,10,5.0,2,16.0,5.0,11,7,50.0,18.0,4.54545,33.0,16.0,3.0,17.0,7.0,1.54545,335.286,166.054,0
pde,org::eclipse::pde::internal::ui::PixelConverter,3.0,0,1,3,7.0,0,12.0,3.0,1,1,0.0,0.0,0.0,0.0,0.0,0.0,0.0,0.0,0.0,21.0,0.0,0
pde,org::eclipse::pde::internal::core::text::bundle::BundleVendorHeader,3.0,4,5,3,5.0,0,9.0,3.0,4,2,64.0,31.0,16.0,2.0,2.0,0.5,62.0,31.0,15.5,151.0,3.79688,0
pde,org::eclipse::pde::internal::ui::editor::contentassist::display::BrowserInformationControl,55.0,10,1,300,77.0,0,230.0,25.0,6,3,132.0,118.0,22.0,168.0,148.0,28.0,-36.0,2.0,-6.0,110.857,70.2013,1
pde,org::eclipse::pde::internal::core::build::WorkspaceBuildModel,14.0,26,5,78,35.0,0,62.0,13.0,19,7,136.0,91.0,7.15789,131.0,99.0,6.89474,5.0,6.0,0.263158,335.286,127.958,1
pde,org::eclipse::pde::internal::core::schema::SchemaAttributeHandler,22.0,4,2,28,26.0,0,63.0,8.0,4,3,34.0,23.0,8.5,42.0,26.0,10.5,-8.0,0.0,-2.0,111.0,52.0588,0
pde,org::eclipse::pde::internal::ui::wizards::imports::PluginImportWizardDetailedPage,76.0,11,2,465,195.0,0,514.0,31.0,92,8,1806.0,254.0,19.6304,1584.0,500.0,17.2174,222.0,162.0,2.41304,335.286,128.619,1
pde,org::eclipse::pde::internal::ui::views::dependencies::DependenciesViewTreePage,9.0,4,2,10,17.0,0,38.0,5.0,6,2,55.0,35.0,9.16667,38.0,30.0,6.33333,17.0,34.0,2.83333,108.143,46.4416,0
pde,org::eclipse::pde::internal::ui::editor::text::AbstractHyperlink,4.0,0,1,6,4.0,6,13.0,4.0,3,2,12.0,10.0,4.0,2.0,2.0,0.666667,10.0,10.0,3.33333,118.0,57.4286,0
pde,org::eclipse::pde::internal::ui::commands::CommandComposerPart,29.0,8,1,231,45.0,0,115.0,22.0,15,4,174.0,36.0,11.6,117.0,44.0,7.8,57.0,30.0,3.8,104.286,23.7135,0
pde,org::eclipse::pde::internal::ui::editor::plugin::ExtensionLabelProvider,2.0,1,1,3,5.0,0,6.0,3.0,2,1,204.0,204.0,102.0,0.0,0.0,0.0,204.0,204.0,102.0,36.0,0.0,0
pde,org::eclipse::pde::internal::ui::editor::schema::SchemaEditor,35.0,19,3,210,67.0,0,152.0,21.0,47,7,675.0,135.0,14.3617,502.0,134.0,10.6809,173.0,65.0,3.68085,335.286,131.094,0
pde,org::eclipse::pde::internal::ui::correction::CreateManifestClassResolution,6.0,9,3,3,17.0,0,22.0,3.0,11,3,30.0,10.0,2.72727,19.0,5.0,1.72727,11.0,10.0,1.0,128.286,29.6762,0
pde,org::eclipse::pde::internal::ui::tests::macro::WaitCommand,11.0,2,2,15,17.0,0,42.0,6.0,7,3,38.0,15.0,5.42857,33.0,11.0,4.71429,5.0,8.0,0.714286,183.857,85.2707,0
pde,org::eclipse::pde::internal::ui::editor::schema::NewClassCreationWizard,17.0,3,2,3,23.0,0,62.0,3.0,7,3,164.0,63.0,23.4286,30.0,20.0,4.28571,134.0,59.0,19.1429,147.0,44.3206,0
pde,org::eclipse::pde::internal::core::BundleValidationOperation,11.0,2,1,10,16.0,0,35.0,5.0,3,2,12.0,11.0,4.0,26.0,14.0,8.66667,-14.0,0.0,-4.66667,77.4286,38.0238,0
pde,org::eclipse::pde::internal::core::target::Target,124.0,17,3,820,229.0,0,338.0,41.0,20,3,549.0,179.0,27.45,136.0,48.0,6.8,413.0,178.0,20.65,144.857,11.1283,0
pde,org::eclipse::ui::internal::views::log::Group,4.0,3,2,3,6.0,1,14.0,3.0,3,1,13.0,8.0,4.33333,5.0,4.0,1.66667,8.0,7.0,2.66667,40.5714,13.4615,0
pde,org::eclipse::ui::internal::views::log::LogEntry,62.0,12,2,231,87.0,0,220.0,22.0,5,1,75.0,43.0,15.0,87.0,38.0,17.4,-12.0,9.0,-2.4,49.4286,8.60762,0
pde,org::eclipse::pde::internal::ui::editor::feature::FeatureFormPage,12.0,11,2,66,79.0,0,163.0,12.0,19,8,387.0,254.0,20.3684,177.0,45.0,9.31579,210.0,218.0,11.0526,335.286,152.426,0
pde,org::eclipse::pde::internal::ui::search::PluginSearchResultPage,7.0,7,2,15,27.0,0,37.0,6.0,11,5,68.0,19.0,6.18182,44.0,27.0,4.0,24.0,10.0,2.18182,201.286,92.6323,0
pde,org::eclipse::pde::internal::ui::editor::target::TargetEditorContributor,1.0,0,2,0,1.0,0,3.0,1.0,2,2,1.0,1.0,0.5,2.0,2.0,1.0,-1.0,0.0,-0.5,144.857,110.714,0
pde,org::eclipse::pde::internal::ui::editor::contentassist::XMLContentAssistProcessor,177.0,29,2,595,234.0,0,588.0,35.0,35,5,2229.0,589.0,63.6857,794.0,236.0,22.6857,1435.0,589.0,41.0,114.857,13.3504,0
pde,org::eclipse::pde::internal::ui::tests::macro::RecordBlock,17.0,10,1,66,47.0,0,70.0,12.0,4,3,15.0,12.0,3.75,20.0,13.0,5.0,-5.0,0.0,-1.25,183.857,142.0,0
pde,org::eclipse::pde::internal::ui::editor::text::BundleHyperlink,2.0,1,3,1,3.0,0,6.0,2.0,1,1,0.0,0.0,0.0,0.0,0.0,0.0,0.0,0.0,0.0,118.0,0.0,0
pde,org::eclipse::pde::internal::ui::launcher::OSGiFrameworkManager,25.0,8,1,55,42.0,0,81.0,11.0,2,2,28.0,28.0,14.0,41.0,41.0,20.5,-13.0,0.0,-6.5,104.429,70.2857,0
pde,org::eclipse::pde::internal::ui::templates::PDETemplateMessages,0.0,0,1,0,0.0,0,0.0,0.0,7,5,48.0,15.0,6.85714,27.0,18.0,3.85714,21.0,14.0,3.0,95.5714,39.9375,0
pde,org::eclipse::pde::internal::ui::refactoring::RenamePluginWizard,2.0,2,1,1,4.0,0,8.0,2.0,3,1,6.0,4.0,2.0,7.0,5.0,2.33333,-1.0,0.0,-0.333333,79.8571,41.8095,0
pde,org::eclipse::pde::internal::ui::editor::build::BuildOutlinePage,8.0,7,3,3,10.0,0,23.0,3.0,12,6,65.0,29.0,5.41667,140.0,102.0,11.6667,-75.0,6.0,-6.25,335.286,116.965,0
pde,org::eclipse::pde::internal::ui::editor::ctxhelp::details::CtxHelpAbstractAddAction,7.0,5,1,10,11.0,3,27.0,5.0,1,1,0.0,0.0,0.0,0.0,0.0,0.0,0.0,0.0,0.0,33.4286,0.0,0
pde,org::eclipse::pde::internal::core::util::PDESchemaHelper,25.0,14,1,10,53.0,0,90.0,5.0,4,1,16.0,12.0,4.0,4.0,3.0,1.0,12.0,9.0,3.0,29.2857,2.33036,1
pde,org::eclipse::pde::internal::ui::preferences::ProjectSelectionDialog,8.0,4,1,10,25.0,0,84.0,5.0,3,1,4.0,3.0,1.33333,4.0,3.0,1.33333,0.0,0.0,0.0,21.0,0.571429,0
pde,org::eclipse::pde::internal::ui::wizards::exports::ProductExportWizard,29.0,21,2,36,86.0,0,115.0,9.0,28,6,218.0,48.0,7.78571,141.0,31.0,5.03571,77.0,39.0,2.75,182.286,46.6363,1
pde,org::eclipse::pde::internal::core::natures::FeatureProject,3.0,1,2,3,5.0,0,9.0,3.0,3,3,12.0,11.0,4.0,10.0,9.0,3.33333,2.0,2.0,0.666667,133.571,89.8214,0
pde,org::eclipse::pde::internal::ui::editor::PDEFormPage,97.0,145,1,465,124.0,28,358.0,31.0,44,9,1016.0,173.0,23.0909,650.0,181.0,14.7727,366.0,132.0,8.31818,335.286,175.332,0
pde,org::eclipse::pde::internal::ui::wizards::plugin::NewProjectCreationOperation,115.0,46,1,231,258.0,1,440.0,22.0,93,8,2671.0,725.0,28.7204,2481.0,421.0,26.6774,190.0,446.0,2.04301,239.0,60.0052,1
pde,org::eclipse::pde::internal::ui::wizards::feature::AbstractNewFeatureWizard,11.0,6,2,21,21.0,2,40.0,7.0,5,2,33.0,21.0,6.6,25.0,21.0,5.0,8.0,10.0,1.6,133.429,83.8874,0
pde,org::eclipse::pde::internal::core::text::cheatsheet::simple::SimpleCSObject,9.0,5,4,55,18.0,10,30.0,11.0,11,2,162.0,123.0,14.7273,188.0,123.0,17.0909,-26.0,123.0,-2.36364,59.2857,0.911816,0
pde,org::eclipse::pde::internal::ui::editor::SystemFileStorage,9.0,3,1,28,18.0,0,29.0,8.0,6,6,37.0,12.0,6.16667,24.0,15.0,4.0,13.0,10.0,2.16667,335.286,176.448,0
pde,org::eclipse::pde::internal::ui::editor::cheatsheet::simple::SimpleCSInputContextManager,3.0,2,2,1,4.0,0,7.0,2.0,1,1,0.0,0.0,0.0,0.0,0.0,0.0,0.0,0.0,0.0,105.857,0.0,0
pde,org::eclipse::pde::internal::core::text::DocumentObject,96.0,41,3,528,139.0,3,381.0,33.0,21,4,1462.0,332.0,69.619,605.0,232.0,28.8095,857.0,322.0,40.8095,59.2857,2.43336,0
pde,org::eclipse::pde::internal::ui::correction::RemoveNodeXMLResolution,8.0,8,3,3,15.0,0,27.0,3.0,6,2,39.0,22.0,6.5,36.0,23.0,6.0,3.0,10.0,0.5,129.429,15.5092,0
pde,org::eclipse::pde::internal::ui::editor::feature::DataDetailsSection,32.0,10,3,91,63.0,0,125.0,14.0,8,4,36.0,14.0,4.5,58.0,31.0,7.25,-22.0,2.0,-2.75,188.429,90.0079,0
pde,org::eclipse::pde::internal::ui::wizards::FolderSelectionDialog,10.0,2,1,15,23.0,0,54.0,6.0,12,6,60.0,19.0,5.0,55.0,31.0,4.58333,5.0,10.0,0.416667,246.571,148.738,0
pde,org::eclipse::pde::internal::ui::editor::cheatsheet::simple::NewCommandKeyEvent,3.0,2,1,3,3.0,0,11.0,3.0,2,2,2.0,2.0,1.0,2.0,2.0,1.0,0.0,0.0,0.0,70.2857,36.1429,0
pde,org::eclipse::pde::internal::core::text::ctxhelp::CtxHelpRoot,7.0,3,5,21,8.0,0,22.0,7.0,1,1,0.0,0.0,0.0,0.0,0.0,0.0,0.0,0.0,0.0,33.4286,0.0,0
pde,org::eclipse::pde::internal::ui::wizards::target::TargetDefinitionWizardPage,16.0,5,2,21,28.0,0,110.0,7.0,11,4,97.0,72.0,8.81818,112.0,79.0,10.1818,-15.0,10.0,-1.36364,136.286,82.3932,1
pde,org::eclipse::pde::internal::ui::editor::schema::SchemaRootElementDetails,10.0,7,4,10,31.0,0,92.0,5.0,27,5,324.0,97.0,12.0,98.0,16.0,3.62963,226.0,97.0,8.37037,146.857,24.6561,0
pde,org::eclipse::pde::internal::core::JavadocLocationManager,29.0,15,1,21,67.0,0,98.0,7.0,20,6,246.0,90.0,12.3,199.0,54.0,9.95,47.0,36.0,2.35,201.143,76.975,0
pde,org::eclipse::pde::internal::runtime::registry::RegistryBrowserLabelProvider,57.0,11,1,6,51.0,0,216.0,4.0,3,2,4.0,4.0,1.33333,0.0,0.0,0.0,4.0,4.0,1.33333,381.0,0.571429,0
pde,org::eclipse::pde::internal::ui::editor::text::ManifestTextHover,10.0,10,2,3,20.0,0,30.0,3.0,7,4,39.0,17.0,5.57143,13.0,8.0,1.85714,26.0,16.0,3.71429,106.286,26.7253,0
pde,org::eclipse::pde::internal::ui::nls::GetNonExternalizedStringsOperation,46.0,25,1,45,74.0,0,128.0,10.0,18,4,831.0,273.0,46.1667,411.0,121.0,22.8333,420.0,273.0,23.3333,154.0,15.4734,0
pde,org::eclipse::pde::internal::ui::editor::PDEMasterDetailsBlock,6.0,18,1,21,14.0,9,25.0,7.0,19,6,81.0,14.0,4.26316,94.0,40.0,4.94737,-13.0,10.0,-0.684211,227.429,104.247,0
pde,org::eclipse::pde::internal::ui::editor::schema::SchemaInputContext,20.0,12,4,55,52.0,0,106.0,11.0,16,7,95.0,26.0,5.9375,79.0,36.0,4.9375,16.0,15.0,1.0,227.429,107.445,0
pde,org::eclipse::pde::internal::ui::editor::StructuredViewerSection,39.0,33,3,465,61.0,2,150.0,31.0,24,6,374.0,86.0,15.5833,138.0,71.0,5.75,236.0,85.0,9.83333,335.286,253.672,0
pde,org::eclipse::pde::internal::ui::samples::SampleOperation,29.0,10,1,55,61.0,0,145.0,11.0,6,3,94.0,65.0,15.6667,123.0,113.0,20.5,-29.0,17.0,-4.83333,151.143,85.7128,0
pde,org::eclipse::pde::internal::ui::tests::macro::WizardCommandTarget,2.0,2,3,1,3.0,0,6.0,2.0,2,2,1.0,1.0,0.5,1.0,1.0,0.5,0.0,0.0,0.0,183.857,148.0,0
pde,org::eclipse::pde::internal::ui::editor::feature::InstallSection,18.0,10,3,45,50.0,0,109.0,10.0,8,4,50.0,14.0,6.25,61.0,20.0,7.625,-11.0,9.0,-1.375,188.429,58.5486,0
pde,org::eclipse::pde::internal::ui::launcher::PDESourceLookupDirector,44.0,9,1,45,72.0,0,151.0,10.0,9,3,278.0,198.0,30.8889,106.0,73.0,11.7778,172.0,197.0,19.1111,139.0,83.8114,1
pde,org::eclipse::pde::internal::core::variables::TargetHomeDynamicVariableResolver,1.0,1,1,0,2.0,0,3.0,1.0,4,3,5.0,2.0,1.25,7.0,4.0,1.75,-2.0,0.0,-0.5,125.286,63.4857,0
pde,org::eclipse::pde::internal::core::plugin::ExternalPluginModel,2.0,5,8,3,6.0,0,8.0,3.0,14,8,43.0,11.0,3.07143,34.0,17.0,2.42857,9.0,6.0,0.642857,335.286,122.744,0
pde,org::eclipse::pde::ui::templates::AbstractNewPluginTemplateWizard,16.0,21,4,55,36.0,2,63.0,11.0,47,7,521.0,140.0,11.0851,683.0,367.0,14.5319,-162.0,129.0,-3.44681,333.143,79.6743,0
pde,org::eclipse::pde::internal::ui::editor::cheatsheet::comp::actions::CompCSAddGroupAction,5.0,5,2,1,10.0,0,20.0,2.0,3,2,9.0,6.0,3.0,9.0,8.0,3.0,0.0,2.0,0.0,98.0,54.0952,0
pde,org::eclipse::pde::internal::ui::templates::rcp::HelloNonUIRCPNewWizard,2.0,2,6,1,5.0,0,7.0,2.0,2,2,2.0,2.0,1.0,2.0,2.0,1.0,0.0,0.0,0.0,95.5714,58.5714,0
pde,org::eclipse::pde::internal::core::builders::DependencyLoop,5.0,1,1,15,6.0,0,15.0,6.0,5,4,19.0,12.0,3.8,10.0,7.0,2.0,9.0,10.0,1.8,335.286,232.805,0
pde,org::eclipse::pde::internal::core::builders::JarManifestHeader,11.0,2,1,28,18.0,0,44.0,8.0,4,3,7.0,4.0,1.75,10.0,8.0,2.5,-3.0,1.0,-0.75,133.571,65.8163,0
pde,org::eclipse::pde::internal::ui::util::PluginContainmentAdapter,4.0,2,1,1,4.0,0,10.0,2.0,2,2,2.0,2.0,1.0,2.0,2.0,1.0,0.0,0.0,0.0,159.429,125.286,0
pde,org::eclipse::pde::internal::ui::editor::plugin::NewRuntimeLibraryDialog,8.0,4,1,21,19.0,0,55.0,7.0,12,7,85.0,20.0,7.08333,84.0,25.0,7.0,1.0,10.0,0.0833333,227.429,118.113,0
pde,org::eclipse::pde::internal::ui::parts::ComboViewerPart,18.0,1,1,78,36.0,0,57.0,13.0,1,1,0.0,0.0,0.0,0.0,0.0,0.0,0.0,0.0,0.0,26.8571,0.0,1
pde,org::eclipse::pde::internal::ui::editor::target::ImplicitDependenciesSection,45.0,22,5,231,128.0,0,197.0,22.0,12,4,127.0,80.0,10.5833,108.0,94.0,9.0,19.0,19.0,1.58333,139.286,80.3217,0
pde,org::eclipse::pde::internal::ui::editor::build::BuildUndoManager,23.0,7,2,21,35.0,0,87.0,7.0,6,4,20.0,7.0,3.33333,30.0,21.0,5.0,-10.0,4.0,-1.66667,227.429,111.421,0
pde,org::eclipse::pde::internal::ui::editor::PDESection,17.0,84,2,91,29.0,39,50.0,14.0,17,7,95.0,20.0,5.58824,63.0,12.0,3.70588,32.0,19.0,1.88235,227.429,113.765,0
pde,org::eclipse::pde::internal::ui::wizards::ctxhelp::NewCtxHelpWizard,5.0,3,1,10,15.0,0,27.0,5.0,1,1,0.0,0.0,0.0,0.0,0.0,0.0,0.0,0.0,0.0,33.1429,0.0,0
pde,org::eclipse::pde::internal::core::WorkspaceFeatureModelManager,17.0,6,3,28,37.0,0,45.0,8.0,8,4,178.0,78.0,22.25,23.0,15.0,2.875,155.0,78.0,19.375,92.5714,7.98234,0
pde,org::eclipse::pde::internal::ui::compare::ManifestContentMergeViewer,10.0,6,1,15,16.0,0,27.0,6.0,6,3,37.0,13.0,6.16667,17.0,11.0,2.83333,20.0,10.0,3.33333,144.429,39.1313,0
pde,org::eclipse::pde::internal::ui::wizards::cheatsheet::RegisterCompCSWizardPage,3.0,3,2,3,5.0,0,9.0,3.0,3,2,15.0,14.0,5.0,1.0,1.0,0.333333,14.0,14.0,4.66667,97.4286,5.55238,0
pde,org::eclipse::pde::internal::core::PDEStateHelper,5.0,2,1,0,9.0,0,10.0,1.0,20,6,179.0,54.0,8.95,324.0,138.0,16.2,-145.0,45.0,-7.25,233.143,83.8404,0
pde,org::eclipse::pde::internal::ui::editor::schema::NewRestrictionDialog,5.0,0,1,10,9.0,0,22.0,5.0,7,3,114.0,44.0,16.2857,14.0,13.0,2.0,100.0,44.0,14.2857,146.857,19.4298,0
pde,org::eclipse::pde::internal::ui::editor::actions::OpenSchemaAction,23.0,11,1,28,50.0,0,124.0,8.0,8,3,235.0,183.0,29.375,52.0,31.0,6.5,183.0,174.0,22.875,95.0,8.67599,0
pde,org::eclipse::pde::internal::core::cheatsheet::comp::CompCSModelFactory,8.0,8,1,28,15.0,0,24.0,8.0,2,2,2.0,2.0,1.0,2.0,2.0,1.0,0.0,0.0,0.0,102.0,65.8571,0
pde,org::eclipse::pde::internal::ui::editor::toc::TocEditorContributor,2.0,0,3,1,2.0,0,6.0,2.0,5,3,37.0,11.0,7.4,2.0,2.0,0.4,35.0,11.0,7.0,61.1429,12.8764,0
pde,org::eclipse::pde::internal::ui::tests::macro::AbstractStructuredCommand,47.0,14,2,120,81.0,2,155.0,16.0,6,3,94.0,70.0,15.6667,81.0,70.0,13.5,13.0,9.0,2.16667,183.857,122.023,0
pde,org::eclipse::pde::internal::ui::editor::feature::PluginReference,14.0,6,1,45,20.0,0,40.0,10.0,10,6,64.0,44.0,6.4,50.0,35.0,5.0,14.0,9.0,1.4,335.286,236.132,0
pde,org::eclipse::pde::internal::ui::wizards::target::NewTargetDefinitionWizard,10.0,6,1,28,25.0,0,40.0,8.0,4,3,33.0,14.0,8.25,12.0,12.0,3.0,21.0,14.0,5.25,136.286,50.1775,1
pde,org::eclipse::pde::internal::ui::launcher::ApplicationSelectionDialog,10.0,3,1,15,19.0,0,52.0,6.0,13,5,78.0,17.0,6.0,51.0,23.0,3.92308,27.0,10.0,2.07692,207.429,100.982,0
pde,org::eclipse::pde::internal::ui::editor::text::SchemaHyperlink,3.0,1,2,1,4.0,0,8.0,2.0,1,1,0.0,0.0,0.0,0.0,0.0,0.0,0.0,0.0,0.0,118.0,0.0,0
pde,org::eclipse::pde::ui::templates::ChoiceOption,20.0,4,3,36,41.0,0,88.0,9.0,15,6,126.0,36.0,8.4,106.0,36.0,7.06667,20.0,36.0,1.33333,333.143,110.753,0
pde,org::eclipse::pde::internal::ui::wizards::BaseWizardSelectionPage,7.0,6,1,15,15.0,3,26.0,6.0,11,7,79.0,35.0,7.18182,60.0,33.0,5.45455,19.0,6.0,1.72727,335.286,130.618,0
pde,org::eclipse::pde::internal::ui::templates::rcp::MailTemplate,26.0,13,5,153,108.0,0,240.0,18.0,7,4,137.0,130.0,19.5714,137.0,133.0,19.5714,0.0,3.0,0.0,95.5714,56.7842,0
pde,org::eclipse::pde::internal::core::schema::SchemaObject,12.0,25,2,45,21.0,6,46.0,10.0,20,7,138.0,56.0,6.9,184.0,90.0,9.2,-46.0,8.0,-2.3,335.286,115.211,0
pde,org::eclipse::pde::internal::ui::editor::toc::actions::TocAddLinkAction,3.0,5,2,1,10.0,0,14.0,2.0,6,2,85.0,40.0,14.1667,9.0,5.0,1.5,76.0,40.0,12.6667,61.1429,2.33613,0
pde,org::eclipse::pde::internal::ui::samples::ShowSampleAction,17.0,6,1,28,40.0,0,110.0,8.0,9,4,65.0,43.0,7.22222,69.0,53.0,7.66667,-4.0,7.0,-0.444444,151.143,86.5341,0
pde,org::eclipse::pde::internal::ui::elements::DefaultElement,4.0,0,1,6,4.0,1,12.0,4.0,9,7,33.0,15.0,3.66667,27.0,12.0,3.0,6.0,6.0,0.666667,335.286,188.078,0
pde,org::eclipse::pde::internal::ui::wizards::cheatsheet::NewSimpleCSFileWizard,2.0,2,2,1,5.0,0,7.0,2.0,2,2,2.0,2.0,1.0,3.0,3.0,1.5,-1.0,0.0,-0.5,98.0,63.8571,0
pde,org::eclipse::pde::internal::core::bundle::WorkspaceBundlePluginModel,3.0,4,9,3,6.0,0,11.0,3.0,2,2,3.0,3.0,1.5,3.0,3.0,1.5,0.0,0.0,0.0,105.857,69.7143,0
pde,org::eclipse::pde::internal::core::bundle::Bundle,15.0,9,2,36,34.0,0,44.0,9.0,2,1,0.0,0.0,0.0,0.0,0.0,0.0,0.0,0.0,0.0,258.571,0.0,0
pde,org::eclipse::pde::internal::ui::wizards::toc::TocHTMLWizard,6.0,4,1,10,13.0,1,37.0,5.0,2,2,31.0,31.0,15.5,32.0,32.0,16.0,-1.0,0.0,-0.5,55.1429,21.0,0
pde,org::eclipse::pde::internal::ui::wizards::product::ProductIntroWizard,10.0,7,1,15,30.0,0,50.0,6.0,3,2,12.0,11.0,4.0,21.0,20.0,7.0,-9.0,0.0,-3.0,158.286,113.893,1
pde,org::eclipse::pde::internal::core::UpdateManagerHelper,13.0,13,1,6,45.0,0,63.0,4.0,3,2,24.0,23.0,8.0,46.0,45.0,15.3333,-22.0,0.0,-7.33333,84.8571,46.6964,0
pde,org::eclipse::pde::internal::ui::editor::plugin::ExtensionsSection,257.0,44,5,1540,440.0,0,1087.0,56.0,80,9,2065.0,553.0,25.8125,1302.0,409.0,16.275,763.0,545.0,9.5375,227.429,146.08,1
pde,org::eclipse::pde::internal::core::schema::SchemaElementReference,69.0,16,3,666,81.0,0,189.0,37.0,22,8,386.0,175.0,17.5455,265.0,150.0,12.0455,121.0,31.0,5.5,335.286,93.1862,0
pde,org::eclipse::pde::internal::ui::search::dependencies::DependencyCalculator,33.0,5,1,36,36.0,0,84.0,9.0,2,1,21.0,21.0,10.5,28.0,28.0,14.0,-7.0,0.0,-3.5,76.2857,42.1429,0
pde,org::eclipse::pde::internal::core::natures::BaseProject,16.0,6,1,28,26.0,3,72.0,8.0,3,3,5.0,4.0,1.66667,10.0,9.0,3.33333,-5.0,0.0,-1.66667,133.571,79.1714,0
pde,org::eclipse::pde::internal::ui::editor::feature::OpenReferenceAction,10.0,10,1,3,17.0,0,35.0,3.0,20,6,157.0,43.0,7.85,138.0,31.0,6.9,19.0,16.0,0.95,335.286,143.175,0
pde,org::eclipse::pde::internal::ui::tests::macro::IndexPage,12.0,3,1,10,14.0,0,66.0,5.0,2,2,19.0,19.0,9.5,20.0,20.0,10.0,-1.0,0.0,-0.5,183.857,148.0,0
pde,org::eclipse::pde::internal::ui::editor::cheatsheet::simple::SimpleCSFormOutlinePage,14.0,8,3,10,20.0,0,41.0,5.0,6,2,25.0,17.0,4.16667,31.0,22.0,5.16667,-6.0,1.0,-1.0,104.143,52.24,0
pde,org::eclipse::pde::internal::core::cheatsheet::comp::CompCSIntro,3.0,2,5,3,4.0,0,10.0,3.0,1,1,0.0,0.0,0.0,0.0,0.0,0.0,0.0,0.0,0.0,102.0,0.0,0
pde,org::eclipse::pde::internal::ui::wizards::ctxhelp::NewCtxHelpWizardPage,3.0,1,2,3,5.0,0,15.0,3.0,1,1,0.0,0.0,0.0,0.0,0.0,0.0,0.0,0.0,0.0,33.1429,0.0,0
pde,org::eclipse::pde::internal::core::BundleManifestSourceLocationManager,34.0,8,1,36,73.0,0,127.0,9.0,3,2,219.0,160.0,73.0,92.0,59.0,30.6667,127.0,127.0,42.3333,41.1429,2.70385,1
pde,org::eclipse::pde::internal::ui::tests::macro::StopAction,11.0,3,1,28,24.0,0,33.0,8.0,4,3,6.0,3.0,1.5,10.0,4.0,2.5,-4.0,0.0,-1.0,183.857,133.0,0
pde,org::eclipse::pde::ui::templates::OptionTemplateWizardPage,8.0,4,1,3,14.0,0,32.0,3.0,23,7,152.0,37.0,6.6087,105.0,25.0,4.56522,47.0,27.0,2.04348,333.286,63.688,0
pde,org::eclipse::pde::internal::ui::wizards::tools::UpdateClasspathAction,6.0,6,1,6,31.0,0,62.0,4.0,22,6,140.0,55.0,6.36364,192.0,75.0,8.72727,-52.0,20.0,-2.36364,240.714,65.802,0
pde,org::eclipse::pde::internal::ui::editor::ModelUndoManager,40.0,6,1,231,66.0,4,139.0,22.0,18,7,113.0,52.0,6.27778,117.0,49.0,6.5,-4.0,4.0,-0.222222,335.286,194.853,0
pde,org::eclipse::pde::internal::core::text::plugin::FragmentNode,22.0,2,5,28,34.0,0,58.0,8.0,6,3,226.0,103.0,37.6667,13.0,11.0,2.16667,213.0,103.0,35.5,151.143,9.64855,0
pde,org::eclipse::pde::internal::ui::preferences::PreferenceInitializer,1.0,2,1,0,4.0,0,7.0,1.0,14,4,25.0,10.0,1.78571,17.0,4.0,1.21429,8.0,10.0,0.571429,205.571,61.2229,0
pde,org::eclipse::pde::internal::ui::views::dependencies::OpenDependenciesAction,11.0,2,1,10,13.0,0,30.0,5.0,5,2,10.0,6.0,2.0,27.0,17.0,5.4,-17.0,0.0,-3.4,108.143,56.7714,0
pde,org::eclipse::ui::internal::views::log::AbstractEntry,11.0,6,1,55,18.0,2,33.0,11.0,3,1,49.0,41.0,16.3333,28.0,19.0,9.33333,21.0,22.0,7.0,40.5714,0.795918,0
pde,org::eclipse::pde::internal::core::text::bundle::BundleActivationPolicyHeader,6.0,3,6,6,9.0,0,14.0,4.0,1,1,0.0,0.0,0.0,0.0,0.0,0.0,0.0,0.0,0.0,34.2857,0.0,0
pde,org::eclipse::pde::internal::ui::editor::build::BinSection,29.0,7,6,10,54.0,0,98.0,5.0,23,5,397.0,109.0,17.2609,418.0,109.0,18.1739,-21.0,66.0,-0.913043,263.429,47.1749,0
pde,org::eclipse::pde::internal::ui::editor::contentassist::TypeContentProposalProvider,18.0,6,2,28,35.0,0,101.0,8.0,2,2,35.0,35.0,17.5,48.0,48.0,24.0,-13.0,0.0,-6.5,94.4286,60.2857,0
pde,org::eclipse::pde::internal::ui::editor::text::XMLConfiguration,41.0,15,2,120,52.0,1,109.0,16.0,23,4,163.0,34.0,7.08696,127.0,54.0,5.52174,36.0,25.0,1.56522,148.429,48.9246,0
pde,org::eclipse::pde::internal::ui::wizards::product::ProductIntroOperation,46.0,21,2,120,122.0,0,238.0,16.0,16,3,148.0,50.0,9.25,282.0,84.0,17.625,-134.0,47.0,-8.375,158.286,38.2403,1
pde,org::eclipse::ui::internal::views::log::LogViewContentProvider,9.0,2,1,28,12.0,0,25.0,8.0,4,1,27.0,13.0,6.75,16.0,14.0,4.0,11.0,13.0,2.75,49.4286,7.41799,0
pde,org::eclipse::pde::internal::core::builders::PluginRebuilder,19.0,4,1,21,39.0,0,65.0,7.0,5,3,20.0,10.0,4.0,24.0,13.0,4.8,-4.0,2.0,-0.8,70.2857,17.4214,0
pde,org::eclipse::pde::internal::ui::wizards::extension::ExtensionEditorWizard,5.0,5,1,10,21.0,0,27.0,5.0,8,6,20.0,6.0,2.5,25.0,10.0,3.125,-5.0,2.0,-0.625,227.0,86.3571,0
pde,org::eclipse::pde::internal::ui::views::dependencies::DependenciesLabelProvider,40.0,14,1,10,46.0,0,106.0,5.0,7,2,83.0,30.0,11.8571,43.0,33.0,6.14286,40.0,29.0,5.71429,108.143,44.6747,0
pde,org::eclipse::pde::internal::ui::launcher::ConfigurationAreaBlock,14.0,3,2,28,22.0,0,85.0,8.0,17,4,293.0,116.0,17.2353,50.0,23.0,2.94118,243.0,116.0,14.2941,156.429,17.4651,0
pde,org::eclipse::pde::internal::ui::editor::schema::SchemaIncludesSection,43.0,24,5,105,117.0,0,176.0,15.0,23,4,680.0,237.0,29.5652,186.0,95.0,8.08696,494.0,237.0,21.4783,146.857,6.12353,1
pde,org::eclipse::pde::internal::ui::wizards::toc::TocHTMLOperation,3.0,6,1,3,14.0,0,89.0,3.0,4,2,35.0,19.0,8.75,37.0,26.0,9.25,-2.0,5.0,-0.5,55.1429,11.4,0
pde,org::eclipse::pde::internal::core::XMLDefaultHandler,27.0,16,1,78,50.0,0,76.0,13.0,20,4,108.0,22.0,5.4,185.0,67.0,9.25,-77.0,10.0,-3.85,251.286,126.934,0
pde,org::eclipse::pde::internal::core::feature::VersionableObject,7.0,7,4,10,14.0,2,23.0,5.0,14,7,48.0,11.0,3.42857,36.0,8.0,2.57143,12.0,8.0,0.857143,335.286,100.851,0
pde,org::eclipse::pde::internal::core::target::TargetModel,14.0,12,4,45,30.0,1,53.0,10.0,4,3,8.0,4.0,2.0,11.0,8.0,2.75,-3.0,2.0,-0.75,144.857,53.4107,1
pde,org::eclipse::pde::internal::core::builders::ManifestErrorReporter,38.0,15,2,120,87.0,3,122.0,16.0,9,3,55.0,27.0,6.11111,61.0,38.0,6.77778,-6.0,3.0,-0.666667,133.571,57.3299,0
pde,org::eclipse::pde::internal::ui::editor::actions::FormatOperation,10.0,8,1,10,23.0,0,46.0,5.0,3,2,31.0,17.0,10.3333,35.0,31.0,11.6667,-4.0,10.0,-1.33333,110.143,58.7097,0
pde,org::eclipse::pde::internal::ui::editor::product::LauncherSection,68.0,23,3,378,199.0,0,374.0,28.0,52,6,1277.0,257.0,24.5577,780.0,192.0,15.0,497.0,255.0,9.55769,189.286,41.6796,0
pde,org::eclipse::pde::internal::ui::nls::StringHelper,48.0,8,1,15,49.0,0,156.0,6.0,10,4,127.0,49.0,12.7,81.0,31.0,8.1,46.0,22.0,4.6,154.0,90.6063,0
pde,org::eclipse::pde::internal::core::builders::BundleErrorReporter,286.0,22,3,1485,494.0,0,945.0,55.0,72,4,1919.0,391.0,26.6528,2193.0,584.0,30.4583,-274.0,70.0,-3.80556,133.571,38.463,0
pde,org::eclipse::pde::internal::core::DependencyManager,29.0,12,1,10,47.0,0,79.0,5.0,6,3,75.0,38.0,12.5,39.0,18.0,6.5,36.0,24.0,6.0,104.429,41.0876,1
pde,org::eclipse::pde::internal::ui::templates::rcp::MailNewWizard,2.0,2,6,1,5.0,0,7.0,2.0,2,2,2.0,2.0,1.0,2.0,2.0,1.0,0.0,0.0,0.0,95.5714,58.5714,0
pde,org::eclipse::pde::internal::ui::wizards::WizardListSelectionPage,21.0,5,2,78,40.0,2,109.0,13.0,19,7,251.0,136.0,13.2105,211.0,127.0,11.1053,40.0,21.0,2.10526,335.286,127.428,0
pde,org::eclipse::pde::internal::ui::editor::TableSection,9.0,22,4,36,12.0,22,23.0,9.0,16,7,150.0,28.0,9.375,66.0,22.0,4.125,84.0,26.0,5.25,335.286,184.894,0
pde,org::eclipse::pde::internal::ui::editor::cheatsheet::comp::CompCSFileValidator,8.0,2,1,10,15.0,0,31.0,5.0,6,2,13.0,6.0,2.16667,104.0,85.0,17.3333,-91.0,1.0,-15.1667,98.0,43.8022,0
pde,org::eclipse::pde::internal::ui::editor::cheatsheet::simple::details::SimpleCSCommandDetails,49.0,17,5,171,105.0,0,396.0,19.0,23,4,610.0,185.0,26.5217,358.0,140.0,15.5652,252.0,84.0,10.9565,104.143,26.034,0
pde,org::eclipse::pde::internal::ui::commands::QueryControl,4.0,2,1,28,16.0,2,28.0,8.0,4,2,16.0,10.0,4.0,18.0,12.0,4.5,-2.0,0.0,-0.5,104.857,47.3393,0
pde,org::eclipse::pde::internal::ui::commands::QueryByTag,8.0,3,2,15,18.0,0,39.0,6.0,4,2,14.0,9.0,3.5,16.0,11.0,4.0,-2.0,0.0,-0.5,104.857,49.0102,0
pde,org::eclipse::pde::internal::ui::editor::product::ProductInputContextManager,3.0,2,2,1,4.0,0,7.0,2.0,3,3,11.0,10.0,3.66667,2.0,2.0,0.666667,9.0,10.0,3.0,189.571,18.1558,0
pde,org::eclipse::pde::internal::core::util::VersionUtil,33.0,19,1,28,40.0,0,97.0,8.0,6,3,54.0,14.0,9.0,30.0,18.0,5.0,24.0,13.0,4.0,111.857,63.4286,0
pde,org::eclipse::pde::internal::ui::wizards::cheatsheet::CompCSCreationOperation,5.0,12,2,10,37.0,0,65.0,5.0,6,3,74.0,35.0,12.3333,65.0,31.0,10.8333,9.0,19.0,1.5,98.8571,23.8263,0
pde,org::eclipse::pde::internal::ui::editor::schema::SchemaIdentifierAttributeDetails,13.0,13,5,10,33.0,0,165.0,5.0,5,1,7.0,2.0,1.4,16.0,14.0,3.2,-9.0,2.0,-1.8,29.2857,1.02041,0
pde,org::eclipse::pde::internal::ui::correction::AddNewExtensionResolution,3.0,6,2,3,13.0,0,25.0,3.0,1,1,0.0,0.0,0.0,0.0,0.0,0.0,0.0,0.0,0.0,28.4286,0.0,0
pde,org::eclipse::pde::internal::ui::launcher::EquinoxInitializer,22.0,8,2,28,70.0,0,92.0,8.0,8,2,57.0,25.0,7.125,52.0,33.0,6.5,5.0,9.0,0.625,104.429,48.3183,1
pde,org::eclipse::pde::internal::ui::commands::QueryByObjectSelection,14.0,2,2,15,21.0,0,70.0,6.0,4,2,29.0,24.0,7.25,40.0,35.0,10.0,-11.0,0.0,-2.75,104.857,60.2364,0
pde,org::eclipse::pde::internal::ui::commands::CommandList,13.0,8,1,28,35.0,0,118.0,8.0,16,4,277.0,48.0,17.3125,186.0,68.0,11.625,91.0,24.0,5.6875,104.857,14.4332,0
pde,org::eclipse::pde::internal::core::builders::CompilerFlags,6.0,11,1,6,13.0,0,21.0,4.0,13,3,82.0,40.0,6.30769,204.0,159.0,15.6923,-122.0,5.0,-9.38461,133.571,97.2857,0
pde,org::eclipse::pde::internal::ui::correction::AddActivationHeaderResolution,9.0,5,3,3,18.0,0,33.0,3.0,1,1,0.0,0.0,0.0,0.0,0.0,0.0,0.0,0.0,0.0,33.0,0.0,0
pde,org::eclipse::pde::internal::ui::wizards::RequiredPluginsContainerPage,17.0,3,1,36,26.0,0,80.0,9.0,35,8,386.0,132.0,11.0286,357.0,136.0,10.2,29.0,82.0,0.828571,313.571,65.3164,0
pde,org::eclipse::pde::internal::ui::search::AbstractSearchResultPage,8.0,2,1,21,14.0,2,20.0,7.0,7,4,35.0,12.0,5.0,26.0,19.0,3.71429,9.0,10.0,1.28571,201.286,89.0939,0
pde,org::eclipse::pde::internal::ui::editor::PDEOutlinePage,3.0,0,1,1,4.0,2,22.0,2.0,6,4,40.0,11.0,6.66667,44.0,29.0,7.33333,-4.0,11.0,-0.666667,127.429,22.9786,0
pde,org::eclipse::pde::internal::ui::refactoring::RenameExtensionPointWizard,6.0,2,1,1,4.0,0,20.0,2.0,3,1,14.0,10.0,4.66667,4.0,4.0,1.33333,10.0,10.0,3.33333,45.8571,5.4898,0
pde,org::eclipse::pde::internal::core::plugin::ExternalPluginModelBase,20.0,9,7,66,37.0,2,57.0,12.0,35,8,185.0,28.0,5.28571,178.0,34.0,5.08571,7.0,20.0,0.2,335.286,138.999,0
pde,org::eclipse::pde::internal::ui::util::PDEModelUtility,101.0,49,1,210,156.0,0,351.0,21.0,17,4,615.0,162.0,36.1765,302.0,123.0,17.7647,313.0,98.0,18.4118,127.0,39.7285,1
pde,org::eclipse::pde::internal::ui::wizards::product::ProductFileWizardPage,28.0,7,2,36,49.0,0,134.0,9.0,5,3,40.0,37.0,8.0,66.0,47.0,13.2,-26.0,0.0,-5.2,83.0,46.0071,0
pde,org::eclipse::pde::internal::core::feature::AbstractFeatureModel,20.0,16,5,55,37.0,2,71.0,11.0,29,8,122.0,17.0,4.2069,91.0,19.0,3.13793,31.0,8.0,1.06897,335.286,134.643,0
pde,org::eclipse::pde::internal::ui::search::dependencies::JavaEditorOpener,8.0,1,1,1,11.0,0,31.0,2.0,6,4,34.0,13.0,5.66667,25.0,11.0,4.16667,9.0,10.0,1.5,201.286,77.9706,0
pde,org::eclipse::pde::internal::core::schema::SchemaEnumeration,5.0,4,3,1,8.0,0,19.0,2.0,11,6,50.0,19.0,4.54545,39.0,18.0,3.54545,11.0,6.0,1.0,335.286,112.38,0
pde,org::eclipse::pde::internal::ui::editor::plugin::AbstractPluginElementDetails,2.0,3,3,1,2.0,3,6.0,2.0,2,2,1.0,1.0,0.5,1.0,1.0,0.5,0.0,0.0,0.0,83.4286,49.2857,0
pde,org::eclipse::pde::internal::ui::wizards::extension::NewExtensionRegistryReader,50.0,9,1,55,72.0,0,169.0,11.0,17,7,300.0,196.0,17.6471,266.0,161.0,15.6471,34.0,35.0,2.0,335.286,137.041,0
pde,org::eclipse::pde::internal::ui::editor::text::XMLUtil,38.0,24,1,36,81.0,0,116.0,9.0,14,5,378.0,120.0,27.0,133.0,64.0,9.5,245.0,117.0,17.5,117.143,24.0718,0
pde,org::eclipse::pde::internal::ui::wizards::feature::AbstractFeatureSpecPage,34.0,7,1,253,57.0,2,113.0,23.0,6,3,40.0,30.0,6.66667,38.0,32.0,6.33333,2.0,4.0,0.333333,133.429,75.775,0
pde,org::eclipse::pde::internal::core::product::LauncherInfo,43.0,6,3,153,95.0,0,138.0,18.0,16,5,117.0,38.0,7.3125,114.0,38.0,7.125,3.0,15.0,0.1875,188.429,27.619,0
pde,org::eclipse::pde::internal::ui::editor::feature::PortabilityChoicesDialog,16.0,13,1,28,39.0,0,79.0,8.0,20,7,76.0,20.0,3.8,91.0,29.0,4.55,-15.0,8.0,-0.75,335.286,145.662,0
pde,org::eclipse::pde::internal::core::text::ctxhelp::CtxHelpDocumentFactory,17.0,12,2,66,33.0,0,51.0,12.0,1,1,0.0,0.0,0.0,0.0,0.0,0.0,0.0,0.0,0.0,33.4286,0.0,0
pde,org::eclipse::pde::internal::ui::editor::plugin::PluginLauncherFormPageHelper,4.0,3,1,6,6.0,0,11.0,4.0,2,2,5.0,5.0,2.5,1.0,1.0,0.5,4.0,4.0,2.0,56.1429,22.0,0
pde,org::eclipse::pde::internal::ui::editor::feature::FeatureUndoManager,34.0,7,2,21,41.0,0,105.0,7.0,10,5,127.0,56.0,12.7,140.0,47.0,14.0,-13.0,9.0,-1.3,331.429,156.585,0
pde,org::eclipse::pde::internal::core::target::TargetFeature,9.0,5,3,21,14.0,0,27.0,7.0,5,3,25.0,13.0,5.0,13.0,11.0,2.6,12.0,12.0,2.4,144.0,16.8286,0
pde,org::eclipse::pde::internal::core::builders::ValidatingSAXParser,4.0,2,1,1,9.0,0,23.0,2.0,4,4,8.0,5.0,2.0,8.0,6.0,2.0,0.0,1.0,0.0,133.571,71.0536,0
pde,org::eclipse::pde::internal::ui::launcher::PDESourceLookupQuery,35.0,5,1,55,52.0,0,111.0,11.0,11,3,186.0,51.0,16.9091,260.0,132.0,23.6364,-74.0,20.0,-6.72727,137.429,50.4654,1
pde,org::eclipse::pde::internal::ui::editor::product::ProductExportAction,2.0,5,1,1,7.0,0,11.0,2.0,11,5,59.0,19.0,5.36364,87.0,65.0,7.90909,-28.0,10.0,-2.54545,188.143,41.908,0
pde,org::eclipse::pde::internal::core::PreferenceInitializer,2.0,5,1,0,15.0,0,46.0,1.0,11,4,73.0,33.0,6.63636,36.0,13.0,3.27273,37.0,31.0,3.36364,132.286,83.9785,1
pde,org::eclipse::pde::internal::ui::templates::ide::HelpTemplate,53.0,12,5,78,93.0,0,134.0,13.0,2,2,43.0,43.0,21.5,79.0,79.0,39.5,-36.0,0.0,-18.0,95.5714,58.5714,0
pde,org::eclipse::pde::internal::ui::preferences::TargetImplicitPluginsTab,33.0,12,1,105,109.0,0,196.0,15.0,16,4,675.0,267.0,42.1875,143.0,64.0,8.9375,532.0,267.0,33.25,140.0,8.5219,1
pde,org::eclipse::pde::internal::ui::editor::product::SplashLocationSection,18.0,16,3,78,66.0,0,101.0,13.0,3,2,30.0,29.0,10.0,39.0,38.0,13.0,-9.0,0.0,-3.0,77.1429,41.9429,0
pde,org::eclipse::pde::internal::ui::editor::schema::SchemaJavaAttributeDetails,28.0,17,5,36,80.0,0,149.0,9.0,2,2,24.0,24.0,12.0,38.0,38.0,19.0,-14.0,0.0,-7.0,60.1429,26.0,1
pde,org::eclipse::pde::internal::ui::wizards::imports::PluginImportFinishDialog,9.0,2,1,21,15.0,0,43.0,7.0,4,2,13.0,6.0,3.25,3.0,2.0,0.75,10.0,6.0,2.5,35.4286,19.8242,0
pde,org::eclipse::pde::internal::ui::wizards::plugin::NewLibraryPluginCreationUpdateRefPage,16.0,12,1,15,43.0,0,76.0,6.0,3,2,24.0,24.0,8.0,59.0,38.0,19.6667,-35.0,0.0,-11.6667,36.1429,0.285714,0
pde,org::eclipse::pde::internal::ui::editor::site::SynchronizePropertiesAction,2.0,3,1,1,7.0,0,10.0,2.0,7,5,16.0,6.0,2.28571,19.0,6.0,2.71429,-3.0,1.0,-0.428571,194.0,94.9018,0
pde,org::eclipse::pde::internal::core::search::PluginSearchInput,10.0,8,1,55,11.0,0,30.0,11.0,9,5,58.0,27.0,6.44444,29.0,13.0,3.22222,29.0,27.0,3.22222,306.143,80.4951,0
pde,org::eclipse::pde::internal::runtime::registry::RegistryBrowserListener,80.0,9,1,105,101.0,0,292.0,15.0,6,3,203.0,139.0,33.8333,157.0,139.0,26.1667,46.0,35.0,7.66667,43.0,12.1203,0
pde,org::eclipse::pde::ui::templates::BaseOptionTemplateSection,27.0,34,2,105,44.0,1,85.0,15.0,25,8,438.0,158.0,17.52,320.0,134.0,12.8,118.0,92.0,4.72,333.143,109.664,0
pde,org::eclipse::pde::internal::ui::launcher::LaunchConfigurationHelper,94.0,27,1,105,204.0,0,307.0,15.0,51,5,1363.0,341.0,26.7255,596.0,81.0,11.6863,767.0,341.0,15.0392,155.714,34.2068,1
pde,org::eclipse::pde::internal::ui::wizards::plugin::NewProjectCreationPage,38.0,9,1,55,68.0,0,202.0,11.0,52,6,734.0,92.0,14.1154,603.0,112.0,11.5962,131.0,67.0,2.51923,222.0,104.653,1
pde,org::eclipse::pde::internal::ui::PDELabelProvider,101.0,35,2,66,122.0,2,316.0,12.0,107,9,1479.0,149.0,13.8224,685.0,219.0,6.40187,794.0,76.0,7.42056,335.286,188.27,1
pde,org::eclipse::pde::internal::ui::editor::site::SiteFeatureAdapter,14.0,8,1,6,14.0,0,30.0,4.0,9,4,65.0,28.0,7.22222,20.0,6.0,2.22222,45.0,25.0,5.0,241.714,60.5824,0
pde,org::eclipse::pde::internal::ui::wizards::provisioner::FileSystemProvisionerWizard,4.0,2,3,6,9.0,0,17.0,4.0,9,3,174.0,114.0,19.3333,98.0,89.0,10.8889,76.0,114.0,8.44444,92.8571,1.97455,0
pde,org::eclipse::pde::internal::runtime::spy::sections::ActiveWizardSection,3.0,4,1,1,15.0,0,38.0,2.0,6,1,20.0,9.0,3.33333,35.0,17.0,5.83333,-15.0,3.0,-2.5,52.2857,11.0,0
pde,org::eclipse::pde::internal::ui::editor::schema::ElementSectionDropAdapter,21.0,3,1,6,13.0,0,37.0,4.0,11,6,79.0,42.0,7.18182,62.0,18.0,5.63636,17.0,27.0,1.54545,303.571,141.966,0
pde,org::eclipse::pde::internal::ui::wizards::feature::PatchSpecPage,28.0,7,2,105,51.0,0,162.0,15.0,30,5,381.0,149.0,12.7,243.0,70.0,8.1,138.0,79.0,4.6,226.571,65.7754,1
pde,org::eclipse::pde::internal::ui::editor::cheatsheet::comp::CompCSFormOutlinePage,13.0,8,3,10,19.0,0,39.0,5.0,4,2,17.0,13.0,4.25,24.0,18.0,6.0,-7.0,0.0,-1.75,97.4286,48.7479,0
pde,org::eclipse::pde::internal::core::util::PDEHTMLHelper,21.0,5,1,1,16.0,0,67.0,2.0,2,2,8.0,8.0,4.0,8.0,8.0,4.0,0.0,0.0,0.0,111.0,74.8571,0
pde,org::eclipse::pde::internal::ui::search::dependencies::DependencyExtentSearchResult,16.0,2,2,45,21.0,0,55.0,10.0,9,3,45.0,20.0,5.0,52.0,29.0,5.77778,-7.0,10.0,-0.777778,201.286,66.8889,0
pde,org::eclipse::pde::internal::ui::wizards::extension::ExtensionTreeSelectionPage,6.0,2,3,6,5.0,0,30.0,4.0,10,6,39.0,12.0,3.9,34.0,12.0,3.4,5.0,5.0,0.5,227.0,92.3993,0
pde,org::eclipse::pde::internal::core::site::SiteModelFactory,7.0,8,1,21,16.0,0,39.0,7.0,7,6,26.0,10.0,3.71429,15.0,8.0,2.14286,11.0,10.0,1.57143,302.571,102.753,0
pde,org::eclipse::pde::internal::ui::search::PluginSearchOperation,30.0,13,1,36,62.0,0,84.0,9.0,7,4,59.0,21.0,8.42857,69.0,41.0,9.85714,-10.0,6.0,-1.42857,201.286,77.1598,0
pde,org::eclipse::pde::ui::launcher::PluginsTab,19.0,5,2,45,34.0,0,84.0,10.0,23,4,1167.0,803.0,50.7391,810.0,687.0,35.2174,357.0,803.0,15.5217,156.571,7.45758,1
pde,org::eclipse::pde::internal::ui::editor::feature::IncludedFeaturesPortabilitySection,54.0,11,3,231,107.0,0,276.0,22.0,7,4,82.0,44.0,11.7143,124.0,75.0,17.7143,-42.0,5.0,-6.0,188.429,97.1533,0
pde,org::eclipse::pde::internal::core::converter::PDEPluginConverter,7.0,3,1,1,23.0,0,33.0,2.0,11,3,38.0,12.0,3.45455,147.0,53.0,13.3636,-109.0,2.0,-9.90909,106.0,39.1053,0
pde,org::eclipse::pde::internal::ui::wizards::provisioner::AddTargetPluginsWizard,19.0,7,2,21,42.0,0,85.0,7.0,13,2,271.0,107.0,20.8462,39.0,25.0,3.0,232.0,107.0,17.8462,92.8571,8.30575,0
pde,org::eclipse::pde::internal::ui::refactoring::ManifestTypeRenameParticipant,8.0,4,2,6,26.0,0,37.0,4.0,7,2,51.0,24.0,7.28571,70.0,45.0,10.0,-19.0,14.0,-2.71429,158.286,23.1317,0
pde,org::eclipse::pde::internal::core::bundle::BundleModel,21.0,12,4,21,53.0,1,71.0,7.0,2,1,0.0,0.0,0.0,0.0,0.0,0.0,0.0,0.0,0.0,258.571,0.0,0
pde,org::eclipse::pde::internal::ui::editor::product::JRESection,32.0,18,3,120,101.0,0,250.0,16.0,20,3,530.0,105.0,26.5,411.0,93.0,20.55,119.0,37.0,5.95,84.5714,30.0156,0
pde,org::eclipse::pde::internal::ui::correction::AddNewExtensionPointResolution,3.0,5,2,3,13.0,0,25.0,3.0,1,1,0.0,0.0,0.0,0.0,0.0,0.0,0.0,0.0,0.0,28.4286,0.0,0
pde,org::eclipse::pde::internal::core::ExternalJavaSearchClasspathContainer,5.0,3,1,10,9.0,0,20.0,5.0,13,6,70.0,21.0,5.38462,45.0,20.0,3.46154,25.0,16.0,1.92308,225.286,73.3408,0
pde,org::eclipse::pde::internal::ui::templates::ide::HelloWorldNewWizard,3.0,2,6,3,6.0,0,10.0,3.0,2,2,2.0,2.0,1.0,2.0,2.0,1.0,0.0,0.0,0.0,95.5714,58.5714,0
pde,org::eclipse::pde::internal::core::product::ProductModel,14.0,12,4,45,30.0,1,53.0,10.0,7,4,40.0,13.0,5.71429,39.0,23.0,5.57143,1.0,10.0,0.142857,191.143,48.3429,0
pde,org::eclipse::pde::internal::ui::editor::cheatsheet::CSAbstractDetails,14.0,14,3,120,31.0,8,50.0,16.0,9,2,44.0,18.0,4.88889,65.0,29.0,7.22222,-21.0,12.0,-2.33333,99.2857,40.9416,0
pde,org::eclipse::pde::internal::ui::editor::plugin::BundleSourcePage,89.0,28,4,435,150.0,0,349.0,30.0,41,6,1334.0,311.0,32.5366,565.0,263.0,13.7805,769.0,294.0,18.7561,227.429,131.568,1
pde,org::eclipse::pde::internal::core::bundle::BundleFragmentModel,3.0,6,8,6,7.0,0,11.0,4.0,8,4,22.0,10.0,2.75,23.0,12.0,2.875,-1.0,10.0,-0.125,227.429,54.9675,0
pde,org::eclipse::pde::internal::ui::wizards::imports::JarImportOperation,101.0,7,1,190,218.0,1,370.0,20.0,11,2,889.0,310.0,80.8182,100.0,78.0,9.09091,789.0,310.0,71.7273,176.571,40.8758,0
pde,org::eclipse::pde::internal::core::cheatsheet::comp::CompCSWorkspaceModel,17.0,8,5,66,39.0,0,84.0,12.0,6,3,55.0,23.0,9.16667,32.0,20.0,5.33333,23.0,21.0,3.83333,102.0,43.9558,0
pde,org::eclipse::pde::internal::core::variables::TargetWSVariableResolver,1.0,1,1,0,2.0,0,3.0,1.0,2,2,1.0,1.0,0.5,2.0,2.0,1.0,-1.0,0.0,-0.5,69.0,32.8571,0
pde,org::eclipse::pde::internal::ui::templates::ide::PerspectiveTemplate,15.0,12,5,66,40.0,0,85.0,12.0,4,3,46.0,34.0,11.5,66.0,64.0,16.5,-20.0,10.0,-5.0,95.5714,52.0186,0
pde,org::eclipse::pde::internal::ui::editor::plugin::rows::ResourceAttributeRow,26.0,8,5,28,50.0,0,96.0,8.0,16,5,160.0,42.0,10.0,96.0,45.0,6.0,64.0,30.0,4.0,227.429,107.09,0
pde,org::eclipse::pde::internal::runtime::spy::sections::ActiveSelectionSection,4.0,3,1,1,14.0,0,37.0,2.0,5,1,13.0,6.0,2.6,34.0,26.0,6.8,-21.0,3.0,-4.2,52.2857,11.9231,0
pde,org::eclipse::pde::internal::ui::editor::text::ManifestPartitionScanner,1.0,3,1,0,7.0,0,10.0,1.0,6,3,27.0,15.0,4.5,18.0,12.0,3.0,9.0,11.0,1.5,147.571,38.5979,0
pde,org::eclipse::pde::internal::ui::correction::AddExportPackageMarkerResolution,9.0,8,3,6,16.0,0,31.0,4.0,4,2,19.0,13.0,4.75,12.0,10.0,3.0,7.0,12.0,1.75,89.1429,18.3383,0
pde,org::eclipse::pde::internal::ui::wizards::extension::PointSelectionPage,53.0,35,2,153,132.0,0,402.0,18.0,85,9,1670.0,342.0,19.6471,1336.0,245.0,15.7176,334.0,144.0,3.92941,335.286,136.951,0
pde,org::eclipse::pde::internal::core::text::DocumentHandler,65.0,17,1,253,140.0,2,250.0,23.0,26,5,724.0,238.0,27.8462,153.0,71.0,5.88462,571.0,238.0,21.9615,151.143,24.0201,0
pde,org::eclipse::pde::internal::core::builders::FeatureConsistencyChecker,13.0,7,1,6,23.0,0,40.0,4.0,10,5,100.0,68.0,10.0,156.0,121.0,15.6,-56.0,0.0,-5.6,335.286,176.006,1
pde,org::eclipse::pde::internal::ui::editor::EmptyOutlinePage,11.0,1,2,55,13.0,0,29.0,11.0,8,4,42.0,16.0,5.25,20.0,6.0,2.5,22.0,11.0,2.75,227.429,94.6599,0
pde,org::eclipse::pde::internal::ui::editor::product::LaunchingPage,4.0,7,2,6,15.0,0,23.0,4.0,9,4,31.0,12.0,3.44444,42.0,19.0,4.66667,-11.0,3.0,-1.22222,84.5714,14.0829,0
pde,org::eclipse::pde::internal::runtime::spy::sections::ActiveShellSection,2.0,3,1,1,10.0,0,27.0,2.0,6,1,13.0,5.0,2.16667,71.0,48.0,11.8333,-58.0,3.0,-9.66667,52.2857,13.1538,0
pde,org::eclipse::pde::internal::ui::wizards::plugin::NewLibraryPluginProjectWizard,12.0,10,2,21,37.0,0,83.0,7.0,9,5,75.0,44.0,8.33333,49.0,36.0,5.44444,26.0,39.0,2.88889,182.0,135.33,0
pde,org::eclipse::pde::internal::core::site::IdentifiableObject,8.0,5,3,15,15.0,1,26.0,6.0,13,7,43.0,11.0,3.30769,31.0,6.0,2.38462,12.0,6.0,0.923077,302.571,90.2492,0
pde,org::eclipse::pde::internal::ui::build::BuildPluginAction,3.0,5,2,0,16.0,0,23.0,1.0,29,6,91.0,15.0,3.13793,93.0,18.0,3.2069,-2.0,8.0,-0.0689655,240.714,86.9482,1
pde,org::eclipse::pde::internal::ui::editor::build::BuildEditor,33.0,12,3,231,61.0,0,116.0,22.0,23,8,147.0,38.0,6.3913,132.0,50.0,5.73913,15.0,15.0,0.652174,227.429,114.988,1
pde,org::eclipse::pde::ui::templates::TemplateField,5.0,9,1,15,9.0,1,18.0,6.0,12,6,109.0,42.0,9.08333,77.0,42.0,6.41667,32.0,42.0,2.66667,333.143,79.9371,0
pde,org::eclipse::pde::internal::core::builders::FeatureErrorReporter,137.0,14,3,171,273.0,0,355.0,19.0,7,4,90.0,67.0,12.8571,113.0,94.0,16.1429,-23.0,5.0,-3.28571,133.571,82.3413,1
pde,org::eclipse::pde::internal::core::plugin::PluginLibrary,46.0,15,3,171,87.0,0,152.0,19.0,40,9,442.0,203.0,11.05,356.0,121.0,8.9,86.0,82.0,2.15,335.286,115.056,0
pde,org::eclipse::pde::internal::ui::editor::target::TargetEditor,28.0,13,2,190,55.0,0,140.0,20.0,16,5,179.0,97.0,11.1875,51.0,41.0,3.1875,128.0,97.0,8.0,144.857,80.2315,0
pde,org::eclipse::pde::internal::core::bundle::BundlePluginModelBase,84.0,24,7,741,92.0,2,185.0,39.0,31,5,312.0,74.0,10.0645,269.0,53.0,8.67742,43.0,21.0,1.3871,227.429,73.7633,0
pde,org::eclipse::pde::internal::ui::editor::text::HTMLPrinter,34.0,6,1,136,58.0,0,142.0,17.0,8,4,335.0,221.0,41.875,175.0,65.0,21.875,160.0,169.0,20.0,110.857,20.8367,1
pde,org::eclipse::pde::internal::ui::editor::site::SynchronizePropertiesWizard,3.0,3,1,3,8.0,0,16.0,3.0,7,5,15.0,6.0,2.14286,18.0,5.0,2.57143,-3.0,1.0,-0.428571,194.0,90.5714,0
pde,org::eclipse::pde::internal::ui::wizards::exports::ExportOptionsTab,29.0,8,2,190,64.0,1,171.0,20.0,17,4,554.0,185.0,32.5882,130.0,82.0,7.64706,424.0,185.0,24.9412,140.0,20.6235,1
pde,org::eclipse::pde::internal::runtime::registry::ConfigurationAttributeAdapter,2.0,1,3,1,2.0,0,6.0,2.0,2,1,10.0,10.0,5.0,0.0,0.0,0.0,10.0,10.0,5.0,131.857,0.428571,0
pde,org::eclipse::pde::internal::ui::preferences::TargetPluginsTab,197.0,43,3,561,419.0,0,801.0,34.0,64,6,2814.0,491.0,43.9687,956.0,256.0,14.9375,1858.0,491.0,29.0313,149.143,29.6997,1
pde,org::eclipse::pde::internal::ui::editor::SystemFileEditorInput,14.0,23,1,66,28.0,0,38.0,12.0,10,7,39.0,14.0,3.9,27.0,8.0,2.7,12.0,6.0,1.2,335.286,176.245,0
pde,org::eclipse::pde::internal::core::schema::SchemaComplexType,25.0,10,2,66,53.0,0,83.0,12.0,18,7,177.0,74.0,9.83333,128.0,65.0,7.11111,49.0,25.0,2.72222,335.286,111.533,0
pde,org::eclipse::pde::internal::ui::correction::AbstractPDEMarkerResolution,5.0,2,1,15,11.0,9,21.0,6.0,20,3,413.0,112.0,20.65,373.0,223.0,18.65,40.0,112.0,2.0,152.0,24.4732,0
pde,org::eclipse::pde::internal::core::ant::FeatureExportTask,5.0,7,2,1,22.0,0,29.0,2.0,5,4,15.0,8.0,3.0,8.0,6.0,1.6,7.0,7.0,1.4,128.143,47.2,0
pde,org::eclipse::pde::internal::ui::editor::text::XMLScanner,8.0,3,2,6,14.0,0,27.0,4.0,16,7,145.0,24.0,9.0625,111.0,24.0,6.9375,34.0,21.0,2.125,241.0,84.1744,0
pde,org::eclipse::pde::internal::ui::correction::RemoveUnknownExecEnvironments,8.0,5,3,3,11.0,0,25.0,3.0,3,2,12.0,10.0,4.0,4.0,4.0,1.33333,8.0,10.0,2.66667,125.286,16.9762,0
pde,org::eclipse::pde::internal::ui::editor::site::PortabilitySection,50.0,11,3,231,106.0,0,272.0,22.0,9,4,159.0,75.0,17.6667,197.0,72.0,21.8889,-38.0,9.0,-4.22222,194.571,44.8239,0
pde,org::eclipse::pde::internal::ui::editor::build::BuildHyperlinkDetector,25.0,8,1,6,38.0,0,78.0,4.0,5,4,22.0,19.0,4.4,33.0,30.0,6.6,-11.0,0.0,-2.2,118.0,76.8896,0
pde,org::eclipse::pde::internal::core::plugin::PluginImport,51.0,19,4,120,93.0,0,187.0,16.0,36,9,337.0,80.0,9.36111,186.0,45.0,5.16667,151.0,65.0,4.19444,335.286,171.594,0
pde,org::eclipse::pde::internal::ui::editor::cheatsheet::comp::CompCSEditorContributor,1.0,0,2,0,1.0,0,3.0,1.0,4,2,22.0,21.0,5.5,22.0,21.0,5.5,0.0,21.0,0.0,99.2857,17.6104,0
pde,org::eclipse::pde::internal::ui::tests::macro::DefaultIndexHandler,2.0,2,1,1,4.0,0,15.0,2.0,2,2,4.0,4.0,2.0,4.0,4.0,2.0,0.0,0.0,0.0,183.857,148.0,0
pde,org::eclipse::pde::internal::ui::compare::PluginContentMergeViewerCreator,1.0,1,1,0,2.0,0,3.0,1.0,1,1,0.0,0.0,0.0,0.0,0.0,0.0,0.0,0.0,0.0,59.0,0.0,0
pde,org::eclipse::pde::internal::ui::wizards::plugin::PluginClassCodeGenerator,23.0,9,1,15,69.0,0,161.0,6.0,34,6,852.0,233.0,25.0588,806.0,226.0,23.7059,46.0,55.0,1.35294,240.714,29.4946,1
pde,org::eclipse::pde::internal::ui::util::FileExtensionFilter,8.0,7,1,1,6.0,0,23.0,2.0,7,4,41.0,10.0,5.85714,21.0,11.0,3.0,20.0,10.0,2.85714,188.429,58.5575,0
pde,org::eclipse::pde::internal::ui::editor::plugin::LibrarySection,158.0,36,5,780,342.0,0,677.0,40.0,49,9,1329.0,267.0,27.1224,976.0,327.0,19.9184,353.0,202.0,7.20408,227.429,119.445,0
pde,org::eclipse::pde::internal::ui::editor::KeyValueSourcePage,12.0,7,3,10,14.0,2,41.0,5.0,20,5,93.0,16.0,4.65,84.0,26.0,4.2,9.0,10.0,0.45,227.429,82.0061,0
pde,org::eclipse::pde::internal::ui::wizards::extension::NewSchemaFileWizard,9.0,2,1,15,17.0,0,33.0,6.0,12,7,86.0,28.0,7.16667,54.0,19.0,4.5,32.0,12.0,2.66667,335.286,109.752,0
pde,org::eclipse::pde::internal::core::text::AbstractEditingModel,55.0,56,4,595,83.0,3,153.0,35.0,16,4,658.0,279.0,41.125,48.0,37.0,3.0,610.0,279.0,38.125,151.143,13.6928,0
pde,org::eclipse::pde::internal::ui::editor::plugin::rows::IdAttributeRow,7.0,12,5,6,33.0,0,36.0,4.0,5,1,39.0,34.0,7.8,7.0,3.0,1.4,32.0,32.0,6.4,29.2857,8.90476,1
pde,org::eclipse::pde::internal::ui::properties::PluginDevelopmentPage,9.0,0,1,10,22.0,0,54.0,5.0,10,3,56.0,24.0,5.6,41.0,18.0,4.1,15.0,15.0,1.5,158.0,39.2934,0
pde,org::eclipse::pde::internal::core::plugin::PluginExtensionPoint,34.0,11,4,55,60.0,0,89.0,11.0,36,8,330.0,79.0,9.16667,241.0,67.0,6.69444,89.0,35.0,2.47222,335.286,157.189,1
pde,org::eclipse::pde::internal::ui::editor::feature::PortabilitySection,36.0,12,3,171,94.0,0,238.0,19.0,28,7,822.0,269.0,29.3571,787.0,332.0,28.1071,35.0,196.0,1.25,335.286,96.9082,0
pde,org::eclipse::pde::internal::ui::editor::cheatsheet::simple::SimpleCSHyperlinkDetector,11.0,8,2,1,19.0,0,50.0,2.0,4,2,9.0,4.0,2.25,10.0,5.0,2.5,-1.0,0.0,-0.25,56.4286,9.90476,0
pde,org::eclipse::pde::internal::ui::templates::rcp::ViewRCPNewWizard,2.0,2,6,1,5.0,0,7.0,2.0,2,2,2.0,2.0,1.0,2.0,2.0,1.0,0.0,0.0,0.0,95.5714,58.5714,0
pde,org::eclipse::pde::internal::ui::tests::macro::KeyCommand,7.0,3,2,10,18.0,0,39.0,5.0,5,3,18.0,8.0,3.6,15.0,9.0,3.0,3.0,5.0,0.6,183.857,93.6032,0
pde,org::eclipse::pde::internal::core::bundle::BundleObject,10.0,14,1,45,19.0,4,36.0,10.0,22,8,134.0,40.0,6.09091,88.0,39.0,4.0,46.0,36.0,2.09091,258.857,136.453,0
pde,org::eclipse::pde::internal::ui::refactoring::GeneralRenameIDWizardPage,10.0,4,1,21,25.0,1,55.0,7.0,3,1,22.0,12.0,7.33333,18.0,18.0,6.0,4.0,10.0,1.33333,45.8571,7.75325,0
pde,org::eclipse::pde::internal::core::text::toc::TocDocumentFactory,16.0,9,2,55,29.0,0,56.0,11.0,10,3,414.0,187.0,41.4,97.0,25.0,9.7,317.0,187.0,31.7,59.5714,1.77812,0
pde,org::eclipse::pde::internal::runtime::registry::ConfigurationElementAdapter,5.0,3,3,1,8.0,0,21.0,2.0,3,2,4.0,4.0,1.33333,0.0,0.0,0.0,4.0,4.0,1.33333,381.0,0.571429,0
pde,org::eclipse::pde::ui::launcher::OSGiLaunchShortcut,4.0,4,2,6,9.0,0,13.0,4.0,4,3,29.0,23.0,7.25,6.0,5.0,1.5,23.0,23.0,5.75,104.429,16.1872,1
pde,org::eclipse::pde::internal::ui::editor::context::UTF8InputContext,2.0,5,2,1,2.0,5,6.0,2.0,7,5,21.0,10.0,3.0,11.0,4.0,1.57143,10.0,10.0,1.42857,227.429,52.6327,0
pde,org::eclipse::pde::internal::core::PDECore,49.0,153,1,231,80.0,0,168.0,22.0,124,8,1505.0,238.0,12.1371,1597.0,287.0,12.879,-92.0,35.0,-0.741935,335.286,110.56,1
pde,org::eclipse::pde::internal::ui::wizards::tools::ConvertedProjectsPage,6.0,7,1,6,21.0,0,62.0,4.0,49,5,461.0,124.0,9.40816,584.0,223.0,11.9184,-123.0,112.0,-2.5102,240.714,102.725,0
pde,org::eclipse::pde::internal::ui::refactoring::ManifestPackageRenameParticipant,17.0,7,2,6,29.0,0,58.0,4.0,8,3,127.0,48.0,15.875,34.0,17.0,4.25,93.0,48.0,11.625,158.143,18.2104,0
pde,org::eclipse::pde::internal::ui::correction::AbstractXMLMarkerResolution,20.0,11,2,10,33.0,4,65.0,5.0,14,4,141.0,40.0,10.0714,107.0,33.0,7.64286,34.0,28.0,2.42857,129.429,22.9139,0
pde,org::eclipse::pde::internal::ui::editor::cheatsheet::comp::details::CompCSTaskGroupDetails,32.0,10,4,171,83.0,0,196.0,19.0,20,2,293.0,97.0,14.65,138.0,70.0,6.9,155.0,91.0,7.75,99.2857,22.1409,0
pde,org::eclipse::pde::internal::ui::editor::cheatsheet::comp::CompCSGroupValidator,13.0,6,1,10,25.0,0,50.0,5.0,2,2,17.0,17.0,8.5,31.0,31.0,15.5,-14.0,0.0,-7.0,98.0,63.8571,0
pde,org::eclipse::pde::core::plugin::PluginRegistry,6.0,36,1,15,24.0,0,18.0,6.0,3,2,13.0,9.0,4.33333,10.0,9.0,3.33333,3.0,3.0,1.0,85.2857,52.7033,0
pde,org::eclipse::pde::internal::core::site::SiteCategory,13.0,7,3,36,25.0,0,41.0,9.0,16,7,64.0,13.0,4.0,43.0,11.0,2.6875,21.0,10.0,1.3125,302.571,99.4174,0
pde,org::eclipse::pde::internal::ui::editor::text::ManifestElementHyperlink,4.0,3,2,3,10.0,2,15.0,3.0,4,2,13.0,10.0,3.25,20.0,19.0,5.0,-7.0,10.0,-1.75,118.0,46.5604,0
pde,org::eclipse::pde::internal::core::builders::ErrorReporter,14.0,5,1,36,24.0,2,66.0,9.0,5,3,35.0,11.0,7.0,28.0,12.0,5.6,7.0,10.0,1.4,133.571,47.2612,0
pde,org::eclipse::pde::internal::core::builders::DependencyLoopFinder,19.0,4,1,3,33.0,0,92.0,3.0,8,5,110.0,87.0,13.75,57.0,30.0,7.125,53.0,57.0,6.625,335.286,203.332,0
pde,org::eclipse::pde::internal::ui::templates::ide::EditorNewWizard,3.0,2,6,3,6.0,0,10.0,3.0,2,2,2.0,2.0,1.0,1.0,1.0,0.5,1.0,1.0,0.5,95.5714,58.5714,0
pde,org::eclipse::pde::internal::core::plugin::AbbreviatedPluginHandler,5.0,5,2,3,6.0,0,17.0,3.0,2,2,6.0,6.0,3.0,7.0,7.0,3.5,-1.0,0.0,-0.5,96.0,59.8571,0
